date_utc,open,high,low,close,volume,quote_asset_volume,number_of_trades,taker_buy_base_asset,taker_buy_quote_asset
04/19/2025 00:00,1588.6,1631.81,1585.01,1618.89,192287.8097,1745107199999.0,308449255.659447,1356320.0,104867.2787
04/18/2025 00:00,1583.63,1600.64,1573.54,1588.6,200409.0359,1745020799999.0,317931022.839473,889028.0,99073.5374
04/17/2025 00:00,1577.15,1616.96,1563.2,1583.62,449870.3628,1744934399999.0,716711483.143345,1871114.0,226961.4241
04/16/2025 00:00,1588.77,1613.66,1538.07,1577.14,611387.8686,1744847999999.0,965271509.893183,2645419.0,311107.7903
04/15/2025 00:00,1623.78,1661.21,1583.12,1588.78,476178.8915,1744761599999.0,774210116.710625,2283302.0,232389.8503
04/14/2025 00:00,1597.76,1691.5,1595.56,1623.77,645930.1419,1744675199999.0,1062426756.849636,2975844.0,332185.1295
04/13/2025 00:00,1644.19,1649.75,1562.01,1597.76,580136.6145,1744588799999.0,931598664.291855,2597350.0,281372.538
04/12/2025 00:00,1566.85,1669.59,1546.06,1644.18,501867.9033,1744502399999.0,813176435.313973,2177800.0,266899.4092
04/11/2025 00:00,1522.24,1591.47,1504.63,1566.85,578484.3183,1744415999999.0,901210974.608363,2547292.0,305707.1748
04/10/2025 00:00,1669.51,1669.85,1471.02,1522.25,911855.3934,1744329599999.0,1425649915.894919,3007121.0,454828.2592
04/09/2025 00:00,1473.41,1689.0,1385.05,1669.51,1968530.9138,1744243199999.0,2995077137.626647,4723847.0,990740.8363
04/08/2025 00:00,1553.04,1618.67,1441.3,1473.41,891846.1327,1744156799999.0,1361139288.977932,3369669.0,449628.1417
04/07/2025 00:00,1580.77,1639.0,1411.01,1553.04,2168796.0067,1744070399999.0,3314200223.327178,5723226.0,1076060.067
04/06/2025 00:00,1806.02,1817.0,1537.5,1580.76,979847.0958,1743983999999.0,1621420911.803542,3251935.0,453768.9316
04/05/2025 00:00,1816.88,1827.29,1764.39,1806.01,201716.2696,1743897599999.0,362822603.997079,861593.0,96425.6245
04/04/2025 00:00,1817.23,1835.68,1758.72,1816.87,572734.4702,1743811199999.0,1030518559.141754,2647730.0,277397.8197
04/03/2025 00:00,1795.21,1845.26,1750.0,1817.23,508075.018,1743724799999.0,912214691.840036,2579520.0,253462.4464
04/02/2025 00:00,1904.98,1957.0,1781.53,1795.22,750840.7823,1743638399999.0,1411539014.562126,3408080.0,364479.3767
04/01/2025 00:00,1822.43,1927.9,1817.88,1904.98,452989.0974,1743551999999.0,851190042.273377,2141608.0,227293.9134
03/31/2025 00:00,1807.74,1854.22,1776.75,1822.43,497854.9052,1743465599999.0,904456573.010415,2283021.0,248408.7865
03/30/2025 00:00,1828.09,1849.01,1767.69,1807.74,327843.4476,1743379199999.0,595676639.883548,1523210.0,164123.1476
03/29/2025 00:00,1896.9,1913.6,1797.2,1828.08,409769.7555,1743292799999.0,758545295.871779,1755638.0,199201.1398
03/28/2025 00:00,2003.67,2015.93,1860.0,1896.9,626167.5832,1743206399999.0,1197329354.058415,2245087.0,307332.2769
03/27/2025 00:00,2009.52,2037.38,1987.06,2003.66,360634.8383,1743119999999.0,726385594.534751,1394730.0,154040.2327
03/26/2025 00:00,2066.16,2079.21,1981.6,2009.52,428975.3286,1743033599999.0,872757205.466645,1468474.0,181445.0723
03/25/2025 00:00,2081.2,2097.7,2037.08,2066.15,328765.3292,1742947199999.0,678919919.780749,1398034.0,144848.2928
03/24/2025 00:00,2005.99,2104.11,1977.67,2081.2,477912.8154,1742860799999.0,985984215.594533,1804046.0,241987.6758
03/23/2025 00:00,1980.68,2020.74,1976.81,2005.99,268707.5233,1742774399999.0,537810044.752251,973880.0,141545.4057
03/22/2025 00:00,1965.74,2006.61,1964.34,1980.69,170782.9574,1742687999999.0,339679365.319319,833146.0,83417.243
03/21/2025 00:00,1983.79,1996.73,1937.1,1965.75,262641.659,1742601599999.0,516587945.858554,1470569.0,130673.0391
03/20/2025 00:00,2056.05,2067.9,1952.17,1983.79,401518.9282,1742515199999.0,800851703.937569,1885019.0,185718.3372
03/19/2025 00:00,1931.54,2069.9,1927.58,2056.06,691809.5034,1742428799999.0,1385193898.481618,2614680.0,338168.3696
03/18/2025 00:00,1926.3,1936.2,1872.31,1931.54,332896.0155,1742342399999.0,632109997.551311,1549810.0,156778.6707
03/17/2025 00:00,1887.01,1952.4,1879.98,1926.31,334840.4877,1742255999999.0,641484974.278307,1566024.0,166794.9782
03/16/2025 00:00,1937.18,1940.87,1860.38,1887.0,324766.6564,1742169599999.0,616620264.891675,1466585.0,147750.6179
03/15/2025 00:00,1911.64,1957.19,1903.75,1937.17,209545.8675,1742083199999.0,404571982.738394,884429.0,103183.2548
03/14/2025 00:00,1864.59,1945.64,1861.31,1911.65,375805.7355,1741996799999.0,718122712.753679,1728618.0,196808.7418
03/13/2025 00:00,1908.2,1923.09,1821.81,1864.59,569537.2622,1741910399999.0,1069629049.44307,2688683.0,276728.702
03/12/2025 00:00,1923.42,1960.0,1829.72,1908.2,788739.6763,1741823999999.0,1494384669.01818,3444921.0,399364.7041
03/11/2025 00:00,1865.11,1963.2,1754.28,1923.43,1171427.9995,1741737599999.0,2203451540.611388,4578427.0,576537.0793
03/10/2025 00:00,2020.43,2152.4,1810.01,1865.1,1248745.3514,1741651199999.0,2461512870.770777,5261040.0,617411.7094
03/09/2025 00:00,2203.57,2212.0,1989.66,2020.41,601671.5882,1741564799999.0,1249766628.544949,2791079.0,283406.499
03/08/2025 00:00,2141.6,2234.93,2105.06,2203.58,328793.0979,1741478399999.0,714743022.410347,2118806.0,165408.6608
03/07/2025 00:00,2202.21,2258.47,2101.82,2141.6,782387.2606,1741391999999.0,1698459492.23933,4452265.0,384442.6282
03/06/2025 00:00,2241.59,2319.99,2176.9,2202.2,596908.3935,1741305599999.0,1343407922.359188,3304973.0,304201.8256
03/05/2025 00:00,2171.5,2273.51,2155.03,2241.59,687130.7897,1741219199999.0,1514537132.807393,3480893.0,326604.0072
03/04/2025 00:00,2149.02,2221.88,1993.2,2171.51,1257822.3372,1741132799999.0,2634485208.259771,5856962.0,596181.03
03/03/2025 00:00,2518.12,2523.56,2097.91,2149.01,1109565.2003,1741046399999.0,2529346005.909485,4969357.0,510488.2652
03/02/2025 00:00,2217.4,2550.58,2172.04,2518.11,1266684.7748,1740959999999.0,3001215557.603687,4977392.0,627527.3017
03/01/2025 00:00,2237.59,2281.14,2142.73,2217.39,446430.7271,1740873599999.0,988941461.430361,2511839.0,209196.8605
02/28/2025 00:00,2307.72,2314.18,2076.26,2237.59,1291539.0557,1740787199999.0,2794546441.726884,5708556.0,625030.5287
02/27/2025 00:00,2336.38,2381.6,2230.57,2307.72,637583.9106,1740700799999.0,1480849324.540646,3906903.0,297736.9154
02/26/2025 00:00,2495.69,2507.5,2253.77,2336.37,863087.2133,1740614399999.0,2059160287.050773,5495972.0,408608.956
02/25/2025 00:00,2513.52,2533.49,2313.49,2495.7,1322016.8718,1740527999999.0,3207776114.782463,7076645.0,655424.217
02/24/2025 00:00,2819.7,2839.95,2470.33,2513.52,876876.3707,1740441599999.0,2334572148.661955,4737903.0,411575.6658
02/23/2025 00:00,2763.23,2857.34,2745.41,2819.69,611002.1222,1740355199999.0,1711849865.819046,2796506.0,321625.3377
02/22/2025 00:00,2663.0,2798.07,2653.33,2763.22,444989.6669,1740268799999.0,1214059511.899935,2597168.0,248387.7772
02/21/2025 00:00,2738.04,2845.32,2616.72,2663.0,890440.0604,1740182399999.0,2429306635.177234,3872201.0,428879.7345
02/20/2025 00:00,2715.51,2770.59,2707.18,2738.04,336735.2544,1740095999999.0,921476439.354937,2096063.0,170515.6667
02/19/2025 00:00,2672.0,2736.7,2656.03,2715.5,326154.0202,1740009599999.0,882047186.131933,2376004.0,163604.8767
02/18/2025 00:00,2744.05,2756.93,2605.44,2671.99,604863.8737,1739923199999.0,1616153629.018717,3898156.0,285508.8694
02/17/2025 00:00,2661.41,2849.7,2637.71,2744.05,639739.8197,1739836799999.0,1752388687.805609,3881592.0,329950.3751
02/16/2025 00:00,2693.04,2727.31,2651.26,2661.41,191231.5314,1739750399999.0,514482095.174283,1449884.0,89433.4055
02/15/2025 00:00,2725.95,2739.0,2662.28,2693.04,202971.4295,1739663999999.0,548554180.222323,1678502.0,90810.3179
02/14/2025 00:00,2675.87,2791.78,2664.46,2725.95,419895.7862,1739577599999.0,1142877818.043903,2645594.0,222908.7801
02/13/2025 00:00,2738.27,2757.28,2612.76,2675.87,443769.2853,1739491199999.0,1185301387.824423,3213834.0,217787.6458
02/12/2025 00:00,2602.59,2795.45,2546.92,2738.27,646295.8959,1739404799999.0,1705436939.533127,4190060.0,324858.6193
02/11/2025 00:00,2661.19,2725.04,2558.24,2602.59,484196.1435,1739318399999.0,1286091770.773805,2776008.0,226374.751
02/10/2025 00:00,2627.18,2693.79,2559.85,2661.19,398173.2716,1739231999999.0,1051708232.55688,2736600.0,195023.1915
02/09/2025 00:00,2632.46,2698.9,2520.02,2627.18,387166.7911,1739145599999.0,1016386052.050485,2319910.0,185314.8373
02/08/2025 00:00,2622.11,2667.3,2588.8,2632.46,379685.1509,1739059199999.0,996898803.984915,1865406.0,182406.1592
02/07/2025 00:00,2686.63,2797.5,2562.51,2622.1,695467.3612,1738972799999.0,1875060380.334312,3272698.0,327218.1388
02/06/2025 00:00,2788.25,2857.64,2655.28,2686.64,719459.9571,1738886399999.0,1981674881.322119,3805682.0,325809.3292
02/05/2025 00:00,2731.19,2826.95,2699.13,2788.25,686593.0429,1738799999999.0,1897054238.490223,3498289.0,327991.4256
02/04/2025 00:00,2879.89,2888.5,2632.6,2731.19,1259594.3919,1738713599999.0,3477670143.18934,4767588.0,602952.4706
02/03/2025 00:00,2869.68,2921.0,2125.01,2879.9,2807979.021,1738627199999.0,7325488963.974643,10550628.0,1344253.3318
02/02/2025 00:00,3117.54,3163.2,2750.71,2869.68,1050805.93,1738540799999.0,3131430738.391756,5974563.0,494989.1069
02/01/2025 00:00,3300.99,3331.98,3101.7,3117.54,354065.2525,1738454399999.0,1142845926.865901,2900696.0,170674.3585
01/31/2025 00:00,3247.38,3437.31,3213.8,3300.99,648681.6561,1738367999999.0,2158479814.331743,3802893.0,343645.0199
01/30/2025 00:00,3113.9,3283.43,3091.06,3247.39,350639.4823,1738281599999.0,1130886606.539682,2410789.0,180484.1307
01/29/2025 00:00,3077.72,3182.52,3054.06,3113.9,409737.2576,1738195199999.0,1278256645.74957,3277369.0,200807.9235
01/28/2025 00:00,3182.44,3223.01,3040.03,3077.72,350959.7173,1738108799999.0,1107001736.175005,2936974.0,170776.7271
01/27/2025 00:00,3232.61,3253.91,3020.01,3182.44,753004.7529,1738022399999.0,2349770569.706611,4888504.0,345284.5821
01/26/2025 00:00,3318.76,3362.0,3230.0,3232.61,272165.469,1737935999999.0,899291017.613374,1416325.0,116826.2789
01/25/2025 00:00,3310.1,3350.68,3268.66,3318.77,208559.0415,1737849599999.0,690383485.125444,1456638.0,98129.4498
01/24/2025 00:00,3338.22,3428.0,3275.9,3310.09,451524.2752,1737763199999.0,1519379297.690963,2793569.0,215008.0035
01/23/2025 00:00,3242.61,3347.97,3185.0,3338.21,605592.7225,1737676799999.0,1965307923.080547,3255920.0,303294.9418
01/22/2025 00:00,3327.55,3365.99,3222.85,3242.6,349240.7498,1737590399999.0,1150648371.196559,2187671.0,163482.76
01/21/2025 00:00,3283.99,3368.0,3204.6,3327.54,548706.0513,1737503999999.0,1802317579.667659,3752957.0,271093.6278
01/20/2025 00:00,3215.2,3453.69,3142.78,3284.0,1158354.7814,1737417599999.0,3830020315.131607,7137551.0,572672.7028
01/19/2025 00:00,3307.71,3448.99,3130.48,3215.12,1342301.5217,1737331199999.0,4408659681.01233,7064813.0,651932.4312
01/18/2025 00:00,3473.64,3494.39,3227.0,3307.71,634197.1281,1737244799999.0,2100633661.764419,3931387.0,309754.3291
01/17/2025 00:00,3308.04,3525.72,3307.5,3473.63,518550.1813,1737158399999.0,1773013467.309093,3165882.0,269301.5133
01/16/2025 00:00,3451.51,3460.79,3265.44,3308.05,471282.6787,1737071999999.0,1573512574.074851,2667507.0,227669.8721
01/15/2025 00:00,3225.63,3473.75,3186.36,3451.52,464188.034,1736985599999.0,1537407357.366771,2689488.0,233981.7183
01/14/2025 00:00,3137.51,3256.67,3125.65,3225.63,374308.4517,1736899199999.0,1197715520.899026,2446285.0,180843.3605
01/13/2025 00:00,3267.3,3339.0,2920.0,3137.51,845907.5669,1736812799999.0,2614824635.154439,4900248.0,410956.8014
01/12/2025 00:00,3282.83,3300.0,3224.49,3267.3,164879.9709,1736726399999.0,538751712.045787,1151908.0,78312.5332
01/11/2025 00:00,3267.05,3320.18,3217.56,3282.83,151679.7487,1736639999999.0,494933295.358262,1208777.0,74202.7876
01/10/2025 00:00,3219.2,3322.49,3193.97,3267.04,454142.1333,1736553599999.0,1482940591.671988,3199118.0,222519.1849
01/09/2025 00:00,3327.29,3357.27,3158.0,3219.2,501818.4247,1736467199999.0,1638958679.714368,3685889.0,237793.7346
01/08/2025 00:00,3381.31,3415.1,3208.2,3327.29,584749.9627,1736380799999.0,1944382187.656659,3766197.0,275577.2269
01/07/2025 00:00,3687.44,3700.86,3356.31,3381.31,541543.2874,1736294399999.0,1899318756.158016,3538701.0,254553.4502
01/06/2025 00:00,3636.0,3744.83,3610.63,3687.45,329642.3648,1736207999999.0,1210642823.302069,2753873.0,166824.6196
01/05/2025 00:00,3656.88,3675.25,3593.7,3635.99,155444.1741,1736121599999.0,564147572.800669,1461192.0,76901.3758
01/04/2025 00:00,3609.0,3671.6,3572.42,3656.88,229266.3133,1736035199999.0,829864804.859837,1567855.0,116823.1483
01/03/2025 00:00,3455.68,3630.0,3423.44,3609.01,334041.0604,1735948799999.0,1179953901.101814,2293811.0,169194.075
01/02/2025 00:00,3360.39,3509.99,3354.5,3455.67,338632.8874,1735862399999.0,1166286232.162882,2373075.0,169044.3627
01/01/2025 00:00,3337.78,3374.85,3313.88,3360.38,190238.5861,1735775999999.0,636613395.695965,1182219.0,99518.0217
12/31/2024 00:00,3361.83,3451.0,3315.59,3337.78,303053.1685,1735689599999.0,1024862944.046191,2021786.0,146510.7501
12/30/2024 00:00,3356.48,3437.59,3305.0,3361.84,420794.6476,1735603199999.0,1420731724.372564,2700666.0,215138.5269
12/29/2024 00:00,3404.01,3413.78,3326.17,3356.48,156256.8819,1735516799999.0,527250656.145704,1170497.0,74717.2883
12/28/2024 00:00,3333.51,3428.68,3322.23,3404.0,175963.613,1735430399999.0,592591876.178986,1445334.0,88404.9578
12/27/2024 00:00,3335.04,3444.16,3306.6,3333.51,342529.6038,1735343999999.0,1152635224.265439,3133395.0,171567.6704
12/26/2024 00:00,3497.0,3514.94,3304.63,3335.05,310170.1719,1735257599999.0,1047464157.032189,2543314.0,164346.2488
12/25/2024 00:00,3493.17,3547.95,3440.93,3497.0,219846.0452,1735171199999.0,766349902.713217,2133099.0,110386.2104
12/24/2024 00:00,3422.53,3539.65,3358.19,3493.18,315723.6763,1735084799999.0,1087476459.253163,2764397.0,158218.8988
12/23/2024 00:00,3281.83,3466.99,3216.97,3422.53,488253.41,1734998399999.0,1627069583.878682,4032824.0,251606.2172
12/22/2024 00:00,3338.92,3403.0,3221.1,3281.83,361920.2495,1734911999999.0,1201895225.016952,2546556.0,178324.6442
12/21/2024 00:00,3472.2,3555.18,3293.11,3338.92,475275.82,1734825599999.0,1627460721.692153,2732677.0,227433.379
12/20/2024 00:00,3417.01,3497.84,3101.9,3472.21,1332783.731,1734739199999.0,4421584295.580899,7029546.0,616548.6946
12/19/2024 00:00,3626.8,3720.0,3326.8,3417.01,1078153.4851,1734652799999.0,3807975330.681162,6357638.0,498105.4058
12/18/2024 00:00,3893.01,3907.19,3617.42,3626.8,722505.0618,1734566399999.0,2735374632.738641,6584244.0,338987.7414
12/17/2024 00:00,3986.24,4041.82,3847.96,3893.01,450825.9861,1734479999999.0,1788532842.700757,6874200.0,212006.098
12/16/2024 00:00,3959.09,4107.8,3884.0,3986.24,673351.0723,1734393599999.0,2686550997.110245,7117624.0,357970.2261
12/15/2024 00:00,3870.3,3974.61,3831.5,3959.09,253833.2141,1734307199999.0,987865003.127543,3637695.0,137576.2363
12/14/2024 00:00,3906.8,3945.0,3825.03,3870.29,265538.9479,1734220799999.0,1031595277.387337,3407748.0,131333.8294
12/13/2024 00:00,3881.6,3968.47,3852.94,3906.8,387765.6873,1734134399999.0,1516942852.285181,5124578.0,192195.3238
12/12/2024 00:00,3831.82,3987.41,3796.8,3881.61,572098.6343,1734047999999.0,2239803483.576607,7005239.0,284607.1551
12/11/2024 00:00,3628.24,3848.64,3562.34,3831.81,461818.7801,1733961599999.0,1722223536.878177,6195364.0,248830.1039
12/10/2024 00:00,3712.0,3780.76,3515.89,3628.25,942206.0337,1733875199999.0,3443114495.273664,10461668.0,468842.2362
12/09/2024 00:00,4004.15,4006.17,3509.0,3712.0,939642.2001,1733788799999.0,3566495804.128105,8331026.0,434519.7442
12/08/2024 00:00,3996.22,4015.58,3923.5,4004.15,251362.1685,1733702399999.0,1000371580.638359,2614587.0,124696.173
12/07/2024 00:00,3998.87,4024.46,3968.0,3996.22,283920.02,1733615999999.0,1134418058.866173,2721543.0,141027.5358
12/06/2024 00:00,3785.21,4087.73,3777.26,3998.87,803855.1146,1733529599999.0,3174080080.146193,6677199.0,410529.4137
12/05/2024 00:00,3837.8,3956.0,3677.0,3785.2,946493.276,1733443199999.0,3653558567.753712,8753645.0,465065.3016
12/04/2024 00:00,3614.51,3887.24,3614.51,3837.8,968744.0399,1733356799999.0,3638907449.551761,8222722.0,516513.6315
12/03/2024 00:00,3643.43,3670.0,3500.0,3614.51,678400.2032,1733270399999.0,2439869839.029021,5200407.0,376625.93
12/02/2024 00:00,3707.61,3760.0,3554.32,3643.42,737130.569,1733183999999.0,2685285591.845365,6825848.0,368529.347
12/01/2024 00:00,3703.59,3746.8,3659.2,3707.61,429089.2633,1733097599999.0,1589850114.025915,3667910.0,212029.4008
11/30/2024 00:00,3592.22,3738.98,3568.4,3703.6,503684.7485,1733011199999.0,1849683070.29735,4641849.0,267000.5769
11/29/2024 00:00,3578.8,3647.98,3534.28,3592.21,425493.2449,1732924799999.0,1525999121.819639,4240304.0,220911.8759
11/28/2024 00:00,3653.27,3661.92,3529.76,3578.79,560976.425,1732838399999.0,2014252549.702022,5393261.0,281616.1445
11/27/2024 00:00,3324.74,3684.92,3302.4,3653.28,754573.6485,1732751999999.0,2640023089.760935,6392173.0,422777.0485
11/26/2024 00:00,3414.49,3462.49,3252.0,3324.73,672367.1503,1732665599999.0,2252619301.964274,7269605.0,320649.414
11/25/2024 00:00,3361.21,3546.66,3300.01,3414.49,949330.37,1732579199999.0,3272920810.057311,9876856.0,473543.9399
11/24/2024 00:00,3393.91,3450.0,3281.4,3361.2,479098.0921,1732492799999.0,1608242778.282872,5919258.0,229135.6476
11/23/2024 00:00,3327.78,3497.51,3312.72,3393.91,721024.0009,1732406399999.0,2449223191.454517,6790558.0,377413.2984
11/22/2024 00:00,3355.88,3425.92,3257.54,3327.78,603273.7093,1732319999999.0,2008464564.861674,7141711.0,299228.216
11/21/2024 00:00,3069.97,3386.73,3032.59,3355.81,974923.3035,1732233599999.0,3167224819.418769,8227428.0,517407.4618
11/20/2024 00:00,3107.45,3159.2,3029.41,3069.97,503607.8336,1732147199999.0,1559041767.185464,6338828.0,262555.3379
11/19/2024 00:00,3207.81,3221.2,3065.4,3107.44,500112.0194,1732060799999.0,1561642778.418154,5163295.0,240538.5797
11/18/2024 00:00,3075.99,3224.94,3050.01,3207.8,640658.4357,1731974399999.0,2006111259.657586,6541040.0,335610.6352
11/17/2024 00:00,3132.88,3162.11,3034.99,3076.0,449818.9575,1731887999999.0,1393762559.896065,5832635.0,219773.8217
11/16/2024 00:00,3090.01,3219.97,3072.0,3132.87,423639.1573,1731801599999.0,1332892680.485038,5079843.0,221452.0936
11/15/2024 00:00,3058.81,3131.06,3014.5,3090.01,519623.6317,1731715199999.0,1593247701.289049,6118576.0,256031.9621
11/14/2024 00:00,3187.16,3240.4,3028.56,3058.82,605780.6662,1731628799999.0,1909266330.683718,6204964.0,291332.1428
11/13/2024 00:00,3243.79,3331.0,3116.69,3187.16,919686.3747,1731542399999.0,2958494366.71914,9753402.0,446483.2399
11/12/2024 00:00,3371.59,3442.5,3207.67,3243.8,973215.7285,1731455999999.0,3215515065.96685,7073014.0,474680.7996
11/11/2024 00:00,3183.2,3387.61,3105.0,3371.59,1000093.9664,1731369599999.0,3248336095.357834,7802397.0,512353.6597
11/10/2024 00:00,3126.2,3248.52,3069.0,3183.21,865536.7322,1731283199999.0,2751696491.353273,6072418.0,444231.9853
11/09/2024 00:00,2961.75,3157.4,2953.71,3126.21,526719.4212,1731196799999.0,1602480049.885514,3681905.0,278109.2638
11/08/2024 00:00,2895.47,2981.69,2886.4,2961.75,568864.435,1731110399999.0,1664276186.367457,4290252.0,290136.2734
11/07/2024 00:00,2721.88,2916.11,2699.49,2895.47,730845.9524,1731023999999.0,2069602523.372077,5380366.0,367745.6506
11/06/2024 00:00,2422.6,2744.7,2420.3,2721.87,1002141.3618,1730937599999.0,2613263657.61569,5557031.0,527404.5797
11/05/2024 00:00,2398.21,2480.0,2380.74,2422.55,331619.2545,1730851199999.0,807964220.382607,2878817.0,164899.7226
11/04/2024 00:00,2457.73,2491.39,2357.59,2398.21,306316.9645,1730764799999.0,745000696.549594,3066552.0,148574.7254
11/03/2024 00:00,2494.23,2496.39,2411.0,2457.73,276009.1197,1730678399999.0,675516839.246158,2569553.0,128755.1302
11/02/2024 00:00,2511.49,2523.45,2470.0,2494.23,145961.13,1730591999999.0,364240307.892377,1228028.0,68739.2217
11/01/2024 00:00,2518.61,2586.8,2467.67,2511.49,430249.1073,1730505599999.0,1084316033.711915,3614843.0,202239.1162
10/31/2024 00:00,2659.19,2669.0,2503.0,2518.61,403427.2017,1730419199999.0,1042550364.390791,3391343.0,196341.4498
10/30/2024 00:00,2638.8,2722.3,2599.66,2659.19,460627.126,1730332799999.0,1230352880.142655,3700127.0,234688.3298
10/29/2024 00:00,2567.49,2681.86,2561.2,2638.8,451915.7025,1730246399999.0,1187541746.021715,3690029.0,227223.4801
10/28/2024 00:00,2507.8,2589.67,2471.67,2567.48,360605.327,1730159999999.0,910015100.830837,2847523.0,180803.6076
10/27/2024 00:00,2482.51,2527.99,2464.13,2507.8,137580.8836,1730073599999.0,342704461.298222,1337190.0,70648.0053
10/26/2024 00:00,2440.63,2508.0,2430.12,2482.51,248724.8313,1729987199999.0,612908876.738983,1985542.0,132469.8569
10/25/2024 00:00,2535.82,2566.33,2382.59,2440.62,514799.8822,1729900799999.0,1282541014.469803,3741205.0,232180.1435
10/24/2024 00:00,2524.6,2562.65,2507.31,2535.82,290851.7842,1729814399999.0,737665762.666147,2252562.0,151672.5796
10/23/2024 00:00,2622.81,2628.2,2450.0,2524.61,352647.7086,1729727999999.0,897683017.740168,2642127.0,161673.0363
10/22/2024 00:00,2666.71,2671.92,2606.56,2622.81,265747.713,1729641599999.0,699818031.28854,2153796.0,129041.0542
10/21/2024 00:00,2746.91,2769.48,2655.01,2666.7,310674.7232,1729555199999.0,839718870.967621,2526347.0,155766.4454
10/20/2024 00:00,2648.2,2759.0,2635.54,2746.91,256910.7448,1729468799999.0,692550694.441629,2274845.0,131315.6321
10/19/2024 00:00,2642.17,2663.49,2631.02,2648.2,105413.7646,1729382399999.0,278723129.157894,1145594.0,52955.7012
10/18/2024 00:00,2605.79,2675.58,2596.49,2642.17,292444.1153,1729295999999.0,771232214.935164,2835054.0,151075.2919
10/17/2024 00:00,2611.1,2648.37,2575.4,2605.8,221624.5434,1729209599999.0,579597649.929403,2543113.0,109682.8589
10/16/2024 00:00,2607.41,2647.79,2588.67,2611.1,260322.4242,1729123199999.0,681342662.41857,2813136.0,127407.6679
10/15/2024 00:00,2629.79,2688.6,2537.36,2607.41,416285.6663,1729036799999.0,1083630113.139707,3306565.0,205576.5183
10/14/2024 00:00,2468.92,2654.0,2443.39,2629.79,435900.1619,1728950399999.0,1119084230.807938,2715025.0,229665.6047
10/13/2024 00:00,2476.4,2484.92,2436.4,2468.91,120022.8179,1728863999999.0,295322793.084125,1032905.0,59760.3747
10/12/2024 00:00,2439.49,2490.51,2434.35,2476.4,139637.5062,1728777599999.0,343538957.820228,1058123.0,75635.4722
10/11/2024 00:00,2386.49,2471.45,2381.86,2439.5,235441.2197,1728691199999.0,572065403.741898,1913115.0,120079.0581
10/10/2024 00:00,2370.47,2421.36,2330.66,2386.49,257862.9619,1728604799999.0,614182044.949536,2734517.0,124649.1698
10/09/2024 00:00,2440.88,2473.61,2351.42,2370.47,242082.2725,1728518399999.0,586469983.393527,2569883.0,118607.6753
10/08/2024 00:00,2422.7,2466.66,2401.18,2440.89,201358.3312,1728431999999.0,490043095.024962,2240640.0,98699.0695
10/07/2024 00:00,2440.02,2521.0,2403.0,2422.71,300459.5407,1728345599999.0,742163736.966911,3081333.0,147053.1926
10/06/2024 00:00,2414.66,2457.8,2407.0,2440.03,105752.7096,1728259199999.0,257213775.45288,1097106.0,56040.4942
10/05/2024 00:00,2414.41,2428.23,2390.05,2414.66,103740.2316,1728172799999.0,250133597.688322,1147501.0,49644.8537
10/04/2024 00:00,2349.8,2441.64,2339.15,2414.41,239383.017,1728086399999.0,572627417.105369,2556302.0,121492.1876
10/03/2024 00:00,2364.09,2403.38,2310.0,2349.8,314635.9263,1727999999999.0,739732809.481887,4096011.0,149299.0436
10/02/2024 00:00,2447.78,2499.0,2352.0,2364.1,317484.735,1727913599999.0,772815459.366551,4299369.0,155763.8413
10/01/2024 00:00,2602.24,2659.0,2414.0,2447.79,502828.6804,1727827199999.0,1275068045.816548,4525442.0,241562.4716
09/30/2024 00:00,2657.62,2663.5,2575.0,2602.23,282475.7961,1727740799999.0,738997897.579085,2684395.0,135231.5945
09/29/2024 00:00,2675.21,2683.7,2629.73,2657.62,160554.3146,1727654399999.0,426486288.276277,1417045.0,81486.0061
09/28/2024 00:00,2694.43,2704.35,2650.0,2675.21,137230.0342,1727567999999.0,367299958.062676,1192804.0,65924.2202
09/27/2024 00:00,2632.25,2728.6,2615.21,2694.43,281826.9792,1727481599999.0,753233859.358672,2599262.0,151742.5093
09/26/2024 00:00,2580.09,2666.22,2559.2,2632.26,278686.3573,1727395199999.0,731881168.916695,2897463.0,139205.4473
09/25/2024 00:00,2653.2,2673.5,2554.05,2579.95,220343.4293,1727308799999.0,576100924.711546,2446589.0,103887.8784
09/24/2024 00:00,2646.98,2670.96,2591.56,2653.2,288600.0402,1727222399999.0,760159619.981534,2730471.0,140655.8896
09/23/2024 00:00,2580.99,2702.82,2539.49,2646.97,333282.0149,1727135999999.0,883518257.199407,3492404.0,161782.1178
09/22/2024 00:00,2612.4,2632.57,2524.58,2581.0,214266.3257,1727049599999.0,553059849.553399,2067811.0,97837.0512
09/21/2024 00:00,2561.4,2623.34,2528.97,2612.4,154757.8773,1726963199999.0,396953470.517631,1425778.0,78964.0704
09/20/2024 00:00,2465.21,2571.93,2437.31,2561.4,340754.5912,1726876799999.0,864016608.115563,3241249.0,173101.7132
09/19/2024 00:00,2374.74,2494.95,2372.6,2465.21,326746.032,1726790399999.0,794820680.995054,2862096.0,171108.4747
09/18/2024 00:00,2341.79,2376.14,2277.34,2374.75,292917.6008,1726703999999.0,679856751.171053,2555639.0,144167.2401
09/17/2024 00:00,2295.67,2393.63,2263.29,2341.8,274206.2588,1726617599999.0,640307796.594042,1813524.0,134491.637
09/16/2024 00:00,2316.09,2335.7,2252.39,2295.68,330555.232,1726531199999.0,756718235.682234,2102319.0,153834.0111
09/15/2024 00:00,2417.8,2430.32,2283.75,2316.1,174364.1946,1726444799999.0,413278017.276324,1058493.0,80610.9146
09/14/2024 00:00,2439.19,2440.6,2376.72,2417.79,122931.2302,1726358399999.0,296990460.130078,754834.0,57970.9645
09/13/2024 00:00,2361.75,2464.82,2337.35,2439.19,253888.616,1726271999999.0,607650210.702862,1458878.0,124124.3676
09/12/2024 00:00,2340.54,2391.93,2315.39,2361.76,202611.1308,1726185599999.0,476749201.764419,1093596.0,102118.0952
09/11/2024 00:00,2388.52,2389.32,2277.68,2340.55,282898.3125,1726099199999.0,659291892.326731,1530070.0,135125.5965
09/10/2024 00:00,2359.51,2400.0,2320.41,2388.52,224382.1729,1726012799999.0,528411566.919702,1210860.0,105895.4188
09/09/2024 00:00,2297.3,2381.41,2272.8,2359.5,321698.99,1725926399999.0,747001776.046536,1761692.0,156788.5098
09/08/2024 00:00,2273.58,2333.58,2240.94,2297.3,192775.6493,1725839999999.0,440447734.826373,976672.0,93305.1937
09/07/2024 00:00,2225.24,2311.27,2220.98,2273.58,219453.2076,1725753599999.0,498662894.230975,982698.0,109807.9246
09/06/2024 00:00,2368.81,2408.83,2150.55,2225.23,643027.111,1725667199999.0,1467265008.063493,2980066.0,303990.1689
09/05/2024 00:00,2450.71,2466.0,2348.04,2368.81,278549.0969,1725580799999.0,667044058.826434,1862353.0,131571.9247
09/04/2024 00:00,2425.28,2490.0,2306.65,2450.71,384179.3854,1725494399999.0,921640300.674654,2002621.0,188707.7458
09/03/2024 00:00,2538.0,2553.6,2411.12,2425.29,224793.1299,1725407999999.0,556674703.352341,1272909.0,101487.6507
09/02/2024 00:00,2425.71,2564.83,2423.52,2538.01,262632.8385,1725321599999.0,654854126.195111,1452334.0,134090.7048
09/01/2024 00:00,2513.0,2516.28,2400.0,2425.72,223127.776,1725235199999.0,550299930.153449,1357443.0,106672.8284
08/31/2024 00:00,2525.99,2533.95,2491.92,2513.01,97946.1147,1725148799999.0,246514334.07653,702529.0,47410.9072
08/30/2024 00:00,2527.6,2552.17,2431.14,2526.0,338379.1941,1725062399999.0,845015735.149411,1735497.0,172073.9114
08/29/2024 00:00,2528.33,2595.4,2505.88,2527.61,237002.9632,1724975999999.0,603867504.225949,1455668.0,119563.3591
08/28/2024 00:00,2457.33,2554.6,2418.8,2528.33,451266.634,1724889599999.0,1124304892.423795,2272721.0,222246.9184
08/27/2024 00:00,2680.49,2699.98,2392.96,2457.33,412660.7197,1724803199999.0,1058769621.892103,1898416.0,187278.0778
08/26/2024 00:00,2746.12,2762.0,2666.66,2680.49,211708.1247,1724716799999.0,575695656.477179,1453833.0,102718.2247
08/25/2024 00:00,2768.01,2792.28,2733.21,2746.13,154527.2352,1724630399999.0,426733399.326636,1047985.0,75993.749
08/24/2024 00:00,2762.49,2820.0,2731.26,2768.0,263542.9441,1724543999999.0,730370481.138122,1133872.0,130086.4491
08/23/2024 00:00,2622.89,2799.13,2621.4,2762.48,401786.4447,1724457599999.0,1082989033.023547,1747686.0,210295.5073
08/22/2024 00:00,2630.71,2644.69,2584.2,2622.88,199063.1196,1724371199999.0,521285357.086423,1064195.0,98645.806
08/21/2024 00:00,2572.81,2663.74,2536.22,2630.71,245286.6218,1724284799999.0,638338169.862144,1420421.0,121889.9837
08/20/2024 00:00,2636.36,2695.0,2555.0,2572.82,281315.8751,1724198399999.0,738361057.602134,1303349.0,139599.9133
08/19/2024 00:00,2612.15,2648.08,2563.58,2636.36,224867.1336,1724111999999.0,585578272.443482,1156033.0,112686.5275
08/18/2024 00:00,2614.51,2689.16,2594.53,2612.15,174074.0585,1724025599999.0,459975824.154323,836384.0,92214.9872
08/17/2024 00:00,2592.72,2629.69,2587.5,2614.51,89348.676,1723939199999.0,232787181.525924,543278.0,47334.2042
08/16/2024 00:00,2569.9,2630.97,2550.04,2592.73,270684.1373,1723852799999.0,702631292.534931,1602311.0,127687.3984
08/15/2024 00:00,2661.45,2675.6,2515.71,2569.89,356546.8059,1723766399999.0,927491377.061398,1761529.0,172089.6821
08/14/2024 00:00,2702.44,2780.0,2632.2,2661.45,338808.7141,1723679999999.0,914805683.898244,1503315.0,167827.7199
08/13/2024 00:00,2722.3,2738.4,2611.37,2702.44,325668.6964,1723593599999.0,872886595.988518,1547949.0,165417.0546
08/12/2024 00:00,2555.38,2750.0,2510.05,2722.3,483414.2506,1723507199999.0,1275788778.660518,1915621.0,252099.2184
08/11/2024 00:00,2609.92,2720.0,2540.0,2555.38,297098.9145,1723420799999.0,780682452.75452,1217650.0,143129.6465
08/10/2024 00:00,2598.79,2644.7,2576.49,2609.92,171012.3619,1723334399999.0,446695039.692734,758863.0,87017.1045
08/09/2024 00:00,2682.5,2707.98,2552.61,2598.78,406739.9611,1723247999999.0,1069628608.098305,1710060.0,195440.2941
08/08/2024 00:00,2342.79,2724.1,2320.4,2682.5,586502.8754,1723161599999.0,1474101815.469424,2112663.0,299400.9503
08/07/2024 00:00,2461.33,2551.32,2309.04,2342.8,630115.4228,1723075199999.0,1537271441.495759,2370148.0,307617.0665
08/06/2024 00:00,2419.76,2556.23,2414.19,2461.33,642283.8038,1722988799999.0,1601879002.769123,2870150.0,323805.053
08/05/2024 00:00,2688.91,2697.44,2111.0,2419.59,2670604.1003,1722902399999.0,6243689817.192618,7064159.0,1281460.7917
08/04/2024 00:00,2903.65,2935.46,2630.0,2688.92,512064.2612,1722815999999.0,1426784556.442743,2184760.0,235563.9823
08/03/2024 00:00,2989.61,3018.02,2859.0,2903.64,344595.3157,1722729599999.0,1013020792.752083,1798017.0,151541.6882
08/02/2024 00:00,3203.4,3218.6,2967.0,2989.61,385704.0395,1722643199999.0,1185594927.514843,2104725.0,177842.9277
08/01/2024 00:00,3232.74,3242.57,3080.02,3203.4,323285.6105,1722556799999.0,1020921619.452479,1835455.0,151515.291
07/31/2024 00:00,3279.2,3350.0,3213.75,3232.74,233711.3352,1722470399999.0,769347274.945988,1337992.0,112910.4249
07/30/2024 00:00,3317.66,3366.4,3233.18,3279.21,197277.1641,1722383999999.0,652703227.796507,1183239.0,91006.5842
07/29/2024 00:00,3270.16,3396.77,3258.0,3317.66,318471.5055,1722297599999.0,1061016180.078098,1484898.0,159686.5707
07/28/2024 00:00,3249.0,3284.3,3198.11,3270.16,103529.8329,1722211199999.0,336422802.722383,682428.0,52499.4791
07/27/2024 00:00,3274.6,3327.59,3191.01,3249.01,231991.9037,1722124799999.0,757931406.545815,1076809.0,118058.3171
07/26/2024 00:00,3175.47,3286.36,3171.0,3274.61,260237.4641,1722038399999.0,844064770.724818,1169246.0,128738.672
07/25/2024 00:00,3335.82,3342.5,3087.53,3175.48,494282.6398,1721951999999.0,1570457188.18384,2011527.0,239121.0612
07/24/2024 00:00,3482.51,3487.82,3300.0,3335.81,275479.0506,1721865599999.0,940244066.497797,980283.0,135067.106
07/23/2024 00:00,3439.61,3541.0,3389.0,3482.51,500568.7811,1721779199999.0,1737977523.022786,1617621.0,270658.3324
07/22/2024 00:00,3535.93,3562.82,3422.34,3439.6,207859.5043,1721692799999.0,724117324.169122,1069762.0,96899.9188
07/21/2024 00:00,3517.5,3547.0,3411.4,3535.92,218890.9656,1721606399999.0,764360242.601174,961322.0,103673.5899
07/20/2024 00:00,3503.53,3539.65,3480.0,3517.5,147510.8165,1721519999999.0,516504071.765199,667108.0,69139.3433
07/19/2024 00:00,3426.49,3540.27,3377.0,3503.53,299511.6422,1721433599999.0,1034724329.319296,1262244.0,158469.6446
07/18/2024 00:00,3387.05,3489.98,3367.2,3426.5,241950.3457,1721347199999.0,829503482.767012,1165443.0,128938.7441
07/17/2024 00:00,3444.14,3517.0,3376.0,3387.05,297812.5162,1721260799999.0,1029558208.636794,1285615.0,168234.5187
07/16/2024 00:00,3483.2,3498.59,3346.55,3444.13,376128.7869,1721174399999.0,1291412549.937766,1636557.0,193947.8823
07/15/2024 00:00,3245.2,3493.63,3233.22,3483.39,314296.8452,1721087999999.0,1058747637.288266,1617276.0,161760.1858
07/14/2024 00:00,3175.93,3268.72,3163.67,3245.08,165430.7716,1721001599999.0,530204017.169411,792858.0,83179.8142
07/13/2024 00:00,3133.89,3201.8,3113.37,3175.93,119302.4769,1720915199999.0,376336968.783293,591291.0,60506.1294
07/12/2024 00:00,3099.57,3157.89,3045.58,3133.88,185745.1825,1720828799999.0,575599522.850663,1094915.0,95406.1253
07/11/2024 00:00,3101.06,3217.24,3054.76,3099.57,289229.32,1720742399999.0,907129989.222096,1413031.0,148734.7368
07/10/2024 00:00,3066.65,3151.51,3024.0,3101.05,270827.0844,1720655999999.0,839730659.372952,1296218.0,134603.8713
07/09/2024 00:00,3019.01,3115.2,3004.0,3066.65,280358.1424,1720569599999.0,859567747.663927,1377129.0,148692.1493
07/08/2024 00:00,2930.99,3097.06,2822.8,3019.01,500445.0105,1720483199999.0,1484924133.828654,2222940.0,246399.4183
07/07/2024 00:00,3066.83,3073.08,2922.24,2931.0,179892.7612,1720396799999.0,538755029.459879,878707.0,86519.9115
07/06/2024 00:00,2981.79,3081.78,2955.06,3066.83,214487.9713,1720310399999.0,646245038.475145,1055462.0,112962.821
07/05/2024 00:00,3059.7,3110.0,2810.0,2981.78,886994.3753,1720223999999.0,2602693094.463384,2967124.0,404744.5317
07/04/2024 00:00,3295.49,3313.45,3050.34,3059.7,450402.5692,1720137599999.0,1425360058.279399,1898898.0,202136.3683
07/03/2024 00:00,3421.35,3432.1,3251.0,3295.48,310408.451,1720051199999.0,1031040642.948245,1378502.0,143212.6723
07/02/2024 00:00,3442.2,3464.12,3402.0,3421.35,137932.7014,1719964799999.0,473853655.522322,623720.0,68282.7584
07/01/2024 00:00,3438.16,3524.94,3423.78,3442.2,224273.2122,1719878399999.0,780112100.208223,854102.0,121044.94
06/30/2024 00:00,3378.8,3460.0,3352.66,3438.16,141221.6185,1719791999999.0,480491273.121482,557070.0,80177.9965
06/29/2024 00:00,3380.15,3408.32,3371.86,3378.8,88329.7651,1719705599999.0,299468173.245718,365755.0,47423.3968
06/28/2024 00:00,3450.44,3487.7,3365.22,3380.15,221634.3435,1719619199999.0,760116781.029508,934561.0,117864.7671
06/27/2024 00:00,3371.77,3477.0,3361.74,3450.44,201041.6609,1719532799999.0,687897292.145414,530697.0,108386.892
06/26/2024 00:00,3394.91,3426.75,3325.01,3371.44,206949.3418,1719446399999.0,699375819.276128,518727.0,108326.9373
06/25/2024 00:00,3352.74,3430.88,3336.76,3394.91,240036.2236,1719359999999.0,812730026.8442,654302.0,122936.1959
06/24/2024 00:00,3420.91,3435.76,3240.0,3352.73,543370.4229,1719273599999.0,1807046957.965219,1222789.0,262600.4052
06/23/2024 00:00,3495.76,3521.45,3406.38,3420.91,133411.4304,1719187199999.0,463204539.05644,338679.0,67467.4686
06/22/2024 00:00,3518.5,3521.19,3475.09,3495.75,115774.6157,1719100799999.0,405045499.421582,315684.0,57671.8414
06/21/2024 00:00,3513.08,3547.55,3446.82,3518.5,342155.102,1719014399999.0,1197095546.233963,746361.0,176183.038
06/20/2024 00:00,3560.51,3625.96,3486.0,3513.08,329117.8453,1718927999999.0,1170597741.257869,743896.0,161277.7905
06/19/2024 00:00,3483.42,3590.01,3465.65,3560.51,321500.0027,1718841599999.0,1138419054.652927,712501.0,162762.0238
06/18/2024 00:00,3511.47,3517.2,3355.0,3483.42,449913.3014,1718755199999.0,1541798882.411695,1062807.0,217161.5887
06/17/2024 00:00,3624.41,3638.37,3463.39,3511.46,337805.6402,1718668799999.0,1196162530.919053,774085.0,166343.2052
06/16/2024 00:00,3568.75,3653.79,3541.05,3624.41,149839.982,1718582399999.0,537492821.643428,417858.0,77834.8967
06/15/2024 00:00,3481.8,3594.39,3473.1,3568.74,246649.5894,1718495999999.0,873576137.27908,500773.0,122544.6026
06/14/2024 00:00,3469.4,3532.61,3362.26,3481.8,322316.4214,1718409599999.0,1116570671.848945,746613.0,159447.8145
06/13/2024 00:00,3560.13,3561.65,3428.0,3469.4,300230.8299,1718323199999.0,1048214494.75108,696369.0,147994.4439
06/12/2024 00:00,3497.33,3659.01,3462.07,3560.12,387043.774,1718236799999.0,1384558593.85822,850527.0,187121.7917
06/11/2024 00:00,3667.85,3673.0,3432.0,3497.33,439568.5978,1718150399999.0,1552225947.171155,1036229.0,207637.6021
06/10/2024 00:00,3706.4,3713.67,3642.74,3667.85,156363.1846,1718063999999.0,575211243.30527,391165.0,74799.5259
06/09/2024 00:00,3681.58,3721.52,3666.36,3706.4,103451.102,1717977599999.0,381854484.95566,287960.0,48702.6222
06/08/2024 00:00,3678.31,3709.5,3660.08,3681.57,140550.8394,1717891199999.0,518118534.039922,364485.0,65014.4392
06/07/2024 00:00,3813.47,3841.39,3600.0,3678.32,362223.3594,1717804799999.0,1352307567.238349,894006.0,163680.6805
06/06/2024 00:00,3866.0,3878.6,3760.0,3813.46,237504.1905,1717718399999.0,910751773.181592,525050.0,116926.4529
06/05/2024 00:00,3810.23,3887.47,3777.33,3865.99,273738.6035,1717631999999.0,1046373693.422429,645836.0,143786.3327
06/04/2024 00:00,3767.07,3831.65,3730.0,3810.23,232063.7468,1717545599999.0,878533930.59989,568514.0,120842.2499
06/03/2024 00:00,3780.92,3849.99,3758.43,3767.06,248848.702,1717459199999.0,946239636.296371,648868.0,125597.9544
06/02/2024 00:00,3815.82,3838.59,3752.62,3780.91,210295.4407,1717372799999.0,798100737.663757,579563.0,105997.6518
06/01/2024 00:00,3762.29,3833.3,3752.67,3815.82,132687.2006,1717286399999.0,503500622.837856,399377.0,70367.6098
05/31/2024 00:00,3747.9,3849.94,3723.75,3762.29,273406.766,1717199999999.0,1032174005.216676,680329.0,136551.9833
05/30/2024 00:00,3767.44,3825.35,3702.58,3747.91,277034.2894,1717113599999.0,1042146006.39132,765716.0,135950.1498
05/29/2024 00:00,3844.69,3888.55,3742.59,3767.43,334759.6348,1717027199999.0,1274087642.072243,883401.0,170583.4441
05/28/2024 00:00,3894.21,3931.09,3773.9,3844.69,416249.8344,1716940799999.0,1605074794.248354,941338.0,206643.3559
05/27/2024 00:00,3826.47,3977.0,3823.37,3894.22,363717.6473,1716854399999.0,1424169372.465946,971964.0,183721.8676
05/26/2024 00:00,3749.25,3884.2,3731.17,3826.47,292208.2937,1716767999999.0,1115661431.007397,697286.0,145205.4439
05/25/2024 00:00,3728.28,3779.43,3709.03,3749.26,158711.8992,1716681599999.0,594438275.805137,503711.0,81761.1157
05/24/2024 00:00,3783.6,3829.61,3626.1,3728.28,479418.4318,1716595199999.0,1782983862.212967,1159074.0,244045.0104
05/23/2024 00:00,3737.72,3949.29,3498.0,3783.61,1127866.076,1716508799999.0,4283549690.441181,2682768.0,564546.1661
05/22/2024 00:00,3789.59,3813.69,3653.15,3737.73,574938.3099,1716422399999.0,2151256432.12026,1339940.0,284002.5913
05/21/2024 00:00,3661.79,3841.54,3624.28,3789.6,952437.2694,1716335999999.0,3557244460.363258,2204702.0,471779.518
05/20/2024 00:00,3071.2,3694.0,3047.67,3661.78,847107.8828,1716249599999.0,2853349713.672701,2226153.0,442408.9418
05/19/2024 00:00,3122.94,3136.64,3053.38,3071.19,166145.0102,1716163199999.0,513790068.69183,470419.0,74505.5837
05/18/2024 00:00,3092.0,3146.98,3083.61,3122.94,199976.5456,1716076799999.0,622730956.337748,527531.0,96341.4461
05/17/2024 00:00,2944.7,3120.0,2933.06,3092.01,357724.7731,1715990399999.0,1088374622.991193,754274.0,180386.216
05/16/2024 00:00,3032.55,3041.24,2922.8,2944.7,293874.1513,1715903999999.0,876706595.658027,575271.0,140171.4796
05/15/2024 00:00,2881.93,3041.36,2863.75,3032.55,350254.3188,1715817599999.0,1036063008.59966,760817.0,175148.4191
05/14/2024 00:00,2950.99,2960.6,2862.0,2881.93,269675.3037,1715731199999.0,783471918.254666,617845.0,132978.233
05/13/2024 00:00,2929.3,2996.4,2864.76,2950.99,368664.7648,1715644799999.0,1083553488.623212,925017.0,186525.3687
05/12/2024 00:00,2912.45,2955.2,2901.17,2929.29,107670.6323,1715558399999.0,315212004.622529,367990.0,49118.1523
05/11/2024 00:00,2909.98,2945.67,2886.46,2912.45,138163.1087,1715471999999.0,402989065.566229,466357.0,68667.2224
05/10/2024 00:00,3036.24,3053.89,2878.03,2909.99,327855.8758,1715385599999.0,972264869.49205,891040.0,154417.0672
05/09/2024 00:00,2974.2,3059.0,2950.77,3036.23,238561.7462,1715299199999.0,715090822.076205,686147.0,122805.9215
05/08/2024 00:00,3005.69,3038.15,2936.48,2974.21,266934.8125,1715212799999.0,800460076.635667,830635.0,133303.1238
05/07/2024 00:00,3062.59,3129.85,2998.0,3005.69,298796.6829,1715126399999.0,917252045.688203,815246.0,139762.8508
05/06/2024 00:00,3136.4,3221.4,3046.35,3062.6,355135.3027,1715039999999.0,1111315631.576414,873200.0,172864.4334
05/05/2024 00:00,3117.24,3171.93,3072.99,3136.41,218760.2662,1714953599999.0,684143592.814579,600693.0,115269.448
05/04/2024 00:00,3102.61,3168.0,3092.85,3117.23,196263.9488,1714867199999.0,613297368.100618,575026.0,100770.982
05/03/2024 00:00,2986.19,3126.99,2958.32,3102.61,355825.8391,1714780799999.0,1081409861.154123,859542.0,186728.4623
05/02/2024 00:00,2972.46,3016.72,2893.26,2986.19,365939.7191,1714694399999.0,1084862887.847943,880167.0,200507.613
05/01/2024 00:00,3014.04,3023.24,2817.0,2972.46,624963.7773,1714607999999.0,1827523436.860293,1365039.0,303494.8674
04/30/2024 00:00,3216.74,3250.95,2921.0,3014.05,561717.4866,1714521599999.0,1710124473.495703,1292873.0,267662.5649
04/29/2024 00:00,3263.44,3286.95,3115.13,3216.73,421831.2912,1714435199999.0,1345237182.553429,943719.0,211216.5613
04/28/2024 00:00,3255.55,3357.4,3250.45,3263.45,304766.009,1714348799999.0,1006628332.290045,753239.0,157192.4194
04/27/2024 00:00,3131.3,3285.0,3066.74,3255.56,323811.1919,1714262399999.0,1027413859.249457,734026.0,174549.3936
04/26/2024 00:00,3155.81,3167.7,3102.0,3131.3,252522.655,1714175999999.0,792255507.862558,628635.0,127753.6376
04/25/2024 00:00,3140.79,3191.64,3072.2,3155.8,352288.5502,1714089599999.0,1104939534.274997,861077.0,181392.8007
04/24/2024 00:00,3219.46,3293.56,3104.9,3140.8,393314.3414,1714003199999.0,1261617674.785295,1130370.0,194455.1272
04/23/2024 00:00,3200.19,3263.61,3152.0,3219.46,253914.2263,1713916799999.0,813798516.320386,844893.0,130572.4564
04/22/2024 00:00,3147.66,3235.0,3129.15,3200.2,290879.9569,1713830399999.0,928957385.38023,993579.0,154288.5918
04/21/2024 00:00,3155.79,3197.18,3116.49,3147.67,219970.5072,1713743999999.0,694988777.191024,767260.0,112675.8885
04/20/2024 00:00,3056.45,3171.88,3018.75,3155.79,242577.6371,1713657599999.0,749727918.396258,812118.0,124363.7908
04/19/2024 00:00,3064.4,3128.89,2865.18,3056.46,607850.4019,1713571199999.0,1843119282.769549,1465901.0,307900.1774
04/18/2024 00:00,2985.41,3094.4,2950.98,3064.4,389060.7133,1713484799999.0,1177977125.358139,1168254.0,205229.8503
04/17/2024 00:00,3084.21,3123.75,2914.47,2985.41,491897.5661,1713398399999.0,1483253378.358158,1348404.0,251660.7262
04/16/2024 00:00,3102.0,3128.01,2986.0,3084.22,526113.855,1713311999999.0,1610290812.173095,1461779.0,253281.2795
04/15/2024 00:00,3155.11,3277.85,3023.19,3101.99,605430.8863,1713225599999.0,1911310147.230663,1540774.0,291924.744
04/14/2024 00:00,3007.01,3174.23,2906.73,3155.11,737580.4666,1713139199999.0,2244354713.135616,1680666.0,371070.3653
04/13/2024 00:00,3237.42,3301.9,2852.0,3007.01,994971.2354,1713052799999.0,3066250202.835826,2037632.0,462824.4833
04/12/2024 00:00,3502.52,3552.4,3100.0,3237.43,697327.1174,1712966399999.0,2328197177.420495,1423600.0,330495.3149
04/11/2024 00:00,3545.64,3618.3,3474.52,3502.52,338139.5534,1712879999999.0,1197654094.446207,890107.0,165840.8436
04/10/2024 00:00,3506.4,3562.95,3411.82,3545.64,389404.9055,1712793599999.0,1361401195.431785,915957.0,192647.044
04/09/2024 00:00,3694.61,3727.34,3450.46,3506.39,457592.252,1712707199999.0,1643610851.75092,1046479.0,220547.0893
04/08/2024 00:00,3454.2,3730.71,3406.36,3694.61,496841.3532,1712620799999.0,1787240600.808657,1333378.0,278914.0233
04/07/2024 00:00,3351.59,3459.94,3344.08,3454.2,210459.0752,1712534399999.0,715174110.573835,748530.0,105736.6548
04/06/2024 00:00,3317.85,3398.42,3306.68,3351.59,183312.2125,1712447999999.0,612681489.148954,549985.0,88419.098
04/05/2024 00:00,3327.39,3350.0,3210.0,3317.85,344556.7983,1712361599999.0,1132252495.889124,854139.0,170435.7766
04/04/2024 00:00,3310.83,3443.93,3250.92,3327.4,356338.5716,1712275199999.0,1187792289.214371,965695.0,172474.3566
04/03/2024 00:00,3278.96,3367.4,3202.79,3310.83,410484.1933,1712188799999.0,1358993604.798615,1113644.0,203085.1479
04/02/2024 00:00,3503.8,3505.6,3212.0,3278.96,623264.6476,1712102399999.0,2068004456.062823,1581408.0,301656.6252
04/01/2024 00:00,3645.29,3645.95,3413.71,3503.8,408854.1225,1712015999999.0,1437691729.032314,1115133.0,195398.2616
03/31/2024 00:00,3505.65,3655.32,3505.09,3645.29,243464.9877,1711929599999.0,878141654.345982,722927.0,128657.5832
03/30/2024 00:00,3509.74,3565.81,3485.0,3505.64,216025.2634,1711843199999.0,759625521.451892,750249.0,113298.4158
03/29/2024 00:00,3560.49,3584.37,3445.91,3509.74,323086.179,1711756799999.0,1138548291.158387,951744.0,153989.3551
03/28/2024 00:00,3501.2,3611.78,3465.0,3560.49,404654.0311,1711670399999.0,1436630524.623043,1158353.0,206071.3773
03/27/2024 00:00,3587.32,3665.84,3460.02,3501.19,443195.3297,1711583999999.0,1576098628.307976,1436593.0,215695.7983
03/26/2024 00:00,3590.43,3678.86,3542.62,3587.33,499013.8384,1711497599999.0,1800812035.846224,1373691.0,232584.3636
03/25/2024 00:00,3454.99,3666.0,3420.12,3590.42,548577.6942,1711411199999.0,1945377748.66027,1610130.0,294233.1102
03/24/2024 00:00,3329.53,3471.22,3298.76,3454.98,260824.1408,1711324799999.0,879033073.031454,1090982.0,131855.2555
03/23/2024 00:00,3336.35,3435.48,3270.08,3329.53,323675.9448,1711238399999.0,1089778379.601229,1129683.0,154840.9529
03/22/2024 00:00,3492.84,3542.52,3250.0,3336.35,558848.888,1711151999999.0,1891771641.019007,1747756.0,278223.9901
03/21/2024 00:00,3516.53,3587.32,3412.0,3492.85,602755.2072,1711065599999.0,2114084858.156535,1791989.0,295366.0008
03/20/2024 00:00,3158.65,3535.24,3056.56,3516.53,1207322.8201,1710979199999.0,3957251428.899041,2987953.0,589456.8972
03/19/2024 00:00,3520.47,3548.09,3150.88,3158.64,1049629.6936,1710892799999.0,3474307712.276456,2647385.0,486413.3436
03/18/2024 00:00,3644.7,3645.02,3454.09,3520.46,570901.2851,1710806399999.0,2029690613.721462,1906387.0,273425.6255
03/17/2024 00:00,3523.09,3678.68,3412.0,3644.71,517790.9936,1710719999999.0,1843487764.621314,1721355.0,255961.304
03/16/2024 00:00,3742.19,3781.12,3468.8,3523.09,548288.1569,1710633599999.0,1999176881.312615,1798939.0,262005.6019
03/15/2024 00:00,3881.69,3934.02,3570.0,3742.19,947537.4071,1710547199999.0,3513477459.320449,2487337.0,465197.9489
03/14/2024 00:00,4004.79,4010.98,3723.0,3881.7,648237.5245,1710460799999.0,2520007951.6912,1919963.0,314205.6322
03/13/2024 00:00,3979.97,4083.0,3932.23,4004.79,482305.7766,1710374399999.0,1933909390.302124,1536498.0,246106.0739
03/12/2024 00:00,4064.8,4093.92,3828.98,3979.96,632787.3941,1710287999999.0,2522475873.08181,1878541.0,317065.073
03/11/2024 00:00,3878.47,4086.23,3722.95,4064.8,721554.5139,1710201599999.0,2874119154.303359,1894504.0,332359.6655
03/10/2024 00:00,3905.2,3964.67,3791.26,3878.47,356664.68,1710115199999.0,1393415653.98342,1195480.0,170475.8389
03/09/2024 00:00,3883.37,3942.0,3870.01,3905.21,254839.1386,1710028799999.0,995823688.313553,819335.0,128650.6144
03/08/2024 00:00,3868.76,3993.75,3820.0,3883.36,646399.2589,1709942399999.0,2534209920.005565,1657141.0,322673.2991
03/07/2024 00:00,3818.58,3933.81,3735.0,3868.76,540780.675,1709855999999.0,2067607917.443709,1636716.0,272250.4111
03/06/2024 00:00,3553.66,3900.0,3499.4,3818.59,969494.71,1709769599999.0,3652250924.277737,2555462.0,479721.078
03/05/2024 00:00,3627.75,3822.04,3200.0,3553.65,1392904.864,1709683199999.0,5043847679.68348,3265582.0,683199.4423
03/04/2024 00:00,3487.8,3640.94,3423.78,3627.76,715360.6361,1709596799999.0,2526905041.93919,1953764.0,355054.0244
03/03/2024 00:00,3421.39,3491.8,3360.0,3487.81,341631.531,1709510399999.0,1172272660.98449,1116823.0,168839.1633
03/02/2024 00:00,3433.42,3460.04,3390.01,3421.4,283984.9448,1709423999999.0,971756920.451209,926113.0,138242.2778
03/01/2024 00:00,3340.1,3450.0,3338.54,3433.43,412788.5773,1709337599999.0,1405295834.572694,1263130.0,199773.6622
02/29/2024 00:00,3383.11,3522.81,3300.0,3340.09,759698.1123,1709251199999.0,2608623102.49017,2112875.0,391723.2419
02/28/2024 00:00,3242.35,3488.0,3176.16,3383.1,947538.766,1709164799999.0,3153201034.914763,2442603.0,475465.5259
02/27/2024 00:00,3175.95,3288.14,3160.02,3242.36,625939.1221,1709078399999.0,2025805516.974933,1676466.0,313778.3423
02/26/2024 00:00,3112.6,3196.0,3036.59,3175.94,546722.7747,1708991999999.0,1703165045.241492,1391934.0,261235.6085
02/25/2024 00:00,2992.62,3122.0,2983.61,3112.59,412306.2237,1708905599999.0,1257766106.546299,1085332.0,214481.5073
02/24/2024 00:00,2922.25,3007.48,2906.4,2992.62,243854.0783,1708819199999.0,721993808.566193,718718.0,129344.7613
02/23/2024 00:00,2971.4,2993.8,2906.05,2922.24,428826.5787,1708732799999.0,1261137725.511952,1003464.0,213798.4907
02/22/2024 00:00,2967.91,3036.02,2906.51,2971.4,563525.9936,1708646399999.0,1676206889.451405,1205856.0,287462.4082
02/21/2024 00:00,3014.81,3017.15,2868.0,2967.9,595955.0033,1708559999999.0,1746960179.79394,1256455.0,304412.8595
02/20/2024 00:00,2944.8,3033.09,2874.56,3014.81,634681.7471,1708473599999.0,1868745481.647549,1517960.0,326652.0062
02/19/2024 00:00,2881.2,2984.52,2856.93,2944.8,446451.0401,1708387199999.0,1302430726.129661,1539410.0,227406.12
02/18/2024 00:00,2785.92,2895.0,2764.25,2881.2,367987.8833,1708300799999.0,1037802342.593287,1311570.0,195921.8991
02/17/2024 00:00,2801.81,2804.21,2719.01,2785.93,243302.8759,1708214399999.0,673711593.251713,969157.0,119901.8284
02/16/2024 00:00,2822.58,2857.4,2740.0,2801.8,378070.8037,1708127999999.0,1062271564.48786,1123447.0,185179.0505
02/15/2024 00:00,2774.8,2867.65,2759.25,2822.59,481689.1874,1708041599999.0,1353587492.514775,1347619.0,243023.6342
02/14/2024 00:00,2639.99,2786.0,2618.4,2774.81,461670.6944,1707955199999.0,1258639954.547665,1090412.0,239546.5698
02/13/2024 00:00,2659.99,2686.12,2590.0,2639.99,502447.745,1707868799999.0,1328138932.929169,1044885.0,251035.4108
02/12/2024 00:00,2507.22,2665.58,2472.0,2659.99,449501.776,1707782399999.0,1152087242.126358,1019390.0,234514.5882
02/11/2024 00:00,2500.24,2539.63,2493.45,2507.21,219975.1471,1707695999999.0,553430378.325069,711081.0,108625.5497
02/10/2024 00:00,2486.56,2516.45,2471.57,2500.24,185099.59,1707609599999.0,461966177.394756,622723.0,92100.7468
02/09/2024 00:00,2419.56,2525.0,2419.16,2486.56,492384.385,1707523199999.0,1222635531.628793,1134276.0,267424.6382
02/08/2024 00:00,2425.09,2463.15,2411.01,2419.55,338040.0539,1707436799999.0,821961943.652096,894102.0,171666.22
02/07/2024 00:00,2372.63,2444.44,2354.0,2425.1,342791.7013,1707350399999.0,820475884.303521,860357.0,170845.0334
02/06/2024 00:00,2301.84,2392.4,2299.0,2372.64,368942.7498,1707263999999.0,864113645.787681,861796.0,194747.0503
02/05/2024 00:00,2289.79,2338.41,2269.11,2301.83,236610.412,1707177599999.0,545576620.002565,730863.0,119477.2073
02/04/2024 00:00,2296.5,2311.0,2266.0,2289.79,171232.0444,1707091199999.0,393039532.452068,506684.0,86355.8479
02/03/2024 00:00,2309.07,2329.98,2292.75,2296.49,133232.845,1707004799999.0,307866239.186442,397464.0,67739.1604
02/02/2024 00:00,2304.28,2324.74,2281.94,2309.06,238230.511,1706918399999.0,549302201.697642,574621.0,124140.5547
02/01/2024 00:00,2283.15,2311.72,2240.0,2304.28,310997.4538,1706831999999.0,708868445.046755,779472.0,158219.2558
01/31/2024 00:00,2343.0,2351.6,2263.57,2283.14,397116.1859,1706745599999.0,920131584.290104,922884.0,190645.6067
01/30/2024 00:00,2317.61,2391.98,2297.0,2343.01,372879.5791,1706659199999.0,871148737.166658,770660.0,183075.949
01/29/2024 00:00,2256.9,2322.34,2233.8,2317.6,305528.0776,1706572799999.0,696374288.619473,681798.0,162757.9493
01/28/2024 00:00,2267.94,2308.24,2239.89,2256.9,209326.9087,1706486399999.0,476534769.158892,566626.0,104154.0496
01/27/2024 00:00,2267.67,2282.94,2251.4,2267.94,145109.3836,1706399999999.0,329102144.459815,416970.0,71016.4181
01/26/2024 00:00,2218.64,2282.36,2195.84,2267.68,363566.4255,1706313599999.0,815753832.163171,823603.0,182453.1834
01/25/2024 00:00,2235.02,2242.89,2171.3,2218.64,330426.6061,1706227199999.0,731016014.382289,756164.0,167421.8149
01/24/2024 00:00,2242.6,2264.6,2196.12,2235.02,359851.1496,1706140799999.0,802477123.108515,801012.0,175571.1055
01/23/2024 00:00,2314.19,2352.23,2168.07,2242.6,700105.3314,1706054399999.0,1568448812.43809,1204183.0,342792.2358
01/22/2024 00:00,2457.06,2466.1,2303.59,2314.2,526337.6492,1705967999999.0,1252505758.322904,933793.0,245492.642
01/21/2024 00:00,2472.02,2482.18,2452.13,2457.05,122572.1687,1705881599999.0,303022758.728082,360446.0,61174.3555
01/20/2024 00:00,2491.99,2492.0,2454.2,2472.01,136620.9577,1705795199999.0,337794603.1476,418938.0,64429.7262
01/19/2024 00:00,2470.81,2504.2,2415.2,2492.0,424209.0029,1705708799999.0,1047352971.89337,855044.0,206802.9585
01/18/2024 00:00,2530.2,2550.0,2428.56,2470.81,452090.1074,1705622399999.0,1129803152.914788,894355.0,213299.1789
01/17/2024 00:00,2587.41,2592.97,2506.75,2530.19,366281.3477,1705535999999.0,933809190.348208,1140624.0,180607.8146
01/16/2024 00:00,2511.79,2614.43,2500.05,2587.4,381077.6247,1705449599999.0,972060398.7746,1140088.0,201471.8152
01/15/2024 00:00,2472.87,2553.82,2470.92,2511.78,315247.8819,1705363199999.0,793871974.871601,789378.0,159083.4366
01/14/2024 00:00,2578.18,2578.69,2470.0,2472.87,306207.7463,1705276799999.0,774962904.807117,732294.0,144164.479
01/13/2024 00:00,2522.55,2590.0,2497.5,2578.19,422061.232,1705190399999.0,1075466481.72042,898845.0,218172.4057
01/12/2024 00:00,2618.01,2717.32,2458.0,2522.54,887457.7627,1705103999999.0,2318179618.086912,1860636.0,438363.572
01/11/2024 00:00,2584.37,2689.39,2566.01,2618.01,838712.2577,1705017599999.0,2194916359.191646,1693755.0,422894.0564
01/10/2024 00:00,2344.3,2643.1,2339.59,2584.38,1038388.666,1704931199999.0,2536320982.388543,2010707.0,535126.4372
01/09/2024 00:00,2330.43,2371.72,2226.78,2344.29,551454.9931,1704844799999.0,1267764132.836077,1196445.0,273075.8892
01/08/2024 00:00,2221.42,2358.2,2166.38,2330.44,539407.5547,1704758399999.0,1221527410.440822,1069027.0,279216.731
01/07/2024 00:00,2240.77,2258.01,2203.46,2221.42,207138.6927,1704671999999.0,463525159.257429,516569.0,102848.6702
01/06/2024 00:00,2268.78,2270.0,2216.4,2240.78,194067.8656,1704585599999.0,434867515.959157,450441.0,96482.4173
01/05/2024 00:00,2267.11,2277.21,2206.17,2268.78,405568.0006,1704499199999.0,910367621.181662,758963.0,213615.4427
01/04/2024 00:00,2209.72,2294.69,2201.91,2267.11,448844.055,1704412799999.0,1009072619.206773,780771.0,234794.6283
01/03/2024 00:00,2355.35,2385.45,2100.0,2209.72,798729.4869,1704326399999.0,1797597895.179904,1351067.0,401227.7608
01/02/2024 00:00,2352.05,2431.3,2341.0,2355.34,458041.6642,1704239999999.0,1090922198.049091,1028335.0,223746.2422
01/01/2024 00:00,2281.87,2352.37,2265.24,2352.04,216702.6914,1704153599999.0,500451219.612806,536670.0,112374.437
12/31/2023 00:00,2291.68,2321.34,2258.88,2281.87,222175.8779,1704067199999.0,510046689.187396,548848.0,109570.8069
12/30/2023 00:00,2299.2,2322.84,2268.0,2291.68,210539.1327,1703980799999.0,483369913.478846,555932.0,104439.5003
12/29/2023 00:00,2344.15,2385.41,2255.34,2299.2,450201.2069,1703894399999.0,1049566350.122209,990308.0,220819.1179
12/28/2023 00:00,2378.35,2445.8,2335.0,2344.15,580459.982,1703807999999.0,1385456486.286191,1241094.0,286686.8536
12/27/2023 00:00,2230.88,2392.44,2211.88,2378.35,541537.3574,1703721599999.0,1250873719.550661,978666.0,275739.282
12/26/2023 00:00,2271.36,2274.99,2178.45,2230.88,410413.1591,1703635199999.0,916097827.49845,701701.0,204347.7388
12/25/2023 00:00,2264.04,2304.8,2253.1,2271.35,286277.1616,1703548799999.0,652158658.258351,613108.0,142610.6547
12/24/2023 00:00,2308.2,2326.19,2245.0,2264.05,307951.076,1703462399999.0,705420988.78504,711200.0,149344.8048
12/23/2023 00:00,2324.54,2330.65,2265.0,2308.2,255626.9352,1703375999999.0,586078143.242079,588229.0,125338.9003
12/22/2023 00:00,2239.6,2343.15,2230.59,2324.54,591357.488,1703289599999.0,1358322906.958078,1124820.0,304284.728
12/21/2023 00:00,2202.17,2279.31,2182.98,2239.61,453069.7252,1703203199999.0,1010354340.135799,848508.0,231043.8883
12/20/2023 00:00,2177.9,2266.0,2156.0,2202.17,416841.6272,1703116799999.0,922794580.703402,867198.0,217937.7275
12/19/2023 00:00,2219.44,2255.0,2135.55,2177.91,383551.4049,1703030399999.0,847060839.708398,786067.0,199184.6769
12/18/2023 00:00,2196.53,2224.0,2116.6,2219.43,364103.1181,1702943999999.0,789100505.031711,769310.0,185328.3664
12/17/2023 00:00,2228.96,2248.68,2191.5,2196.52,225925.7675,1702857599999.0,501306718.242808,531241.0,110196.7331
12/16/2023 00:00,2220.51,2263.4,2210.0,2228.96,199285.923,1702771199999.0,446980227.082835,528692.0,102517.1494
12/15/2023 00:00,2315.32,2317.81,2200.0,2220.5,333552.6328,1702684799999.0,754022987.247722,714102.0,158002.0979
12/14/2023 00:00,2260.16,2332.11,2228.2,2315.32,409508.0931,1702598399999.0,934716057.650864,918965.0,199995.2598
12/13/2023 00:00,2203.47,2284.02,2144.32,2260.16,418916.6154,1702511999999.0,922420273.947253,897019.0,208136.212
12/12/2023 00:00,2225.11,2244.12,2166.0,2203.46,361588.9087,1702425599999.0,799015127.414974,804062.0,174479.1572
12/11/2023 00:00,2352.39,2355.0,2156.62,2225.12,640414.9166,1702339199999.0,1426910964.96622,1153316.0,310376.7183
12/10/2023 00:00,2340.48,2377.47,2320.0,2352.39,200037.2102,1702252799999.0,469860963.947153,464455.0,98846.2403
12/09/2023 00:00,2358.71,2403.0,2328.01,2340.49,287771.0664,1702166399999.0,679437458.931254,648813.0,143129.4262
12/08/2023 00:00,2355.74,2392.0,2336.34,2358.72,378569.8126,1702079999999.0,893841920.83732,713431.0,188434.411
12/07/2023 00:00,2232.7,2382.8,2222.0,2355.73,485190.0609,1701993599999.0,1115389522.523053,921917.0,253392.503
12/06/2023 00:00,2293.33,2312.23,2220.0,2232.7,408338.9056,1701907199999.0,925926168.109342,842212.0,201586.6438
12/05/2023 00:00,2243.36,2309.72,2188.33,2293.33,529829.7214,1701820799999.0,1190597719.193227,1018557.0,272102.5162
12/04/2023 00:00,2192.96,2274.28,2191.0,2243.37,565307.7134,1701734399999.0,1263069834.208612,980117.0,283090.7467
12/03/2023 00:00,2164.75,2217.27,2149.0,2192.95,257879.1136,1701647999999.0,560343820.028509,556948.0,135206.3079
12/02/2023 00:00,2087.24,2186.6,2086.25,2164.74,320979.9768,1701561599999.0,684434398.684245,618401.0,177507.9065
12/01/2023 00:00,2051.95,2110.87,2045.04,2087.24,372645.586,1701475199999.0,778670941.03376,598646.0,193580.1024
11/30/2023 00:00,2028.8,2054.75,2020.85,2051.96,243680.0921,1701388799999.0,496360388.666385,458227.0,123357.9875
11/29/2023 00:00,2048.14,2075.7,2019.31,2028.81,254843.7319,1701302399999.0,521225853.33225,503614.0,125984.0441
11/28/2023 00:00,2027.5,2075.0,1995.15,2048.14,283775.9279,1701215999999.0,578404413.958468,606358.0,146633.5652
11/27/2023 00:00,2062.34,2071.24,1985.78,2027.5,326073.2298,1701129599999.0,660673302.74006,622522.0,159492.2391
11/26/2023 00:00,2083.1,2094.99,2036.42,2062.33,241262.9136,1701043199999.0,499314260.833915,510922.0,118774.1509
11/25/2023 00:00,2080.84,2090.54,2065.3,2083.09,138847.393,1700956799999.0,288887833.978004,350920.0,69009.3343
11/24/2023 00:00,2062.21,2133.02,2059.37,2080.84,426932.5402,1700870399999.0,894370772.518114,672044.0,209685.717
11/23/2023 00:00,2063.22,2088.94,2040.35,2062.2,250960.6958,1700783999999.0,517482313.452256,527877.0,125214.9169
11/22/2023 00:00,1933.01,2092.46,1928.41,2063.21,466120.5109,1700697599999.0,943776525.65738,796700.0,230629.9937
11/21/2023 00:00,2021.41,2034.6,1931.43,1933.01,490163.9863,1700611199999.0,974304142.397174,888864.0,228457.6645
11/20/2023 00:00,2011.47,2066.4,1990.0,2021.4,421717.679,1700524799999.0,854002757.451172,751621.0,202758.5895
11/19/2023 00:00,1962.59,2015.75,1942.89,2011.47,251132.6192,1700438399999.0,494600634.891146,506631.0,126144.4417
11/18/2023 00:00,1960.82,1971.22,1916.0,1962.6,279368.2208,1700351999999.0,543924395.733028,535494.0,125794.9894
11/17/2023 00:00,1961.77,1991.5,1904.0,1960.82,401100.5069,1700265599999.0,783561858.011889,788071.0,190084.3041
11/16/2023 00:00,2058.49,2090.4,1939.1,1961.77,545286.1297,1700179199999.0,1101174547.308609,991673.0,258249.2406
11/15/2023 00:00,1979.4,2062.4,1967.01,2058.48,421870.8032,1700092799999.0,847945999.664,731745.0,214270.8055
11/14/2023 00:00,2053.65,2064.96,1936.6,1979.39,481909.733,1700006399999.0,972032428.326573,884487.0,227697.3986
11/13/2023 00:00,2044.69,2118.0,2028.49,2053.65,529143.5815,1699919999999.0,1093862454.321374,1025249.0,261963.7359
11/12/2023 00:00,2053.16,2066.5,2012.1,2044.68,281907.559,1699833599999.0,577153459.51571,556231.0,142320.7072
11/11/2023 00:00,2077.72,2089.6,2030.3,2053.17,370966.0372,1699747199999.0,763796737.409375,675522.0,177075.1787
11/10/2023 00:00,2121.33,2136.99,2064.61,2077.72,555573.6495,1699660799999.0,1167220520.828261,880646.0,270796.8185
11/09/2023 00:00,1888.11,2132.0,1882.07,2121.32,1100330.3237,1699574399999.0,2200484378.92985,1657379.0,576184.4116
11/08/2023 00:00,1885.26,1904.69,1872.51,1888.12,247881.0997,1699487999999.0,468144576.741454,514836.0,125671.6197
11/07/2023 00:00,1900.95,1906.99,1850.32,1885.27,332419.4406,1699401599999.0,625566317.427045,760921.0,157050.0994
11/06/2023 00:00,1891.71,1914.23,1868.48,1900.95,328746.2394,1699315199999.0,622198937.156692,717293.0,163547.4576
11/05/2023 00:00,1855.54,1912.67,1846.11,1891.71,383106.7628,1699228799999.0,721508408.943992,780672.0,194760.1848
11/04/2023 00:00,1832.7,1869.9,1824.03,1855.54,171538.0364,1699142399999.0,315560482.702516,463794.0,90964.8828
11/03/2023 00:00,1800.79,1834.58,1777.11,1832.71,315000.2678,1699055999999.0,568244477.517703,713592.0,148670.1446
11/02/2023 00:00,1846.99,1875.0,1785.01,1800.8,368738.2193,1698969599999.0,674522153.765589,790110.0,185623.849
11/01/2023 00:00,1814.67,1857.66,1783.19,1846.99,471921.6184,1698883199999.0,858744655.311508,862416.0,234932.8994
10/31/2023 00:00,1809.03,1819.41,1780.99,1814.67,258074.5796,1698796799999.0,464695558.995254,577888.0,120112.9154
10/30/2023 00:00,1795.14,1829.84,1777.77,1809.04,277686.192,1698710399999.0,501228029.317605,560359.0,134895.648
10/29/2023 00:00,1776.21,1811.3,1762.66,1795.14,144110.6508,1698623999999.0,258015412.931554,371024.0,68282.9779
10/28/2023 00:00,1779.41,1803.23,1770.0,1776.2,122919.7382,1698537599999.0,219588597.64105,333711.0,59590.4543
10/27/2023 00:00,1803.39,1803.91,1744.66,1779.4,274532.6921,1698451199999.0,488398895.217537,594592.0,137263.4682
10/26/2023 00:00,1787.15,1865.54,1762.21,1803.38,431169.0453,1698364799999.0,781481904.959697,901019.0,216166.7856
10/25/2023 00:00,1784.98,1817.69,1760.0,1787.15,354410.8294,1698278399999.0,634289515.565779,774777.0,177656.3027
10/24/2023 00:00,1765.47,1854.38,1756.21,1784.98,674055.1375,1698191999999.0,1216867823.899225,1308532.0,335960.7613
10/23/2023 00:00,1663.69,1800.0,1657.07,1765.46,610931.9663,1698105599999.0,1044121568.099054,1167834.0,302609.5335
10/22/2023 00:00,1628.94,1667.8,1621.1,1663.7,228650.9225,1698019199999.0,374841495.304391,580843.0,108635.9861
10/21/2023 00:00,1603.88,1644.53,1592.36,1628.94,176419.4092,1697932799999.0,285546594.56213,463033.0,89419.9093
10/20/2023 00:00,1566.57,1630.4,1561.19,1603.89,315995.792,1697846399999.0,506065182.982314,651738.0,158954.7247
10/19/2023 00:00,1563.45,1574.45,1541.61,1566.57,216217.6675,1697759999999.0,336684246.044496,469598.0,101807.2651
10/18/2023 00:00,1565.01,1585.42,1555.88,1563.44,177750.2253,1697673599999.0,279357949.45458,440577.0,87939.0343
10/17/2023 00:00,1599.41,1600.53,1551.08,1565.01,234817.0699,1697587199999.0,370032208.156754,475213.0,106364.4626
10/16/2023 00:00,1557.78,1639.43,1555.06,1599.42,418510.8644,1697500799999.0,665124956.25364,729569.0,215767.0856
10/15/2023 00:00,1554.94,1567.62,1547.44,1557.77,120311.2738,1697414399999.0,187266232.062386,316951.0,57789.4724
10/14/2023 00:00,1552.16,1561.72,1544.55,1554.94,100314.6754,1697327999999.0,155648012.907844,281561.0,41626.7567
10/13/2023 00:00,1539.61,1575.36,1537.76,1552.16,192205.8736,1697241599999.0,297929349.186925,520123.0,92439.2041
10/12/2023 00:00,1566.86,1568.56,1521.0,1539.61,237221.4977,1697155199999.0,366335747.013667,510960.0,110863.925
10/11/2023 00:00,1567.62,1578.43,1544.26,1566.87,260253.9671,1697068799999.0,406667649.144022,605321.0,134785.4864
10/10/2023 00:00,1580.13,1594.9,1550.55,1567.63,240659.3287,1696982399999.0,378967575.340083,613660.0,122514.9803
10/09/2023 00:00,1632.85,1636.0,1546.0,1580.13,340141.0988,1696895999999.0,540588837.459589,646240.0,167250.9839
10/08/2023 00:00,1633.56,1641.4,1616.17,1632.84,149424.6635,1696809599999.0,243516204.388717,372636.0,72838.6157
10/07/2023 00:00,1645.03,1647.71,1630.03,1633.57,101241.5732,1696723199999.0,165907550.809013,288695.0,47002.9812
10/06/2023 00:00,1611.79,1662.0,1611.68,1645.03,220507.9286,1696636799999.0,360565723.578844,539488.0,109623.0006
10/05/2023 00:00,1646.58,1655.47,1606.73,1611.79,237378.7449,1696550399999.0,386770321.772352,545845.0,110822.1459
10/04/2023 00:00,1656.88,1657.66,1625.0,1646.58,222861.7167,1696463999999.0,365919693.07999,553269.0,105410.5768
10/03/2023 00:00,1662.41,1670.65,1643.0,1656.88,198287.1164,1696377599999.0,328606758.398617,530016.0,93742.6154
10/02/2023 00:00,1733.8,1744.0,1636.79,1662.4,378575.6898,1696291199999.0,643680600.092603,773990.0,181099.2202
10/01/2023 00:00,1670.89,1751.0,1668.0,1733.79,225611.5868,1696204799999.0,383793846.183488,495195.0,113996.1659
09/30/2023 00:00,1667.45,1694.32,1666.19,1670.89,136924.9141,1696118399999.0,229630339.535437,342315.0,74748.0519
09/29/2023 00:00,1653.0,1688.0,1648.37,1667.45,251975.6728,1696031999999.0,420335662.096628,494615.0,119324.5578
09/28/2023 00:00,1598.63,1668.21,1598.14,1652.99,331409.7015,1695945599999.0,541873730.296698,567825.0,161317.0219
09/27/2023 00:00,1594.02,1634.1,1583.5,1598.64,274404.4328,1695859199999.0,440883556.960054,478489.0,130309.7247
09/26/2023 00:00,1588.34,1599.78,1580.05,1594.01,125583.0161,1695772799999.0,199551097.289548,317309.0,60123.6282
09/25/2023 00:00,1580.71,1597.5,1563.01,1588.33,176706.9277,1695686399999.0,279294486.722661,405042.0,86242.6755
09/24/2023 00:00,1593.85,1601.12,1570.01,1580.71,137517.8533,1695599999999.0,218549215.974009,307377.0,69567.5288
09/23/2023 00:00,1593.07,1598.24,1587.45,1593.86,64537.1341,1695513599999.0,102806906.083431,217950.0,29897.5066
09/22/2023 00:00,1583.94,1602.68,1576.58,1593.08,124886.091,1695427199999.0,198987470.055888,267398.0,59931.0382
09/21/2023 00:00,1622.27,1625.3,1567.77,1583.94,240627.544,1695340799999.0,384503484.655841,368163.0,113477.5269
09/20/2023 00:00,1643.13,1649.34,1604.51,1622.26,232844.2347,1695254399999.0,379255954.951705,382581.0,110068.5625
09/19/2023 00:00,1636.66,1661.04,1626.32,1643.12,184282.4258,1695167999999.0,302910996.591828,350549.0,87617.8889
09/18/2023 00:00,1622.48,1669.5,1603.88,1636.66,279041.6978,1695081599999.0,458235380.246686,453410.0,138512.8418
09/17/2023 00:00,1634.4,1635.0,1612.0,1622.48,120227.4117,1694995199999.0,195464805.891003,264713.0,53504.6423
09/16/2023 00:00,1641.3,1653.17,1631.31,1634.4,99555.4671,1694908799999.0,163144495.691079,245713.0,43821.9381
09/15/2023 00:00,1626.48,1654.08,1611.42,1641.29,181340.024,1694822399999.0,295616593.107865,313776.0,88087.7606
09/14/2023 00:00,1607.61,1644.29,1607.05,1626.47,275301.1505,1694735999999.0,447913522.75155,414952.0,138634.912
09/13/2023 00:00,1592.97,1619.3,1581.88,1607.62,223409.2889,1694649599999.0,357304191.673901,349327.0,107880.3712
09/12/2023 00:00,1551.84,1626.0,1549.67,1592.97,329739.9685,1694563199999.0,525392019.744392,444268.0,163861.7224
09/11/2023 00:00,1617.42,1619.0,1531.01,1551.85,417424.8189,1694476799999.0,657137141.34232,470056.0,202066.273
09/10/2023 00:00,1635.53,1635.7,1600.0,1617.42,207957.8428,1694390399999.0,336517904.443572,292581.0,100039.4638
09/09/2023 00:00,1636.43,1637.52,1629.74,1635.54,58519.6229,1694303999999.0,95627623.417556,156305.0,26774.7047
09/08/2023 00:00,1648.11,1658.93,1616.21,1636.44,221570.0458,1694217599999.0,362938822.785618,312966.0,109915.1953
09/07/2023 00:00,1633.15,1660.0,1623.4,1648.11,228558.2782,1694131199999.0,374542954.194732,319517.0,108679.2155
09/06/2023 00:00,1634.46,1670.0,1609.2,1633.15,219541.0193,1694044799999.0,358419121.474319,331227.0,106351.4694
09/05/2023 00:00,1630.52,1648.02,1609.69,1634.45,204365.4907,1693958399999.0,333010633.963955,299045.0,92320.4268
09/04/2023 00:00,1635.84,1644.82,1616.32,1630.51,168010.9056,1693871999999.0,274049115.417922,275381.0,79390.4406
09/03/2023 00:00,1637.02,1647.5,1625.14,1635.84,116767.2862,1693785599999.0,190979647.353311,216339.0,58997.6072
09/02/2023 00:00,1629.13,1645.0,1628.03,1637.03,102145.9476,1693699199999.0,166937240.933972,208209.0,50845.8558
09/01/2023 00:00,1645.77,1654.53,1602.33,1629.12,302406.1686,1693612799999.0,493457144.938849,368740.0,152891.8655
08/31/2023 00:00,1705.23,1729.0,1630.0,1645.76,330518.2668,1693526399999.0,554219312.094311,396774.0,158776.9421
08/30/2023 00:00,1729.41,1730.93,1694.34,1705.23,202841.4402,1693439999999.0,347291135.28552,308391.0,97462.2728
08/29/2023 00:00,1653.08,1745.84,1640.0,1729.42,494371.0823,1693353599999.0,842464924.522092,504683.0,251594.2652
08/28/2023 00:00,1658.33,1664.34,1621.75,1653.08,214351.0143,1693267199999.0,352868062.83225,274580.0,103654.5089
08/27/2023 00:00,1647.03,1660.24,1646.32,1658.33,87789.9196,1693180799999.0,145109143.683836,163046.0,45374.4533
08/26/2023 00:00,1653.79,1655.59,1644.0,1647.04,79175.425,1693094399999.0,130634757.648333,157980.0,36874.9536
08/25/2023 00:00,1661.16,1677.22,1635.51,1653.8,236261.6898,1693007999999.0,390502520.582296,307211.0,114825.1861
08/24/2023 00:00,1679.61,1683.37,1635.28,1661.16,231539.7805,1692921599999.0,383948287.500426,287178.0,111082.6585
08/23/2023 00:00,1635.0,1702.11,1629.05,1679.61,374761.1088,1692835199999.0,622717740.76397,472134.0,180299.0885
08/22/2023 00:00,1667.56,1669.38,1580.0,1634.99,402012.045,1692748799999.0,657589420.923018,484314.0,187447.1847
08/21/2023 00:00,1685.23,1688.59,1649.4,1667.55,250835.1518,1692662399999.0,418860905.067397,297843.0,117136.718
08/20/2023 00:00,1669.68,1694.75,1662.03,1685.24,195623.5263,1692575999999.0,327342264.94863,275035.0,94917.0042
08/19/2023 00:00,1661.6,1696.72,1654.31,1669.67,231919.0485,1692489599999.0,387407573.3804,312174.0,116535.7301
08/18/2023 00:00,1681.49,1699.4,1641.02,1661.59,538083.1018,1692403199999.0,901117750.717323,597838.0,256018.6718
08/17/2023 00:00,1807.81,1809.99,1550.0,1681.49,812138.2159,1692316799999.0,1390504308.003381,906515.0,389817.1811
08/16/2023 00:00,1828.98,1831.52,1798.17,1807.81,205430.7368,1692230399999.0,373631455.899558,311372.0,94619.3996
08/15/2023 00:00,1845.5,1847.36,1814.0,1828.98,186081.6989,1692143999999.0,341622741.956271,264314.0,85927.3188
08/14/2023 00:00,1840.73,1856.5,1835.0,1845.5,150196.1203,1692057599999.0,277387603.677403,244296.0,69702.7957
08/13/2023 00:00,1849.94,1862.0,1834.51,1840.73,120674.1364,1691971199999.0,222956657.347428,211874.0,69109.1508
08/12/2023 00:00,1848.84,1854.01,1846.08,1849.93,63292.6476,1691884799999.0,117106742.569844,154110.0,32218.9528
08/11/2023 00:00,1852.47,1857.26,1838.05,1848.84,113209.3103,1691798399999.0,209237745.63836,197546.0,54665.6809
08/10/2023 00:00,1855.36,1865.95,1845.38,1852.47,127321.4553,1691711999999.0,236043286.656351,208017.0,62527.3615
08/09/2023 00:00,1856.3,1871.99,1846.28,1855.35,191926.8343,1691625599999.0,356559464.883318,266834.0,93172.6895
08/08/2023 00:00,1829.1,1876.51,1826.33,1856.3,236336.03,1691539199999.0,436891258.634858,322607.0,121075.1387
08/07/2023 00:00,1830.28,1847.0,1802.0,1829.1,224092.9059,1691452799999.0,409166592.891649,289161.0,109927.115
08/06/2023 00:00,1836.48,1838.58,1825.86,1830.28,90403.9915,1691366399999.0,165701947.019345,169928.0,43827.8515
08/05/2023 00:00,1830.24,1839.0,1827.5,1836.48,93657.3255,1691279999999.0,171683574.022643,174254.0,46888.3941
08/04/2023 00:00,1835.81,1851.31,1815.74,1830.23,187699.4552,1691193599999.0,344687096.602038,256002.0,90965.1443
08/03/2023 00:00,1839.9,1859.12,1826.0,1835.81,171148.052,1691107199999.0,315081750.38648,254918.0,84099.073
08/02/2023 00:00,1873.48,1879.74,1821.21,1839.9,254213.0553,1691020799999.0,470466371.262786,331270.0,122977.5627
08/01/2023 00:00,1856.13,1875.62,1813.8,1873.47,358476.0966,1690934399999.0,659100582.108448,411508.0,170424.3649
07/31/2023 00:00,1861.79,1877.4,1851.02,1856.14,168204.4534,1690847999999.0,313517086.161755,246487.0,81667.8524
07/30/2023 00:00,1880.45,1885.3,1848.17,1861.79,158657.5902,1690761599999.0,296504225.221497,247858.0,82527.463
07/29/2023 00:00,1874.2,1886.58,1869.54,1880.46,72867.0269,1690675199999.0,136676328.67955,166385.0,35883.3501
07/28/2023 00:00,1861.29,1883.39,1856.52,1874.19,138695.7147,1690588799999.0,259228467.502262,219389.0,70493.2035
07/27/2023 00:00,1871.99,1886.11,1854.84,1861.28,163766.4259,1690502399999.0,306463587.40202,252294.0,80701.93
07/26/2023 00:00,1857.66,1888.0,1848.35,1872.0,272090.5333,1690415999999.0,507049348.717311,319851.0,148093.9082
07/25/2023 00:00,1850.0,1868.71,1845.45,1857.66,152251.21,1690329599999.0,282696600.921257,248856.0,74772.6946
07/24/2023 00:00,1888.74,1890.86,1833.19,1850.0,276504.5547,1690243199999.0,512402907.457845,336366.0,132903.4964
07/23/2023 00:00,1866.52,1905.25,1857.82,1888.73,153501.0178,1690156799999.0,288736391.861338,254227.0,77750.7953
07/22/2023 00:00,1891.73,1897.35,1851.18,1866.52,131901.6487,1690070399999.0,247820592.768613,240897.0,63386.2807
07/21/2023 00:00,1891.59,1905.74,1884.64,1891.73,165554.0428,1689983999999.0,313414135.895111,260385.0,80526.6642
07/20/2023 00:00,1888.64,1929.05,1878.0,1891.59,292907.5164,1689897599999.0,556981450.455301,353180.0,146238.3371
07/19/2023 00:00,1897.21,1922.04,1882.17,1888.63,218045.0005,1689811199999.0,415268112.543401,266831.0,108435.7397
07/18/2023 00:00,1911.21,1917.19,1875.73,1897.21,215780.5006,1689724799999.0,409583830.876333,315100.0,104433.4023
07/17/2023 00:00,1922.12,1936.18,1873.26,1911.2,277159.0349,1689638399999.0,528662412.297658,391391.0,134997.4387
07/16/2023 00:00,1931.41,1943.55,1914.0,1922.11,148667.1051,1689551999999.0,286787440.456901,253770.0,69691.9153
07/15/2023 00:00,1937.82,1946.37,1926.23,1931.41,135181.7663,1689465599999.0,261553961.167515,242818.0,65759.3938
07/14/2023 00:00,2004.49,2029.11,1898.39,1937.83,498724.0359,1689379199999.0,982369872.0199,604687.0,233071.082
07/13/2023 00:00,1871.82,2012.63,1862.59,2004.49,548861.4207,1689292799999.0,1069502144.026194,618276.0,275375.0189
07/12/2023 00:00,1878.31,1902.0,1864.37,1871.82,264406.8673,1689206399999.0,498567734.559133,338468.0,127657.9526
07/11/2023 00:00,1880.41,1891.99,1862.38,1878.3,177771.6117,1689119999999.0,333339876.932696,256360.0,85214.3301
07/10/2023 00:00,1862.81,1905.5,1846.63,1880.4,247868.1494,1689033599999.0,464186441.163382,338462.0,123964.154
07/09/2023 00:00,1865.24,1879.36,1856.15,1862.8,135046.3743,1688947199999.0,252189550.05161,234925.0,67977.917
07/08/2023 00:00,1870.92,1876.0,1842.8,1865.24,125819.8273,1688860799999.0,234001180.804625,228589.0,62592.5197
07/07/2023 00:00,1846.17,1878.0,1826.0,1870.91,232944.3466,1688774399999.0,432733381.054967,355260.0,115143.0873
07/06/2023 00:00,1910.35,1958.0,1846.0,1846.17,456362.741,1688687999999.0,868009586.22327,519031.0,225559.182
07/05/2023 00:00,1936.19,1942.5,1894.51,1910.36,267633.4783,1688601599999.0,512774138.218949,362985.0,128057.0596
07/04/2023 00:00,1955.55,1967.08,1931.58,1936.2,205525.0984,1688515199999.0,401186997.249838,307691.0,93898.5422
07/03/2023 00:00,1937.49,1976.16,1933.55,1955.54,322102.4295,1688428799999.0,631158998.811416,404084.0,156608.6405
07/02/2023 00:00,1924.5,1959.2,1885.75,1937.48,255852.7832,1688342399999.0,491981842.960139,381133.0,127341.9623
07/01/2023 00:00,1933.8,1944.56,1909.44,1924.5,178373.3688,1688255999999.0,343093755.612736,307019.0,88294.4703
06/30/2023 00:00,1851.99,1948.6,1825.01,1933.79,716538.1035,1688169599999.0,1353630452.615445,824889.0,345435.6526
06/29/2023 00:00,1828.03,1880.0,1827.84,1851.99,241844.8281,1688083199999.0,448678322.176822,350823.0,123194.6191
06/28/2023 00:00,1889.58,1890.19,1816.56,1828.02,337836.5792,1687996799999.0,626358502.58848,437585.0,160645.2676
06/27/2023 00:00,1858.97,1912.53,1855.19,1889.58,366634.5707,1687910399999.0,690855987.041332,437184.0,195382.3664
06/26/2023 00:00,1898.8,1909.1,1837.18,1858.97,458743.861,1687823999999.0,859537162.355614,518009.0,221834.2749
06/25/2023 00:00,1874.95,1930.0,1868.83,1898.8,338757.6158,1687737599999.0,644415530.040616,482753.0,170334.2642
06/24/2023 00:00,1892.63,1906.0,1864.77,1874.96,226910.2941,1687651199999.0,427721477.76198,356654.0,108047.8764
06/23/2023 00:00,1872.0,1936.42,1861.01,1892.63,401147.9324,1687564799999.0,760352485.336681,531784.0,196520.6502
06/22/2023 00:00,1889.1,1933.17,1865.98,1872.01,416714.5719,1687478399999.0,791056016.146176,536410.0,196874.686
06/21/2023 00:00,1791.99,1901.0,1787.38,1889.11,613755.8869,1687391999999.0,1132377905.488902,699689.0,301882.535
06/20/2023 00:00,1737.1,1796.99,1714.72,1791.99,328855.6846,1687305599999.0,577529266.789217,459724.0,168345.9791
06/19/2023 00:00,1720.95,1752.19,1698.0,1737.11,245162.7589,1687219199999.0,422827205.775489,366143.0,120432.5942
06/18/2023 00:00,1727.75,1747.84,1712.0,1720.95,156535.0128,1687132799999.0,270948973.417484,273858.0,79223.6039
06/17/2023 00:00,1717.91,1770.0,1714.26,1727.76,210914.9216,1687046399999.0,366944179.320637,359758.0,107260.8485
06/16/2023 00:00,1666.96,1729.5,1649.86,1717.92,311734.5904,1686959999999.0,525393264.962201,408176.0,158600.074
06/15/2023 00:00,1650.95,1680.91,1626.01,1666.96,370774.7696,1686873599999.0,611499814.542176,458568.0,192425.5156
06/14/2023 00:00,1740.12,1750.03,1630.43,1650.95,415847.327,1686787199999.0,705586390.233981,572996.0,198035.006
06/13/2023 00:00,1742.57,1770.13,1724.22,1740.12,284268.0018,1686700799999.0,495907901.668493,498880.0,147060.3735
06/12/2023 00:00,1752.77,1759.33,1720.0,1742.57,302132.4819,1686614399999.0,525467514.619609,467392.0,154579.0466
06/11/2023 00:00,1751.52,1778.25,1738.72,1752.76,219956.2434,1686527999999.0,385656545.950238,378921.0,104970.1039
06/10/2023 00:00,1840.37,1844.99,1715.03,1751.53,652324.6695,1686441599999.0,1148312156.525596,877410.0,298962.6533
06/09/2023 00:00,1845.65,1855.0,1827.0,1840.37,198324.3252,1686355199999.0,365037779.742887,354623.0,92841.2883
06/08/2023 00:00,1832.12,1861.28,1828.31,1845.64,189270.4853,1686268799999.0,349160385.10498,347990.0,89218.1306
06/07/2023 00:00,1884.65,1897.8,1821.18,1832.13,429196.7064,1686182399999.0,796856688.866713,594071.0,201074.7993
06/06/2023 00:00,1810.49,1898.29,1797.18,1884.64,491407.2174,1686095999999.0,907660359.425966,616201.0,254098.0244
06/05/2023 00:00,1890.0,1890.63,1778.0,1810.5,555361.2683,1686009599999.0,1017689609.362256,688879.0,253634.645
06/04/2023 00:00,1892.05,1914.63,1884.22,1890.01,172683.0119,1685923199999.0,328166899.062354,289973.0,85783.1201
06/03/2023 00:00,1906.69,1907.92,1881.6,1892.06,148818.2427,1685836799999.0,282550389.946688,292512.0,71248.1015
06/02/2023 00:00,1861.78,1910.0,1847.51,1906.68,313004.0658,1685750399999.0,591169483.099447,456788.0,157874.0403
06/01/2023 00:00,1873.63,1889.2,1840.0,1861.78,270496.6097,1685663999999.0,504448237.27338,422899.0,132786.9324
05/31/2023 00:00,1900.58,1907.13,1846.95,1873.63,319255.5681,1685577599999.0,597360395.544034,451133.0,149451.087
05/30/2023 00:00,1892.6,1917.0,1881.19,1900.59,272665.8402,1685491199999.0,519059196.247416,422249.0,134288.1609
05/29/2023 00:00,1908.64,1927.62,1873.65,1892.6,313593.4942,1685404799999.0,596236148.909885,445895.0,158390.3448
05/28/2023 00:00,1829.89,1918.65,1823.6,1908.64,378392.4371,1685318399999.0,705699886.229488,549727.0,194805.8607
05/27/2023 00:00,1827.8,1836.12,1812.18,1829.89,138824.9406,1685231999999.0,253710138.250563,276383.0,69580.6479
05/26/2023 00:00,1805.61,1838.2,1796.99,1827.79,275690.6854,1685145599999.0,501773973.879937,375854.0,140633.1075
05/25/2023 00:00,1799.89,1818.81,1761.41,1805.6,350633.0089,1685059199999.0,628769352.442571,482899.0,164410.1627
05/24/2023 00:00,1854.06,1854.09,1777.6,1799.89,420846.1445,1684972799999.0,761360360.597887,554307.0,193455.1113
05/23/2023 00:00,1817.36,1872.5,1815.24,1854.05,396869.6097,1684886399999.0,734581474.722466,548587.0,222549.7769
05/22/2023 00:00,1804.91,1828.27,1792.01,1817.35,237498.9423,1684799999999.0,430673377.916653,411867.0,123914.6884
05/21/2023 00:00,1819.42,1828.98,1797.21,1804.91,161517.8053,1684713599999.0,292535613.878124,308391.0,76815.2518
05/20/2023 00:00,1812.31,1828.87,1807.06,1819.42,127754.4349,1684627199999.0,232010582.306628,272744.0,67168.5635
05/19/2023 00:00,1800.56,1829.54,1796.81,1812.32,243116.4676,1684540799999.0,440291732.350879,390917.0,125305.6452
05/18/2023 00:00,1822.12,1831.92,1771.12,1800.56,293755.311,1684454399999.0,531357170.827152,480171.0,142539.4053
05/17/2023 00:00,1824.21,1837.5,1783.68,1822.12,352097.9913,1684367999999.0,637776970.833855,524718.0,174614.8238
05/16/2023 00:00,1816.21,1832.64,1796.2,1824.21,311238.6786,1684281599999.0,565367254.106777,466058.0,145796.2684
05/15/2023 00:00,1799.2,1846.7,1785.05,1816.2,388171.9261,1684195199999.0,708011632.174709,503728.0,200878.5212
05/14/2023 00:00,1795.12,1824.0,1789.82,1799.21,218101.0977,1684108799999.0,393557662.80186,348092.0,112091.4998
05/13/2023 00:00,1807.45,1817.03,1785.23,1795.11,212895.4373,1684022399999.0,383397322.744781,342566.0,107960.5618
05/12/2023 00:00,1794.31,1818.63,1740.0,1807.45,565539.8309,1683935999999.0,1002104362.594411,696930.0,272766.5815
05/11/2023 00:00,1840.83,1842.02,1772.68,1794.3,522096.0725,1683849599999.0,944525427.027942,679625.0,256341.5035
05/10/2023 00:00,1846.53,1887.47,1790.51,1840.84,639933.3855,1683763199999.0,1182254717.032215,802140.0,315762.3953
05/09/2023 00:00,1847.55,1861.88,1830.99,1846.52,304396.186,1683676799999.0,561440259.790895,517737.0,154195.2071
05/08/2023 00:00,1870.41,1883.97,1810.73,1847.56,625316.6168,1683590399999.0,1157603209.761854,885693.0,308193.8507
05/07/2023 00:00,1896.33,1933.33,1867.59,1870.4,413268.8357,1683503999999.0,787566158.198456,625667.0,198046.1876
05/06/2023 00:00,1993.3,2019.0,1860.0,1896.33,608106.9915,1683417599999.0,1169939393.312777,868626.0,309602.2227
05/05/2023 00:00,1877.07,1998.36,1875.65,1993.3,546608.875,1683331199999.0,1061183389.068112,803612.0,281818.2188
05/04/2023 00:00,1905.12,1918.26,1866.71,1877.07,354528.6144,1683244799999.0,670584503.659619,525802.0,172127.9509
05/03/2023 00:00,1870.09,1916.52,1842.64,1905.12,465185.2501,1683158399999.0,871222153.959792,751579.0,239749.0806
05/02/2023 00:00,1830.73,1881.87,1822.94,1870.08,373753.2027,1683071999999.0,690907892.110455,563768.0,184439.1031
05/01/2023 00:00,1870.08,1886.49,1806.12,1830.73,445519.1779,1682985599999.0,818821593.694849,647788.0,220514.8113
04/30/2023 00:00,1907.79,1939.0,1866.16,1870.09,355336.4888,1682899199999.0,677913240.814662,552933.0,176787.4337
04/29/2023 00:00,1890.93,1918.0,1883.05,1907.8,182046.1406,1682812799999.0,346028241.295737,335962.0,90910.2544
04/28/2023 00:00,1908.68,1923.88,1873.94,1890.94,387630.7791,1682726399999.0,736203306.614156,574483.0,201390.0556
04/27/2023 00:00,1866.01,1940.96,1861.19,1908.68,727472.9466,1682639999999.0,1383094120.67767,959609.0,378523.2934
04/26/2023 00:00,1866.1,1964.72,1785.0,1866.01,897709.7298,1682553599999.0,1695903568.960903,1182620.0,445589.9861
04/25/2023 00:00,1841.84,1877.86,1801.66,1866.1,457870.6047,1682467199999.0,839226421.378246,631766.0,238370.8971
04/24/2023 00:00,1862.01,1890.0,1806.0,1841.84,447864.0517,1682380799999.0,826968889.241232,682824.0,216968.9613
04/23/2023 00:00,1874.17,1882.01,1836.37,1862.0,344514.3444,1682294399999.0,641362428.689366,463928.0,180537.4201
04/22/2023 00:00,1848.77,1887.31,1841.64,1874.16,331007.5879,1682207999999.0,616579601.311765,451499.0,168125.1409
04/21/2023 00:00,1942.98,1957.27,1825.0,1848.78,688876.6186,1682121599999.0,1306179482.091942,868887.0,339964.1825
04/20/2023 00:00,1933.74,1982.99,1914.43,1942.98,625336.2495,1682035199999.0,1218184973.299396,869619.0,307551.8071
04/19/2023 00:00,2103.51,2104.6,1923.03,1933.73,775389.0602,1681948799999.0,1547934187.85902,1116849.0,381226.9641
04/18/2023 00:00,2073.99,2125.0,2051.0,2103.5,414244.6135,1681862399999.0,867291463.569828,636801.0,205943.0188
04/17/2023 00:00,2118.66,2120.51,2056.25,2074.0,426972.7071,1681775999999.0,889433328.786508,674817.0,206218.4799
04/16/2023 00:00,2090.61,2141.54,2072.72,2118.67,319880.4393,1681689599999.0,673034613.415835,529231.0,162518.1328
04/15/2023 00:00,2099.99,2111.85,2071.13,2090.6,321823.7851,1681603199999.0,674260851.49151,505299.0,159120.98
04/14/2023 00:00,2012.0,2128.76,2009.22,2099.99,896307.3934,1681516799999.0,1877719501.123732,1182309.0,463960.1556
04/13/2023 00:00,1917.4,2023.0,1899.55,2012.01,676164.5188,1681430399999.0,1333377092.124591,911569.0,358627.7444
04/12/2023 00:00,1889.86,1933.0,1852.65,1917.39,630844.4186,1681343999999.0,1195663632.078732,801456.0,318566.1128
04/11/2023 00:00,1910.21,1937.37,1881.11,1889.86,405203.4892,1681257599999.0,774389695.845932,590527.0,209441.7172
04/10/2023 00:00,1858.91,1918.79,1846.4,1910.2,434739.7984,1681171199999.0,816212712.862947,586284.0,218877.8586
04/09/2023 00:00,1848.82,1873.99,1824.01,1858.92,287131.3079,1681084799999.0,529878494.840373,953458.0,146393.8295
04/08/2023 00:00,1863.73,1879.38,1847.0,1848.82,197905.5407,1680998399999.0,368792680.929658,902787.0,97213.2882
04/07/2023 00:00,1872.41,1882.61,1841.46,1863.72,284256.4873,1680911999999.0,528718750.378566,829061.0,143802.1285
04/06/2023 00:00,1908.68,1909.91,1853.7,1872.41,396241.4352,1680825599999.0,743618300.024,916688.0,190334.8978
04/05/2023 00:00,1870.38,1942.98,1864.58,1908.69,548595.5155,1680739199999.0,1045846831.791563,1077031.0,281338.725
04/04/2023 00:00,1810.51,1891.91,1802.01,1870.37,622208.6411,1680652799999.0,1151551698.653268,1087425.0,324318.0474
04/03/2023 00:00,1794.51,1839.99,1762.77,1810.51,628503.6619,1680566399999.0,1131436800.437073,1098681.0,318256.9181
04/02/2023 00:00,1820.8,1824.81,1771.7,1794.51,322122.9385,1680479999999.0,580909276.164171,637705.0,162593.2236
04/01/2023 00:00,1821.52,1842.83,1807.81,1820.79,272904.9674,1680393599999.0,497460628.076191,579259.0,138942.8139
03/31/2023 00:00,1793.6,1847.28,1777.91,1821.52,554525.4762,1680307199999.0,1006896937.025254,902956.0,289189.755
03/30/2023 00:00,1793.06,1829.69,1763.0,1793.61,579690.0394,1680220799999.0,1039397383.7804,876484.0,299825.6561
03/29/2023 00:00,1773.0,1827.99,1772.48,1793.07,536865.5972,1680134399999.0,967342311.082234,810500.0,283946.5459
03/28/2023 00:00,1715.21,1795.73,1701.13,1772.99,536511.3973,1680047999999.0,935507384.149678,766887.0,286377.2164
03/27/2023 00:00,1773.88,1780.48,1686.13,1715.22,570563.5023,1679961599999.0,987197970.21984,810253.0,274628.4302
03/26/2023 00:00,1741.88,1801.0,1739.31,1773.88,354933.2372,1679875199999.0,627660488.27267,592618.0,178518.2669
03/25/2023 00:00,1749.57,1763.23,1713.09,1741.88,355679.3743,1679788799999.0,620341997.183512,620651.0,174749.2834
03/24/2023 00:00,1813.78,1818.99,1726.4,1749.57,564770.1417,1679702399999.0,1001546184.532135,855600.0,283157.3494
03/23/2023 00:00,1734.34,1857.16,1729.35,1813.79,732061.103,1679615999999.0,1312199315.577505,1074713.0,388644.191
03/22/2023 00:00,1801.23,1819.98,1710.12,1734.33,891287.6009,1679529599999.0,1581074700.20938,1286030.0,432312.7267
03/21/2023 00:00,1732.77,1835.0,1717.01,1801.23,742348.4999,1679443199999.0,1324018564.211035,1166036.0,399394.246
03/20/2023 00:00,1780.67,1803.05,1722.0,1732.78,682848.1248,1679356799999.0,1205036446.951221,1083767.0,346231.4658
03/19/2023 00:00,1758.84,1841.36,1757.92,1780.68,541131.8908,1679270399999.0,972006261.580209,919093.0,275030.1756
03/18/2023 00:00,1789.26,1841.0,1747.47,1758.84,711614.731,1679183999999.0,1280189359.424549,1115890.0,353131.9671
03/17/2023 00:00,1673.73,1800.0,1662.65,1789.27,907528.2825,1679097599999.0,1569265196.452905,1293055.0,476255.4948
03/16/2023 00:00,1649.95,1691.42,1632.18,1673.73,627985.6119,1679011199999.0,1040043241.140285,1004406.0,325261.1993
03/15/2023 00:00,1699.41,1716.9,1611.0,1649.96,963142.4833,1678924799999.0,1602460705.895695,1388384.0,463785.2099
03/14/2023 00:00,1673.44,1780.02,1655.24,1699.4,1283321.2355,1678838399999.0,2195733827.910122,1750035.0,666065.6812
03/13/2023 00:00,1580.33,1693.49,1565.0,1673.45,1228063.6053,1678751999999.0,1992277884.796341,1671283.0,631386.3058
03/12/2023 00:00,1471.93,1594.19,1448.3,1580.33,1002355.0929,1678665599999.0,1506839740.469654,1253899.0,507616.3281
03/11/2023 00:00,1426.43,1478.07,1408.4,1471.97,1374859.6201,1678579199999.0,1987926852.348374,1467256.0,674055.1504
03/10/2023 00:00,1437.32,1439.43,1368.39,1426.44,960262.4509,1678492799999.0,1353741388.827259,1155209.0,462418.6232
03/09/2023 00:00,1532.38,1546.45,1408.0,1437.32,718485.1364,1678406399999.0,1072396877.907578,914935.0,340420.8159
03/08/2023 00:00,1561.95,1570.89,1523.61,1532.38,460101.7658,1678319999999.0,714552395.993279,647197.0,227125.8414
03/07/2023 00:00,1565.84,1584.49,1536.14,1561.96,437947.9032,1678233599999.0,682865640.744412,601157.0,222838.1714
03/06/2023 00:00,1564.57,1583.49,1554.44,1565.84,307709.3011,1678147199999.0,482146763.966397,495130.0,151429.2666
03/05/2023 00:00,1566.74,1588.77,1553.05,1564.58,299240.7415,1678060799999.0,469729098.462738,505034.0,146252.8571
03/04/2023 00:00,1569.45,1577.53,1549.12,1566.73,237640.2606,1677974399999.0,371865636.794456,442158.0,114523.6396
03/03/2023 00:00,1647.86,1649.25,1544.39,1569.45,742816.5976,1677887999999.0,1166573996.744236,1008133.0,356042.8657
03/02/2023 00:00,1665.23,1677.86,1619.18,1647.86,423023.8082,1677801599999.0,694364877.504408,644400.0,209908.348
03/01/2023 00:00,1605.24,1669.72,1595.0,1665.22,474456.8235,1677715199999.0,780632253.606366,725546.0,233810.6993
02/28/2023 00:00,1633.45,1647.52,1596.66,1605.23,393523.1647,1677628799999.0,640150766.311205,626287.0,192261.4758
02/27/2023 00:00,1641.37,1665.22,1608.0,1633.45,431861.4129,1677542399999.0,707841123.057607,679771.0,215202.8928
02/26/2023 00:00,1594.58,1651.26,1587.76,1641.36,308607.9941,1677455999999.0,499002379.520129,544008.0,153077.9388
02/25/2023 00:00,1607.8,1608.98,1557.33,1594.58,290188.0391,1677369599999.0,462128193.104393,532834.0,144096.2347
02/24/2023 00:00,1650.52,1664.66,1575.64,1607.8,512515.4982,1677283199999.0,831164574.11824,829249.0,244939.4562
02/23/2023 00:00,1643.15,1679.0,1628.75,1650.53,501305.9717,1677196799999.0,829754759.565515,849095.0,250058.0952
02/22/2023 00:00,1659.77,1666.95,1595.07,1643.14,528875.4809,1677110399999.0,861982489.016571,887617.0,261477.2949
02/21/2023 00:00,1703.27,1716.66,1636.3,1659.76,520354.4688,1677023999999.0,874136698.284591,837901.0,261067.8341
02/20/2023 00:00,1679.74,1719.89,1650.56,1703.27,451314.8335,1676937599999.0,765198951.963577,752116.0,233136.761
02/19/2023 00:00,1691.62,1726.59,1666.14,1679.75,401023.0477,1676851199999.0,680092027.331298,634114.0,198379.91
02/18/2023 00:00,1693.81,1713.13,1679.77,1691.62,267305.7813,1676764799999.0,452969773.61025,457982.0,131392.3667
02/17/2023 00:00,1637.83,1722.0,1630.51,1693.87,579934.663,1676678399999.0,970891863.058295,940022.0,298275.5336
02/16/2023 00:00,1674.92,1742.97,1633.72,1637.84,832723.6731,1676591999999.0,1408096156.866216,1220762.0,422120.2495
02/15/2023 00:00,1555.7,1680.0,1542.55,1674.92,581207.8586,1676505599999.0,928452953.945049,852734.0,303747.759
02/14/2023 00:00,1505.25,1569.0,1482.66,1555.71,668964.3768,1676419199999.0,1021642935.313975,861338.0,329786.2183
02/13/2023 00:00,1514.82,1526.1,1461.93,1505.24,643152.3904,1676332799999.0,959644223.335073,788402.0,306701.2995
02/12/2023 00:00,1538.5,1548.02,1493.08,1514.83,286758.374,1676246399999.0,438014692.308034,490609.0,134744.9765
02/11/2023 00:00,1513.05,1543.0,1505.0,1538.51,289691.5708,1676159999999.0,440657107.728338,440506.0,141579.8991
02/10/2023 00:00,1545.35,1555.01,1490.0,1513.06,484654.2199,1676073599999.0,743164643.511499,682215.0,220852.4958
02/09/2023 00:00,1650.42,1656.17,1524.4,1545.35,658011.6964,1675987199999.0,1054014372.583392,973879.0,317244.9366
02/08/2023 00:00,1671.03,1697.91,1630.47,1650.43,417966.2539,1675900799999.0,695793337.577435,671033.0,205938.1207
02/07/2023 00:00,1614.28,1678.37,1613.14,1671.03,451922.4,1675814399999.0,743635216.728552,746572.0,234924.0525
02/06/2023 00:00,1629.01,1658.56,1605.01,1614.29,384119.4197,1675727999999.0,626831152.687586,636588.0,191802.7932
02/05/2023 00:00,1666.39,1673.81,1609.3,1629.02,413579.6748,1675641599999.0,680127291.926744,680427.0,198540.8776
02/04/2023 00:00,1663.52,1695.29,1645.43,1666.38,308227.1295,1675555199999.0,514857995.985798,559308.0,153457.142
02/03/2023 00:00,1643.12,1676.0,1625.93,1663.52,464815.032,1675468799999.0,766949169.430422,714675.0,229573.0449
02/02/2023 00:00,1641.67,1714.68,1626.85,1643.12,629188.8874,1675382399999.0,1052104526.872657,939545.0,314689.8073
02/01/2023 00:00,1585.32,1647.77,1555.18,1641.68,474617.1709,1675295999999.0,757974339.888151,795274.0,246070.2217
01/31/2023 00:00,1566.21,1605.18,1561.63,1585.33,348856.6751,1675209599999.0,550862274.147693,565125.0,173798.9667
01/30/2023 00:00,1644.73,1647.53,1535.0,1566.2,595055.3281,1675123199999.0,945663093.918117,783703.0,287321.0407
01/29/2023 00:00,1572.1,1660.0,1566.33,1644.72,551767.9134,1675036799999.0,892135111.02851,747055.0,281776.0177
01/28/2023 00:00,1597.61,1606.83,1555.99,1572.1,313675.6574,1674950399999.0,496009423.632769,461988.0,159807.553
01/27/2023 00:00,1601.08,1621.0,1552.54,1597.62,512093.3875,1674863999999.0,810894459.592812,721339.0,271725.69
01/26/2023 00:00,1611.95,1632.84,1577.43,1601.09,532777.8466,1674777599999.0,856294452.549072,661710.0,255584.4969
01/25/2023 00:00,1555.97,1641.0,1518.0,1611.94,646474.9166,1674691199999.0,1010958308.523259,832576.0,336800.3351
01/24/2023 00:00,1626.28,1641.46,1535.0,1555.97,462275.3243,1674604799999.0,742483248.778448,664260.0,219529.2586
01/23/2023 00:00,1627.43,1648.09,1585.29,1626.29,407267.1156,1674518399999.0,662442276.006642,602844.0,203026.4669
01/22/2023 00:00,1626.65,1663.89,1604.0,1627.44,431729.6909,1674431999999.0,703883818.617405,550009.0,216146.2179
01/21/2023 00:00,1658.53,1679.26,1616.21,1626.66,494248.6009,1674345599999.0,815990095.346851,648695.0,242585.2946
01/20/2023 00:00,1551.09,1669.9,1542.02,1658.52,440570.9974,1674259199999.0,702227917.870663,710633.0,230258.0214
01/19/2023 00:00,1511.44,1564.43,1509.15,1551.09,308679.4645,1674172799999.0,473220810.93493,477203.0,157860.3364
01/18/2023 00:00,1565.56,1610.0,1501.39,1511.43,752534.8857,1674086399999.0,1172243167.729863,913587.0,379449.3465
01/17/2023 00:00,1576.94,1609.0,1541.15,1565.57,506771.7219,1673999999999.0,797552620.187337,703325.0,253800.4618
01/16/2023 00:00,1552.52,1604.5,1521.31,1576.94,574622.8953,1673913599999.0,897953752.929984,802443.0,283353.4366
01/15/2023 00:00,1549.91,1566.66,1516.03,1552.52,387832.7138,1673827199999.0,596626752.297843,590180.0,192499.6889
01/14/2023 00:00,1451.21,1599.98,1449.14,1549.9,940691.7774,1673740799999.0,1444283818.189171,1187799.0,482842.2219
01/13/2023 00:00,1415.91,1464.0,1401.03,1451.2,499377.8649,1673654399999.0,709963291.541629,670535.0,259443.2548
01/12/2023 00:00,1389.4,1438.0,1361.92,1415.92,877712.4492,1673567999999.0,1231660847.868249,873540.0,438919.3883
01/11/2023 00:00,1335.63,1398.0,1321.04,1389.39,472465.9556,1673481599999.0,635118946.429521,534745.0,235594.2237
01/10/2023 00:00,1320.4,1347.69,1316.8,1335.62,459660.2307,1673395199999.0,611680590.741332,467419.0,223763.8926
01/09/2023 00:00,1290.15,1344.91,1285.44,1320.39,581727.6968,1673308799999.0,766640085.930397,667559.0,290264.2976
01/08/2023 00:00,1264.06,1296.0,1257.77,1290.16,213636.7848,1673222399999.0,271373377.530058,341498.0,113501.533
01/07/2023 00:00,1269.13,1271.09,1261.3,1264.07,129474.2884,1673135999999.0,163760550.011656,242794.0,64457.8749
01/06/2023 00:00,1251.25,1276.7,1236.0,1269.14,342344.2023,1673049599999.0,429648347.112603,444840.0,172277.4922
01/05/2023 00:00,1256.91,1259.95,1242.81,1251.24,272805.33,1672963199999.0,341379819.27811,339445.0,137396.5629
01/04/2023 00:00,1214.56,1272.6,1212.71,1256.9,457799.6648,1672876799999.0,571805761.158055,526420.0,236858.3427
01/03/2023 00:00,1213.99,1219.89,1204.93,1214.55,205519.4944,1672790399999.0,249325343.252245,296709.0,97873.3515
01/02/2023 00:00,1200.33,1224.29,1193.0,1214.0,252794.14,1672703999999.0,306657437.527479,330000.0,123469.9434
01/01/2023 00:00,1196.13,1204.67,1190.57,1200.34,117762.0685,1672617599999.0,141014996.655708,233151.0,60055.5007
12/31/2022 00:00,1199.98,1208.46,1191.66,1196.13,139379.2811,1672531199999.0,167161720.78087,261569.0,70227.5365
12/30/2022 00:00,1200.48,1202.15,1181.08,1199.99,266014.2115,1672444799999.0,317524824.577787,364383.0,130580.9389
12/29/2022 00:00,1190.15,1206.57,1186.77,1200.49,249130.4869,1672358399999.0,298245107.21298,377201.0,123380.9102
12/28/2022 00:00,1211.55,1215.78,1181.06,1190.15,367828.8914,1672271999999.0,439875906.992195,474792.0,178354.66
12/27/2022 00:00,1228.12,1233.73,1200.58,1211.55,262437.6398,1672185599999.0,319100139.542709,372190.0,129218.2839
12/26/2022 00:00,1218.52,1231.09,1211.67,1228.11,162723.0857,1672099199999.0,198389481.179895,308520.0,79649.3915
12/25/2022 00:00,1220.42,1225.0,1193.18,1218.51,231652.0612,1672012799999.0,280833354.711449,379422.0,115203.3556
12/24/2022 00:00,1219.98,1227.99,1214.69,1220.41,123701.5301,1671926399999.0,150864338.673479,296993.0,61777.4784
12/23/2022 00:00,1217.72,1231.99,1210.0,1219.99,278604.2882,1671839999999.0,340146608.67751,439410.0,139743.6183
12/22/2022 00:00,1213.78,1237.99,1182.54,1217.71,336761.6598,1671753599999.0,406520096.766709,488758.0,171017.8089
12/21/2022 00:00,1216.95,1223.39,1203.02,1213.78,245723.8377,1671667199999.0,297776619.126343,413931.0,124553.6837
12/20/2022 00:00,1167.82,1230.47,1163.12,1216.94,465184.1943,1671580799999.0,561079146.680025,624202.0,242142.5298
12/19/2022 00:00,1183.06,1195.0,1150.51,1167.82,296832.7228,1671494399999.0,349312990.374414,443756.0,141432.174
12/18/2022 00:00,1187.16,1199.54,1170.32,1183.06,252260.144,1671407999999.0,298608427.352787,385205.0,124008.6871
12/17/2022 00:00,1166.82,1190.03,1161.92,1187.16,328881.6281,1671321599999.0,387145994.352974,443309.0,163631.6323
12/16/2022 00:00,1266.53,1280.06,1155.32,1166.83,751422.2779,1671235199999.0,907833696.288013,883071.0,363283.563
12/15/2022 00:00,1307.45,1311.14,1259.27,1266.54,390051.2447,1671148799999.0,499233719.985679,445162.0,182051.3545
12/14/2022 00:00,1320.69,1352.72,1301.0,1307.44,554465.5717,1671062399999.0,734778540.993996,548806.0,274178.3789
12/13/2022 00:00,1275.41,1349.0,1255.1,1320.69,659393.8825,1670975999999.0,859595295.378895,813791.0,332861.6727
12/12/2022 00:00,1263.0,1278.9,1240.03,1275.4,363750.5481,1670889599999.0,456347758.277843,489887.0,186055.4056
12/11/2022 00:00,1266.35,1284.75,1255.85,1263.01,180494.902,1670803199999.0,229443304.733031,314531.0,87913.7111
12/10/2022 00:00,1263.11,1283.61,1259.6,1266.35,182278.6396,1670716799999.0,231301933.590191,322453.0,92997.3572
12/09/2022 00:00,1280.18,1296.64,1250.0,1263.1,406008.0032,1670630399999.0,518804946.771469,540078.0,203800.2618
12/08/2022 00:00,1231.18,1292.58,1222.01,1280.18,406653.5447,1670543999999.0,509776313.423839,559884.0,205497.4407
12/07/2022 00:00,1271.31,1278.69,1218.01,1231.18,398559.5166,1670457599999.0,492706380.526734,530298.0,199333.7162
12/06/2022 00:00,1259.41,1274.76,1241.56,1271.32,301631.839,1670371199999.0,379095106.355305,471097.0,149004.5314
12/05/2022 00:00,1279.4,1305.11,1246.61,1259.41,391628.5166,1670284799999.0,501560285.699509,612914.0,188633.4044
12/04/2022 00:00,1240.5,1287.19,1240.1,1279.41,324129.5466,1670198399999.0,409404653.048475,498321.0,160510.7205
12/03/2022 00:00,1295.58,1309.0,1236.26,1240.51,347148.2588,1670111999999.0,441457418.331919,594082.0,156776.8726
12/02/2022 00:00,1276.4,1297.18,1265.24,1295.59,371559.585,1670025599999.0,475691291.455063,547512.0,185493.8719
12/01/2022 00:00,1294.46,1299.9,1262.77,1276.41,430018.7391,1669939199999.0,550769676.044084,587711.0,223232.5567
11/30/2022 00:00,1216.49,1309.77,1212.5,1294.46,815679.2717,1669852799999.0,1038748742.503758,985173.0,429518.0503
11/29/2022 00:00,1167.77,1228.37,1158.27,1216.49,512143.5861,1669766399999.0,617963786.601915,789552.0,269667.3226
11/28/2022 00:00,1193.88,1199.25,1151.02,1167.77,478795.6093,1669679999999.0,560568777.560251,708380.0,230574.2519
11/27/2022 00:00,1205.61,1223.33,1188.65,1193.88,286386.7986,1669593599999.0,347218857.867976,458378.0,141119.9316
11/26/2022 00:00,1199.29,1235.66,1196.2,1205.6,379840.8116,1669507199999.0,461938380.004201,566155.0,181365.6355
11/25/2022 00:00,1203.72,1207.77,1171.2,1199.3,391430.1658,1669420799999.0,465159072.757305,581961.0,204292.8213
11/24/2022 00:00,1184.52,1217.71,1180.6,1203.73,486080.6123,1669334399999.0,583303022.423642,616769.0,248655.7713
11/23/2022 00:00,1139.59,1190.0,1127.75,1184.52,636927.1594,1669247999999.0,741271142.430098,767861.0,315676.4972
11/22/2022 00:00,1107.34,1146.13,1075.0,1139.6,748884.5791,1669161599999.0,831782462.696527,899796.0,369543.4358
11/21/2022 00:00,1142.21,1146.99,1079.76,1107.34,922647.9454,1669075199999.0,1031424505.498328,1063296.0,456812.3479
11/20/2022 00:00,1217.67,1227.07,1132.65,1142.21,531108.7607,1668988799999.0,625008081.79912,693003.0,255481.6277
11/19/2022 00:00,1212.58,1235.0,1197.67,1217.67,209789.5888,1668902399999.0,254211466.151609,330573.0,102589.3883
11/18/2022 00:00,1200.42,1234.0,1199.18,1212.58,360218.5337,1668815999999.0,437658373.674359,493436.0,172730.6859
11/17/2022 00:00,1216.16,1228.22,1181.05,1200.43,530537.3488,1668729599999.0,638342419.855931,719509.0,262166.3408
11/16/2022 00:00,1253.22,1268.67,1187.06,1216.17,673339.7215,1668643199999.0,826025937.836291,969295.0,317652.4554
11/15/2022 00:00,1243.29,1291.0,1234.01,1253.23,632825.568,1668556799999.0,798023541.208052,961779.0,314465.0008
11/14/2022 00:00,1221.5,1291.2,1171.13,1243.28,934742.0059,1668470399999.0,1152982945.602032,1471485.0,456733.1098
11/13/2022 00:00,1257.25,1274.23,1200.66,1221.49,547410.5304,1668383999999.0,676891239.244159,896665.0,265237.6142
11/12/2022 00:00,1289.35,1292.16,1238.7,1257.25,547772.9172,1668297599999.0,693031301.598889,933438.0,272855.74
11/11/2022 00:00,1299.28,1310.0,1201.26,1289.28,1308087.1498,1668211199999.0,1652414528.520891,2118330.0,666760.4429
11/10/2022 00:00,1102.73,1350.0,1085.93,1299.28,1975955.6767,1668124799999.0,2443394252.530366,2800795.0,981919.0047
11/09/2022 00:00,1334.78,1337.16,1073.53,1102.73,2494797.9357,1668038399999.0,3021176147.396161,3172468.0,1226565.3167
11/08/2022 00:00,1568.09,1579.98,1233.0,1334.77,2339916.5089,1667951999999.0,3356475001.545905,2874276.0,1149464.0971
11/07/2022 00:00,1568.25,1608.04,1545.03,1568.1,642409.4494,1667865599999.0,1013046543.980439,851962.0,324994.2063
11/06/2022 00:00,1626.98,1639.02,1564.39,1568.29,414863.9525,1667779199999.0,668569491.577513,545053.0,202922.1492
11/05/2022 00:00,1644.78,1666.97,1621.42,1626.98,351385.5362,1667692799999.0,577061606.733728,480888.0,181908.9699
11/04/2022 00:00,1531.01,1680.0,1528.4,1644.78,935531.4781,1667606399999.0,1503427052.720768,1072186.0,476524.1678
11/03/2022 00:00,1518.33,1559.01,1515.17,1531.01,560202.8813,1667519999999.0,863253444.76684,678608.0,272210.5404
11/02/2022 00:00,1578.47,1621.68,1502.32,1518.34,981395.3648,1667433599999.0,1534786415.439207,1171091.0,491587.1403
11/01/2022 00:00,1572.69,1612.92,1563.69,1578.48,527539.2965,1667347199999.0,836251567.424643,702747.0,266946.8961
10/31/2022 00:00,1590.45,1635.8,1545.43,1572.69,810334.2414,1667260799999.0,1283098004.765737,1024808.0,404153.8775
10/30/2022 00:00,1619.55,1640.06,1576.56,1590.44,476036.4243,1667174399999.0,762732547.091583,705583.0,237790.3056
10/29/2022 00:00,1554.4,1663.06,1547.66,1619.55,914161.0846,1667087999999.0,1477815830.639173,1094332.0,466874.5472
10/28/2022 00:00,1514.04,1574.9,1479.82,1554.41,858954.4425,1667001599999.0,1309517416.241141,999855.0,446580.4891
10/27/2022 00:00,1566.11,1578.58,1503.2,1514.05,869454.4851,1666915199999.0,1345399838.037334,1122874.0,434901.7238
10/26/2022 00:00,1459.74,1594.99,1457.44,1566.1,1236044.7023,1666828799999.0,1896388070.249785,1357864.0,638243.4563
10/25/2022 00:00,1343.61,1525.16,1334.94,1459.74,1127932.9012,1666742399999.0,1612140846.305157,1205998.0,576939.5923
10/24/2022 00:00,1364.19,1370.6,1324.17,1343.61,611830.797,1666655999999.0,822740466.673396,698241.0,299655.7589
10/23/2022 00:00,1313.62,1371.55,1299.44,1364.2,432269.46,1666569599999.0,576212623.600304,496386.0,223572.8772
10/22/2022 00:00,1299.76,1320.2,1294.32,1313.61,221776.7007,1666483199999.0,290111447.628081,323066.0,116471.6898
10/21/2022 00:00,1282.57,1306.97,1252.65,1299.75,468076.7986,1666396799999.0,600999941.106533,572819.0,234959.2124
10/20/2022 00:00,1285.09,1310.87,1270.36,1282.57,428531.6103,1666310399999.0,552593958.212735,558080.0,209367.6306
10/19/2022 00:00,1310.71,1313.5,1280.31,1285.09,368637.5105,1666223999999.0,478516630.187023,472022.0,180735.5001
10/18/2022 00:00,1331.39,1341.73,1286.72,1310.71,572728.9189,1666137599999.0,755297911.29191,603600.0,277789.7916
10/17/2022 00:00,1305.96,1338.57,1295.64,1331.4,459848.4941,1666051199999.0,606979972.119024,553275.0,230951.5106
10/16/2022 00:00,1274.93,1315.35,1274.67,1305.95,293321.3632,1665964799999.0,379290237.639458,397092.0,149695.1523
10/15/2022 00:00,1296.26,1301.69,1263.64,1274.92,287100.9529,1665878399999.0,368914560.658213,396464.0,138436.0596
10/14/2022 00:00,1287.08,1343.12,1283.39,1296.27,669742.8093,1665791999999.0,883059208.714464,788710.0,329632.534
10/13/2022 00:00,1294.44,1301.58,1190.0,1287.08,945618.3163,1665705599999.0,1183462907.930145,1135833.0,465364.4155
10/12/2022 00:00,1280.11,1306.87,1275.25,1294.44,369712.5759,1665619199999.0,478797824.541982,477911.0,185886.2443
10/11/2022 00:00,1290.03,1298.0,1267.01,1280.11,429430.3941,1665532799999.0,550448836.809297,583107.0,206198.4696
10/10/2022 00:00,1323.13,1338.0,1288.0,1290.03,393663.0114,1665446399999.0,515800751.338415,587314.0,193142.1332
10/09/2022 00:00,1315.48,1329.0,1307.26,1323.13,186201.9185,1665359999999.0,245547831.320531,328378.0,95721.4273
10/08/2022 00:00,1331.1,1337.35,1303.51,1315.48,203391.6612,1665273599999.0,269448439.339348,383251.0,98609.8893
10/07/2022 00:00,1352.07,1361.75,1317.26,1331.1,491999.8776,1665187199999.0,659508723.354053,679464.0,247253.6257
10/06/2022 00:00,1352.2,1383.99,1345.01,1352.06,573975.324,1665100799999.0,783638743.155702,789673.0,282964.4059
10/05/2022 00:00,1361.5,1364.77,1316.29,1352.2,483508.7782,1665014399999.0,649745323.368146,695638.0,242935.0459
10/04/2022 00:00,1323.1,1369.55,1318.66,1361.49,476207.6702,1664927999999.0,641511283.398288,771766.0,246811.6294
10/03/2022 00:00,1276.72,1329.9,1263.04,1323.09,483775.2435,1664841599999.0,631178676.535611,598748.0,243945.5377
10/02/2022 00:00,1311.79,1317.93,1270.0,1276.72,371740.0407,1664755199999.0,482595051.281717,462476.0,180185.673
10/01/2022 00:00,1328.71,1333.69,1302.68,1311.79,252081.9056,1664668799999.0,332930112.025412,347396.0,124307.8184
09/30/2022 00:00,1335.69,1373.19,1313.35,1328.72,740753.611,1664582399999.0,991505362.265307,926935.0,376839.8864
09/29/2022 00:00,1337.2,1352.02,1288.52,1335.7,770591.6895,1664495999999.0,1022673511.086711,950476.0,387626.0998
09/28/2022 00:00,1328.01,1355.7,1253.2,1337.2,919314.9131,1664409599999.0,1199743172.385301,1075441.0,459746.4755
09/27/2022 00:00,1336.17,1400.0,1303.75,1328.02,860584.8944,1664323199999.0,1170630640.626625,1055212.0,433444.4541
09/26/2022 00:00,1294.62,1340.42,1277.85,1336.17,799166.4333,1664236799999.0,1048795559.358857,934159.0,397345.2068
09/25/2022 00:00,1317.13,1337.0,1269.27,1294.63,515533.8409,1664150399999.0,674560079.182339,640687.0,259096.2947
09/24/2022 00:00,1327.24,1349.33,1306.52,1317.13,517557.3497,1664063999999.0,687931980.008602,616390.0,260952.6788
09/23/2022 00:00,1326.47,1360.0,1262.15,1327.25,974052.3644,1663977599999.0,1273403019.692522,1233506.0,491489.0179
09/22/2022 00:00,1245.79,1350.08,1237.32,1326.46,904282.2725,1663891199999.0,1165151398.830096,1094636.0,459643.7183
09/21/2022 00:00,1322.94,1408.9,1220.0,1245.78,1192266.7379,1663804799999.0,1582450799.937471,1445950.0,590492.7628
09/20/2022 00:00,1375.98,1384.78,1312.71,1322.93,658027.1465,1663718399999.0,889324871.236183,981235.0,328109.0555
09/19/2022 00:00,1334.51,1393.35,1280.0,1375.98,974855.198,1663631999999.0,1293086590.941432,1235360.0,490443.5697
09/18/2022 00:00,1468.82,1469.63,1325.55,1334.51,804113.468,1663545599999.0,1118416540.560697,990605.0,389497.8339
09/17/2022 00:00,1433.9,1476.13,1409.12,1468.83,421391.3743,1663459199999.0,608805593.714315,694945.0,214030.8621
09/16/2022 00:00,1472.76,1483.35,1405.52,1433.9,693597.2425,1663372799999.0,1006033555.197481,1111984.0,339284.6719
09/15/2022 00:00,1638.4,1655.2,1458.0,1472.75,1335499.8047,1663286399999.0,2095367507.332334,1748683.0,677767.2223
09/14/2022 00:00,1574.4,1647.01,1552.38,1638.39,764562.5393,1663199999999.0,1222499363.046366,1088561.0,401130.5188
09/13/2022 00:00,1716.37,1760.51,1560.54,1574.4,1134549.7256,1663113599999.0,1871967439.649553,1337439.0,577750.7321
09/12/2022 00:00,1766.12,1783.0,1693.0,1716.37,630774.6032,1663027199999.0,1093457780.4845,979874.0,317746.0607
09/11/2022 00:00,1774.12,1789.0,1720.1,1766.11,409287.7263,1662940799999.0,720937620.963401,645729.0,206627.71
09/10/2022 00:00,1718.24,1789.0,1706.03,1774.12,411046.2466,1662854399999.0,713890164.182501,687951.0,212635.6214
09/09/2022 00:00,1635.37,1746.13,1630.51,1718.23,837458.2126,1662767999999.0,1425281242.15555,1066278.0,438441.4935
09/08/2022 00:00,1630.0,1663.56,1595.06,1635.37,645124.0085,1662681599999.0,1050551822.40818,1015658.0,319059.8308
09/07/2022 00:00,1559.01,1657.5,1490.66,1630.0,850991.4243,1662595199999.0,1326011621.853752,1132986.0,430249.0193
09/06/2022 00:00,1617.8,1687.4,1555.0,1559.01,1010722.8578,1662508799999.0,1650513284.852848,1294086.0,496027.9747
09/05/2022 00:00,1579.29,1631.99,1556.56,1617.8,503492.937,1662422399999.0,797702531.399046,718867.0,254761.8242
09/04/2022 00:00,1557.45,1583.66,1540.66,1579.28,296591.1166,1662335999999.0,463177013.875988,520856.0,151649.7912
09/03/2022 00:00,1575.35,1582.71,1534.28,1557.46,321397.2189,1662249599999.0,500057144.518217,562893.0,160362.006
09/02/2022 00:00,1586.17,1650.0,1546.41,1575.35,919009.6598,1662163199999.0,1471855448.359926,1160858.0,465535.5694
09/01/2022 00:00,1554.11,1599.0,1512.77,1586.16,728710.482,1662076799999.0,1133222116.032772,1195229.0,362696.0954
08/31/2022 00:00,1524.59,1619.78,1524.59,1554.1,949227.6775,1661990399999.0,1497596316.300993,1471691.0,472367.89
08/30/2022 00:00,1551.79,1606.13,1473.61,1524.59,1003075.0172,1661903999999.0,1551625838.938324,1292499.0,498318.3738
08/29/2022 00:00,1426.76,1559.99,1422.08,1551.8,826252.0831,1661817599999.0,1230281044.880169,1099487.0,418910.982
08/28/2022 00:00,1491.06,1511.0,1424.0,1426.76,544846.4486,1661731199999.0,805616000.739226,756843.0,264538.0377
08/27/2022 00:00,1508.18,1518.42,1447.52,1491.06,756136.6768,1661644799999.0,1125859038.154537,1015752.0,379636.6754
08/26/2022 00:00,1695.11,1706.45,1486.85,1508.18,1149912.8292,1661558399999.0,1862598061.318201,1488212.0,555637.4978
08/25/2022 00:00,1656.56,1722.0,1653.68,1695.11,603090.713,1661471999999.0,1023691864.190439,869479.0,309268.8451
08/24/2022 00:00,1665.4,1694.13,1604.92,1656.56,744667.6078,1661385599999.0,1228169659.887394,993324.0,371514.7637
08/23/2022 00:00,1624.65,1676.07,1563.76,1665.41,940246.932,1661299199999.0,1528222432.851831,1195279.0,466987.5263
08/22/2022 00:00,1618.13,1629.72,1529.92,1624.66,941192.8954,1661212799999.0,1483442567.236265,1193059.0,468265.2769
08/21/2022 00:00,1576.03,1646.52,1562.34,1618.13,780662.6062,1661126399999.0,1255041865.224435,1000876.0,396587.4419
08/20/2022 00:00,1609.0,1657.08,1523.67,1576.04,914615.9226,1661039999999.0,1468671141.090122,1130991.0,454267.1105
08/19/2022 00:00,1846.39,1848.0,1602.37,1609.01,1419826.9515,1660953599999.0,2447147973.005891,1681256.0,675272.2933
08/18/2022 00:00,1834.24,1882.37,1821.25,1846.39,606254.024,1660867199999.0,1126844899.607746,848806.0,296464.2738
08/17/2022 00:00,1876.67,1959.43,1818.74,1834.25,951824.8975,1660780799999.0,1781033503.423426,1179058.0,470464.1007
08/16/2022 00:00,1899.05,1915.0,1853.0,1876.67,622729.1499,1660694399999.0,1173013843.338048,908578.0,305961.0557
08/15/2022 00:00,1935.32,2012.47,1872.31,1899.06,949162.3305,1660607999999.0,1824203091.995667,1295615.0,470951.5329
08/14/2022 00:00,1983.55,2030.0,1906.0,1935.31,569583.4852,1660521599999.0,1122186881.223951,856767.0,284978.8108
08/13/2022 00:00,1958.28,2020.0,1946.5,1983.55,695876.0293,1660435199999.0,1382235354.292491,940869.0,359352.4712
08/12/2022 00:00,1880.19,1964.71,1853.06,1958.28,717628.1015,1660348799999.0,1363895150.810113,1027178.0,365935.017
08/11/2022 00:00,1853.58,1942.0,1850.32,1880.19,1105261.9009,1660262399999.0,2093718964.800632,1324999.0,571243.8919
08/10/2022 00:00,1702.76,1885.0,1656.78,1853.57,1317767.5127,1660175999999.0,2346974815.067056,1590681.0,685632.8856
08/09/2022 00:00,1777.05,1790.83,1667.93,1702.76,818171.1019,1660089599999.0,1406671817.085673,1062267.0,398475.0539
08/08/2022 00:00,1700.2,1818.0,1693.87,1777.05,781620.5443,1660003199999.0,1379905145.703021,987727.0,403146.578
08/07/2022 00:00,1690.6,1729.79,1668.0,1700.19,439904.764,1659916799999.0,745750151.382087,692491.0,226220.1416
08/06/2022 00:00,1736.81,1749.93,1685.26,1690.6,523314.6444,1659830399999.0,899479880.987209,752873.0,273243.8484
08/05/2022 00:00,1607.97,1742.07,1605.64,1736.81,1005846.4712,1659743999999.0,1688798692.307331,1404516.0,512103.1826
08/04/2022 00:00,1618.16,1662.79,1580.39,1607.96,735552.181,1659657599999.0,1190650505.148946,1051634.0,364491.9028
08/03/2022 00:00,1630.91,1685.03,1589.71,1618.16,777724.7413,1659571199999.0,1276328467.022254,1112406.0,389458.737
08/02/2022 00:00,1630.28,1678.0,1559.28,1630.91,1081964.5104,1659484799999.0,1745550410.998945,1458878.0,533311.8644
08/01/2022 00:00,1678.12,1704.68,1606.12,1630.28,801566.5648,1659398399999.0,1328136208.959454,1029570.0,392775.0848
07/31/2022 00:00,1697.0,1754.69,1666.0,1678.12,696326.8079,1659311999999.0,1186613538.121665,886708.0,355783.3479
07/30/2022 00:00,1721.68,1744.85,1673.01,1697.0,735132.5286,1659225599999.0,1257726968.665854,1028313.0,359773.1758
07/29/2022 00:00,1724.52,1765.99,1655.02,1721.68,1205266.5703,1659139199999.0,2061258807.226787,1439533.0,607250.6825
07/28/2022 00:00,1635.74,1784.79,1593.27,1724.52,1578145.07555,1659052799999.0,2644280824.310781,1719118.0,801669.85615
07/27/2022 00:00,1449.12,1644.44,1420.83,1635.74,1513426.0413,1658966399999.0,2305847817.810582,1547390.0,786958.5056
07/26/2022 00:00,1440.79,1454.11,1356.17,1449.12,1199643.7408,1658879999999.0,1684928509.399578,1175787.0,589360.8966
07/25/2022 00:00,1597.7,1609.55,1435.58,1440.79,1418390.9809,1658793599999.0,2151224738.816661,1407648.0,690797.6936
07/24/2022 00:00,1548.66,1664.34,1545.67,1597.7,1009935.8997,1658707199999.0,1616289077.628875,1238522.0,511819.2461
07/23/2022 00:00,1535.27,1596.51,1488.0,1548.67,851284.7339,1658620799999.0,1310964570.189478,950665.0,423093.9908
07/22/2022 00:00,1575.45,1650.05,1516.11,1535.27,1170723.0873,1658534399999.0,1865036182.28467,1295899.0,590259.7573
07/21/2022 00:00,1521.63,1605.98,1463.56,1575.45,1247327.4963,1658447999999.0,1897833300.997763,1282430.0,635917.6296
07/20/2022 00:00,1542.33,1620.4,1484.23,1521.58,1351177.4247,1658361599999.0,2109332407.426856,1506300.0,672453.9477
07/19/2022 00:00,1581.03,1631.0,1493.11,1542.32,1846048.6816,1658275199999.0,2856463586.860909,1818358.0,918478.723
07/18/2022 00:00,1338.65,1597.47,1336.07,1581.04,2029918.76521,1658188799999.0,2980357374.792685,1750043.0,1068091.40221
07/17/2022 00:00,1355.84,1387.0,1319.04,1338.65,1246202.8795,1658102399999.0,1687064377.69842,1163593.0,626408.8792
07/16/2022 00:00,1231.25,1422.91,1191.23,1355.85,1493809.9226,1658015999999.0,1936527899.325491,1678529.0,777667.4101
07/15/2022 00:00,1193.42,1287.82,1181.05,1231.25,1466037.2584,1657929599999.0,1794058728.784521,1170632.0,730397.2075
07/14/2022 00:00,1115.01,1214.65,1072.11,1193.42,1605101.9262,1657843199999.0,1816929082.732882,1611421.0,819667.2647
07/13/2022 00:00,1038.58,1119.18,1006.32,1115.0,2035605.8299,1657756799999.0,2158672347.758078,1423956.0,1030606.4523
07/12/2022 00:00,1096.37,1098.26,1033.46,1038.58,1261349.6321,1657670399999.0,1347752238.274621,1142194.0,614931.8525
07/11/2022 00:00,1168.37,1171.29,1091.71,1096.4,1201652.3048,1657583999999.0,1370709630.79611,1165044.0,597646.0363
07/10/2022 00:00,1217.02,1219.95,1153.0,1168.36,1018038.6506,1657497599999.0,1200593502.215751,680105.0,491394.2049
07/09/2022 00:00,1214.03,1235.4,1204.67,1217.02,576337.1809,1657411199999.0,702039918.546905,716361.0,285933.8844
07/08/2022 00:00,1237.49,1276.46,1193.15,1214.04,1189518.3631,1657324799999.0,1466331923.650613,1233964.0,605091.0349
07/07/2022 00:00,1186.57,1254.29,1163.18,1237.49,1001316.079,1657238399999.0,1208160386.338313,877397.0,503991.6385
07/06/2022 00:00,1132.51,1205.0,1111.44,1186.57,1211768.0757,1657151999999.0,1388074909.874991,1040498.0,610078.3513
07/05/2022 00:00,1151.01,1174.9,1076.34,1132.5,1398961.4495,1657065599999.0,1578654373.510018,1130646.0,711600.6988
07/04/2022 00:00,1074.26,1160.9,1045.37,1151.0,1150108.9861,1656979199999.0,1266934953.326424,842895.0,572056.1028
07/03/2022 00:00,1067.01,1088.34,1040.78,1074.26,644746.3337,1656892799999.0,686056543.195206,562962.0,329544.2186
07/02/2022 00:00,1059.73,1078.88,1028.29,1067.01,714812.0804,1656806399999.0,752813687.02771,608900.0,360116.7187
07/01/2022 00:00,1071.02,1117.0,1033.44,1059.73,1562255.1439,1656719999999.0,1669000120.550048,1218279.0,783385.8656
06/30/2022 00:00,1100.21,1106.62,998.0,1071.01,1420670.3656,1656633599999.0,1481000138.963289,1180758.0,701019.9239
06/29/2022 00:00,1144.05,1156.8,1087.42,1100.21,1295517.796,1656547199999.0,1449586742.872254,1145867.0,652377.6608
06/28/2022 00:00,1192.51,1237.99,1136.32,1144.05,1104065.2211,1656460799999.0,1314982778.267405,952584.0,533645.7487
06/27/2022 00:00,1197.79,1238.93,1172.49,1192.51,868734.2061,1656374399999.0,1047407117.877672,794157.0,420783.4443
06/26/2022 00:00,1242.31,1280.0,1194.6,1197.79,884184.273,1656287999999.0,1094067725.453475,812743.0,437940.2564
06/25/2022 00:00,1225.02,1256.77,1180.0,1242.36,861986.6177,1656201599999.0,1048516642.219459,824872.0,437886.335
06/24/2022 00:00,1144.71,1245.43,1132.0,1225.02,1337137.483,1656115199999.0,1589113478.228719,1232149.0,673998.3259
06/23/2022 00:00,1050.19,1155.0,1045.3,1144.72,1278257.0899,1656028799999.0,1415452039.241517,1031001.0,641656.7356
06/22/2022 00:00,1125.86,1127.33,1043.65,1050.19,1306959.8593,1655942399999.0,1420433701.91995,1132300.0,646031.5713
06/21/2022 00:00,1128.24,1194.0,1109.23,1125.85,1306095.3757,1655855999999.0,1500605189.572539,1295971.0,655284.8532
06/20/2022 00:00,1128.53,1170.0,1053.0,1128.24,1721772.9132,1655769599999.0,1910020862.813687,1585055.0,867678.5867
06/19/2022 00:00,995.12,1158.62,936.15,1128.53,2018599.4499,1655683199999.0,2092850317.951397,1796154.0,1026357.8719
06/18/2022 00:00,1086.93,1097.58,881.56,995.13,2308983.5187,1655596799999.0,2263399396.7537208,1911260.0,1101942.26213
06/17/2022 00:00,1068.5,1118.0,1051.11,1086.94,1220677.9491,1655510399999.0,1329091114.650089,1118997.0,612161.0345
06/16/2022 00:00,1237.53,1257.85,1051.55,1068.5,1447386.8304,1655423999999.0,1649596819.734239,1443117.0,712044.8573
06/15/2022 00:00,1208.9,1250.0,1014.4,1237.52,3114823.13621,1655337599999.0,3493040697.137657,2868796.0,1545969.74767
06/14/2022 00:00,1209.35,1268.45,1075.8,1208.9,2716493.80131,1655251199999.0,3217818700.1241937,2225812.0,1348790.33831
06/13/2022 00:00,1434.84,1455.0,1165.45,1209.82,3626351.66536,1655164799999.0,4611744120.817471,3047112.0,1791798.24942
06/12/2022 00:00,1532.89,1547.0,1423.0,1434.84,1563225.37018,1655078399999.0,2311178755.269472,1192382.0,770513.07795
06/11/2022 00:00,1662.91,1682.21,1496.74,1532.89,1220325.2542,1654991999999.0,1914818053.8337584,1030360.0,584721.52941
06/10/2022 00:00,1788.8,1804.32,1655.93,1662.91,955035.79239,1654905599999.0,1648304410.4463153,990969.0,456629.3193
06/09/2022 00:00,1791.88,1833.0,1777.33,1788.81,535310.9618,1654819199999.0,963245550.843159,528098.0,264221.1578
06/08/2022 00:00,1813.33,1838.77,1765.28,1791.88,941510.1373,1654732799999.0,1696874614.384348,820627.0,480434.1803
06/07/2022 00:00,1859.84,1874.98,1725.13,1813.33,1397598.2288,1654646399999.0,2491786694.534087,1225296.0,693368.6997
06/06/2022 00:00,1806.22,1920.0,1804.35,1859.84,804250.3567,1654559999999.0,1509754495.64725,817039.0,405327.2979
06/05/2022 00:00,1804.58,1830.17,1773.05,1806.23,371974.5061,1654473599999.0,670583716.956391,403935.0,186891.6989
06/04/2022 00:00,1775.13,1816.0,1748.43,1804.58,388279.4579,1654387199999.0,689062742.981284,402734.0,193658.9013
06/03/2022 00:00,1834.09,1843.91,1737.0,1775.12,741282.5346,1654300799999.0,1319239612.462907,807046.0,359074.7991
06/02/2022 00:00,1817.96,1853.05,1782.42,1834.08,788784.4017,1654214399999.0,1434781730.184754,793304.0,393723.5095
06/01/2022 00:00,1941.9,1972.58,1763.75,1817.95,1037841.2706,1654127999999.0,1954005475.230421,973159.0,502588.515
05/31/2022 00:00,1998.78,2016.45,1925.0,1941.9,751103.4226,1654041599999.0,1477853073.767754,791367.0,372240.6566
05/30/2022 00:00,1813.64,2013.0,1803.18,1998.78,814922.8359,1653955199999.0,1557925971.047644,848129.0,429356.6023
05/29/2022 00:00,1792.21,1827.4,1759.96,1813.64,432430.611,1653868799999.0,776046677.057929,447003.0,220130.2683
05/28/2022 00:00,1727.26,1808.98,1722.26,1792.22,558271.1818,1653782399999.0,988074924.551089,645423.0,274929.0893
05/27/2022 00:00,1792.24,1822.26,1703.0,1727.27,1296693.28537,1653695999999.0,2284866824.037575,1226454.0,636298.35366
05/26/2022 00:00,1942.64,1966.01,1735.0,1792.23,1168740.57514,1653609599999.0,2157585473.515414,1124028.0,568892.0724
05/25/2022 00:00,1979.4,2022.34,1934.61,1942.63,524786.3091,1653523199999.0,1034922798.422685,600224.0,262403.8246
05/24/2022 00:00,1973.33,1993.83,1913.02,1979.41,534096.972,1653436799999.0,1047864199.932369,598082.0,266945.8146
05/23/2022 00:00,2043.19,2088.5,1957.12,1973.32,636085.0224,1653350399999.0,1296599784.113311,809254.0,302465.5284
05/22/2022 00:00,1975.06,2056.41,1966.33,2043.19,355735.1927,1653263999999.0,715445185.627839,540257.0,183171.2067
05/21/2022 00:00,1959.08,1990.86,1937.36,1975.07,238869.7632,1653177599999.0,470714672.584742,417873.0,118346.0477
05/20/2022 00:00,2019.55,2064.0,1923.0,1959.08,576981.5371,1653091199999.0,1151839844.607967,840589.0,288229.0147
05/19/2022 00:00,1915.11,2040.39,1903.18,2019.55,741476.9794,1653004799999.0,1461787984.391026,946509.0,379142.028
05/18/2022 00:00,2090.72,2110.72,1908.0,1915.11,631577.2341,1652918399999.0,1262292139.414203,803676.0,312760.9821
05/17/2022 00:00,2023.66,2122.42,2008.0,2090.72,568249.0448,1652831999999.0,1175068276.038261,820184.0,285532.6493
05/16/2022 00:00,2145.29,2145.29,1979.12,2023.66,822070.8531,1652745599999.0,1672324751.612644,1046115.0,408849.6576
05/15/2022 00:00,2056.47,2167.0,2000.68,2145.29,514398.2587,1652659199999.0,1067795595.552432,677163.0,262025.1755
05/14/2022 00:00,2009.69,2070.06,1951.21,2056.48,563788.3078,1652572799999.0,1136170835.745817,794510.0,281099.5159
05/13/2022 00:00,1960.22,2147.54,1940.23,2009.69,1134042.3387,1652486399999.0,2355144482.314068,1380079.0,571173.2861
05/12/2022 00:00,2084.99,2195.0,1800.0,1960.22,2305192.90836,1652399999999.0,4485518775.573885,2958830.0,1149413.56735
05/11/2022 00:00,2342.04,2451.37,2005.0,2084.99,2022864.83806,1652313599999.0,4605757119.998099,2825340.0,1003328.68581
05/10/2022 00:00,2229.0,2457.34,2200.0,2342.05,1550626.1387,1652227199999.0,3650912006.062748,1851225.0,770089.0695
05/09/2022 00:00,2519.71,2530.78,2225.0,2228.55,1574924.9793,1652140799999.0,3725676633.136297,1758980.0,785287.2222
05/08/2022 00:00,2635.35,2642.0,2484.0,2519.71,757615.3415,1652054399999.0,1930282594.659069,867730.0,369624.7096
05/07/2022 00:00,2692.86,2704.36,2584.75,2635.34,371271.4532,1651967999999.0,987464053.430564,505005.0,178447.7479
05/06/2022 00:00,2747.96,2758.18,2632.95,2692.85,711449.3234,1651881599999.0,1918267933.165302,813458.0,349985.0658
05/05/2022 00:00,2940.65,2954.65,2683.0,2747.97,734845.3194,1651795199999.0,2055752498.216567,935371.0,350520.4261
05/04/2022 00:00,2781.7,2965.85,2771.74,2940.64,548738.0668,1651708799999.0,1572901182.250391,742950.0,288893.9402
05/03/2022 00:00,2856.54,2861.47,2755.19,2781.7,371331.1796,1651622399999.0,1046307600.938906,490176.0,184363.8992
05/02/2022 00:00,2824.81,2894.22,2778.78,2856.54,521706.8567,1651535999999.0,1476062750.216177,625431.0,269834.1299
05/01/2022 00:00,2726.67,2849.9,2716.13,2824.81,442544.8792,1651449599999.0,1230927404.406151,539462.0,228341.6993
04/30/2022 00:00,2817.13,2841.63,2709.26,2726.66,367757.2469,1651363199999.0,1028113961.632706,577285.0,171690.8377
04/29/2022 00:00,2936.92,2946.46,2776.63,2817.13,525978.147,1651276799999.0,1503869186.333024,678273.0,255390.6462
04/28/2022 00:00,2888.95,2980.0,2853.83,2936.93,537392.9978,1651190399999.0,1567476627.908683,736818.0,273351.8061
04/27/2022 00:00,2809.68,2919.87,2794.46,2888.96,488951.2416,1651103999999.0,1401317315.552324,669916.0,246670.3519
04/26/2022 00:00,3006.63,3039.54,2767.0,2809.67,531184.3504,1651017599999.0,1544470478.04639,775652.0,259112.9956
04/25/2022 00:00,2920.99,3025.65,2797.01,3006.62,619198.3616,1650931199999.0,1789151245.676505,804935.0,304457.3579
04/24/2022 00:00,2933.04,2967.06,2912.09,2921.0,218957.0222,1650844799999.0,643702920.89106,354013.0,106460.8405
04/23/2022 00:00,2962.39,2978.03,2913.89,2933.03,187576.7324,1650758399999.0,554261385.85153,348435.0,89693.7455
04/22/2022 00:00,2983.57,3034.32,2930.35,2962.39,452433.082,1650671999999.0,1350044345.250315,604084.0,216294.7313
04/21/2022 00:00,3076.03,3180.0,2942.31,2983.58,562699.697,1650585599999.0,1736496193.473973,719659.0,281522.194
04/20/2022 00:00,3101.74,3166.5,3036.45,3076.04,415000.0685,1650499199999.0,1285353922.303612,571292.0,206446.813
04/19/2022 00:00,3055.56,3131.0,3030.34,3101.77,359375.0038,1650412799999.0,1106468538.117098,521060.0,187636.8495
04/18/2022 00:00,2988.07,3069.6,2883.22,3055.56,510251.6536,1650326399999.0,1508168472.867298,703622.0,251979.4119
04/17/2022 00:00,3059.3,3083.0,2981.7,2988.06,243772.074,1650239999999.0,742151590.621933,389959.0,117250.931
04/16/2022 00:00,3040.57,3086.1,3010.03,3059.3,176352.4165,1650153599999.0,536234354.297344,298000.0,91002.4595
04/15/2022 00:00,3021.98,3060.92,2993.13,3040.56,249626.2981,1650067199999.0,755644733.734266,388136.0,127112.3808
04/14/2022 00:00,3118.28,3145.0,2976.3,3021.98,408382.5572,1649980799999.0,1249759777.271426,540399.0,195917.4896
04/13/2022 00:00,3027.65,3128.97,2996.86,3118.28,419101.494,1649894399999.0,1285303924.978813,623328.0,215591.5489
04/12/2022 00:00,2979.75,3085.0,2950.0,3027.66,579522.9505,1649807999999.0,1750871209.720005,742214.0,295005.6558
04/11/2022 00:00,3203.04,3213.63,2950.0,2979.74,693394.2912,1649721599999.0,2127486125.62208,969832.0,330445.6021
04/10/2022 00:00,3258.57,3307.22,3193.0,3203.04,232303.2326,1649635199999.0,756032282.614135,439811.0,110649.5741
04/09/2022 00:00,3192.39,3268.4,3181.28,3258.57,212444.2566,1649548799999.0,683630508.159035,386154.0,112210.7428
04/08/2022 00:00,3227.2,3314.02,3173.52,3192.39,502422.5048,1649462399999.0,1634901495.645322,810752.0,250684.5444
04/07/2022 00:00,3168.52,3268.98,3143.15,3227.19,458179.3272,1649375999999.0,1470465124.58207,706382.0,233162.8713
04/06/2022 00:00,3407.0,3407.5,3162.39,3168.51,736273.1047,1649289599999.0,2411228209.986985,1098773.0,348042.4629
04/05/2022 00:00,3519.5,3555.0,3400.0,3406.99,397782.7437,1649203199999.0,1383264215.874245,674184.0,191093.8907
04/04/2022 00:00,3521.9,3547.0,3405.97,3519.5,449984.1586,1649116799999.0,1564866359.686716,810677.0,227537.1061
04/03/2022 00:00,3443.77,3580.34,3412.11,3521.91,381581.7683,1649030399999.0,1334671716.892238,619758.0,194051.9378
04/02/2022 00:00,3455.2,3532.2,3433.14,3443.77,499893.29,1648943999999.0,1740311567.806437,763785.0,245277.9443
04/01/2022 00:00,3281.51,3481.29,3210.68,3455.21,532169.2392,1648857599999.0,1780259682.532936,883079.0,268660.5014
03/31/2022 00:00,3385.8,3444.83,3261.35,3281.51,455091.2395,1648771199999.0,1526047563.602515,770564.0,216602.7505
03/30/2022 00:00,3400.51,3446.9,3331.84,3385.79,356082.5231,1648684799999.0,1206555998.567904,675015.0,181916.4148
03/29/2022 00:00,3332.91,3481.87,3329.68,3400.51,465899.8226,1648598399999.0,1590016971.388558,884317.0,231156.957
03/28/2022 00:00,3295.65,3431.15,3275.01,3332.92,527237.1133,1648511999999.0,1766636914.051384,964079.0,270854.1957
03/27/2022 00:00,3145.01,3299.37,3126.02,3295.65,335467.4145,1648425599999.0,1072163952.322084,645675.0,181361.8562
03/26/2022 00:00,3102.13,3153.2,3084.9,3145.0,207134.847,1648339199999.0,646551585.682247,403089.0,103598.4935
03/25/2022 00:00,3110.75,3193.28,3076.0,3102.14,489099.5572,1648252799999.0,1532535177.917052,745999.0,245720.4973
03/24/2022 00:00,3035.99,3129.11,2999.11,3110.76,577171.5239,1648166399999.0,1768485489.446136,853822.0,298092.171
03/23/2022 00:00,2969.64,3045.2,2920.65,3036.0,453962.7298,1648079999999.0,1350911495.416662,813052.0,226895.0474
03/22/2022 00:00,2890.03,3052.85,2886.43,2969.64,564868.9839,1647993599999.0,1692559175.066055,920670.0,295987.2868
03/21/2022 00:00,2861.39,2960.57,2829.81,2890.03,450223.9073,1647907199999.0,1305282353.585495,690648.0,231550.1453
03/20/2022 00:00,2950.85,2964.17,2817.21,2861.38,377608.8214,1647820799999.0,1089196046.052685,651827.0,187345.6127
03/19/2022 00:00,2938.84,2987.7,2890.86,2950.84,325971.5398,1647734399999.0,961244629.511118,556406.0,167607.0765
03/18/2022 00:00,2811.91,2984.0,2765.59,2938.92,556535.7966,1647647999999.0,1590887965.76135,794774.0,295262.3263
03/17/2022 00:00,2773.8,2836.0,2746.42,2811.92,379312.541,1647561599999.0,1058301299.033757,597885.0,192019.3212
03/16/2022 00:00,2617.74,2788.0,2603.38,2773.81,666224.7217,1647475199999.0,1792497068.36131,1055171.0,338488.8388
03/15/2022 00:00,2589.42,2669.0,2507.0,2617.73,461202.3014,1647388799999.0,1189436494.535537,686797.0,235635.1425
03/14/2022 00:00,2515.66,2609.6,2498.67,2589.41,386630.1912,1647302399999.0,991479973.091494,609122.0,201825.4663
03/13/2022 00:00,2568.8,2603.32,2493.0,2515.65,316942.1601,1647215999999.0,811775081.557994,444352.0,148692.8964
03/12/2022 00:00,2556.86,2616.79,2553.39,2568.8,219236.5711,1647129599999.0,567134036.896676,327122.0,114440.8384
03/11/2022 00:00,2606.69,2676.78,2522.57,2556.86,494583.6568,1647043199999.0,1281060913.835518,684407.0,248108.1042
03/10/2022 00:00,2726.98,2733.25,2550.27,2606.7,559029.9377,1646956799999.0,1460470256.475736,740676.0,264792.3285
03/09/2022 00:00,2575.98,2775.85,2567.7,2726.98,562771.7403,1646870399999.0,1524779168.022153,840331.0,296746.7595
03/08/2022 00:00,2491.12,2624.0,2480.15,2575.97,561659.7421,1646783999999.0,1438848034.008704,812094.0,282902.6371
03/07/2022 00:00,2551.3,2649.0,2445.0,2491.12,620171.6787,1646697599999.0,1575658962.135642,870430.0,311464.4996
03/06/2022 00:00,2665.16,2676.29,2535.0,2551.29,336487.9099,1646611199999.0,881200532.285509,528787.0,158089.6763
03/05/2022 00:00,2622.11,2685.12,2589.38,2665.15,268730.3036,1646524799999.0,709708518.862464,531829.0,132344.5447
03/04/2022 00:00,2834.0,2836.17,2573.0,2622.1,556178.7588,1646438399999.0,1499282207.482794,934846.0,272794.9911
03/03/2022 00:00,2947.31,2970.97,2785.0,2833.99,446192.2353,1646351999999.0,1282099960.458349,770738.0,215583.3099
03/02/2022 00:00,2976.33,3043.91,2914.21,2947.3,614623.7461,1646265599999.0,1828572588.461256,1050193.0,307323.4319
03/01/2022 00:00,2920.83,3037.94,2854.09,2976.33,673901.6976,1646179199999.0,1983738648.091627,1237486.0,336703.7636
02/28/2022 00:00,2616.79,2951.6,2568.62,2920.95,733794.4488,1646092799999.0,2004492152.838274,1203874.0,382192.1865
02/27/2022 00:00,2779.47,2836.33,2557.98,2616.79,650198.7785,1646006399999.0,1757950720.803781,1149184.0,318022.3875
02/26/2022 00:00,2768.05,2878.0,2727.5,2779.47,418485.2529,1645919999999.0,1169315477.8095,781683.0,216251.6942
02/25/2022 00:00,2596.26,2834.97,2571.72,2768.49,679394.1762,1645833599999.0,1818778014.603611,1102014.0,360732.9676
02/24/2022 00:00,2579.7,2740.0,2300.0,2596.2,1395732.7753,1645747199999.0,3417715584.187025,1774038.0,707050.4189
02/23/2022 00:00,2636.28,2753.55,2575.83,2579.71,504470.1412,1645660799999.0,1347740672.085344,839481.0,248657.1745
02/22/2022 00:00,2568.03,2665.74,2500.0,2636.29,692639.4942,1645574399999.0,1787436157.608267,1047915.0,350929.3036
02/21/2022 00:00,2621.99,2759.51,2558.0,2568.02,761838.9858,1645487999999.0,2030019705.147237,1116485.0,375450.9358
02/20/2022 00:00,2763.63,2764.64,2576.0,2621.99,386384.904,1645401599999.0,1023095361.857724,615990.0,179982.3854
02/19/2022 00:00,2779.3,2830.96,2694.45,2763.63,293838.0025,1645315199999.0,812399991.55453,474447.0,141892.3022
02/18/2022 00:00,2891.88,2943.97,2750.0,2779.48,502977.4069,1645228799999.0,1428246802.953186,742459.0,249635.4651
02/17/2022 00:00,3122.31,3160.0,2851.55,2891.87,488693.2624,1645142399999.0,1467352492.887897,840552.0,233828.0428
02/16/2022 00:00,3183.53,3186.77,3044.03,3122.3,319997.6244,1645055999999.0,999219896.168787,633447.0,155323.1493
02/15/2022 00:00,2929.75,3196.19,2912.06,3183.52,448971.754,1644969599999.0,1381094746.210811,795924.0,237944.8724
02/14/2022 00:00,2871.14,2964.97,2829.01,2929.75,381778.238,1644883199999.0,1107566192.889658,607853.0,194221.8781
02/13/2022 00:00,2918.58,2954.4,2836.7,2871.13,242751.3547,1644796799999.0,705260941.483037,444540.0,120559.5578
02/12/2022 00:00,2927.54,2985.98,2858.3,2918.88,336250.3131,1644710399999.0,981432045.703354,608416.0,165039.9186
02/11/2022 00:00,3072.36,3138.62,2879.0,2927.54,462025.8751,1644623999999.0,1404238408.517842,912879.0,225347.5191
02/10/2022 00:00,3243.6,3283.66,3056.74,3072.49,578212.8383,1644537599999.0,1839815885.635639,1039160.0,294389.9508
02/09/2022 00:00,3116.69,3269.7,3055.0,3243.94,370267.8913,1644451199999.0,1171445663.964222,738015.0,200069.2719
02/08/2022 00:00,3139.77,3232.87,3025.21,3116.69,514773.5837,1644364799999.0,1602652876.881495,910882.0,258325.7281
02/07/2022 00:00,3055.0,3186.0,2991.8,3139.77,455070.2529,1644278399999.0,1410603197.756882,898923.0,236657.1049
02/06/2022 00:00,3012.64,3074.56,2950.21,3054.99,249394.5966,1644191999999.0,749957614.968609,522276.0,125512.0274
02/05/2022 00:00,2994.99,3060.47,2958.01,3012.65,356803.3071,1644105599999.0,1073972573.348673,730502.0,184328.5685
02/04/2022 00:00,2695.21,2995.0,2671.4,2994.99,664002.9328,1644019199999.0,1889746043.715049,1235215.0,338287.3535
02/03/2022 00:00,2680.25,2726.64,2576.05,2695.46,405043.3931,1643932799999.0,1068724165.621823,726013.0,207767.1368
02/02/2022 00:00,2787.48,2810.88,2612.72,2680.67,447852.1228,1643846399999.0,1215958780.122614,819863.0,225815.1234
02/01/2022 00:00,2686.94,2813.0,2673.52,2787.23,390034.27362,1643759999999.0,1075341490.803359,790343.0,199367.04362
01/31/2022 00:00,2601.67,2706.77,2476.07,2686.94,444584.851,1643673599999.0,1154488527.579429,814997.0,226655.5532
01/30/2022 00:00,2601.43,2640.0,2542.5,2601.68,290770.0859,1643587199999.0,755039834.565121,564478.0,147074.1889
01/29/2022 00:00,2544.99,2636.66,2520.01,2601.43,376666.8246,1643500799999.0,966725225.782995,656017.0,196742.3966
01/28/2022 00:00,2424.02,2558.98,2357.88,2544.99,485149.8065,1643414399999.0,1183543182.408244,884305.0,243890.0215
01/27/2022 00:00,2463.0,2521.0,2316.43,2424.25,599481.7159,1643327999999.0,1448742950.458556,1029204.0,308517.357
01/26/2022 00:00,2459.04,2722.0,2402.03,2462.99,806441.62289,1643241599999.0,2058599145.3419724,1384921.0,405477.92029
01/25/2022 00:00,2439.56,2506.55,2348.96,2458.83,510152.954,1643155199999.0,1237051148.4309,946366.0,261026.4288
01/24/2022 00:00,2539.0,2539.75,2159.0,2439.29,1123134.70389,1643068799999.0,2592832133.2002006,1848889.0,556098.73488
01/23/2022 00:00,2412.18,2556.78,2370.8,2539.01,580497.7613,1642982399999.0,1431696375.615066,1053655.0,300885.431
01/22/2022 00:00,2567.47,2626.0,2300.0,2412.18,1081357.54893,1642895999999.0,2652383041.9991856,1994513.0,527287.46361
01/21/2022 00:00,3001.48,3034.12,2403.0,2568.15,1022021.70024,1642809599999.0,2828122722.883165,1723216.0,492708.32186
01/20/2022 00:00,3084.02,3273.37,2987.15,3001.48,357596.7062,1642723199999.0,1124982397.810134,718946.0,178166.9919
01/19/2022 00:00,3159.85,3174.87,3000.0,3084.02,332996.5703,1642636799999.0,1035249881.473593,647383.0,166361.989
01/18/2022 00:00,3209.68,3243.87,3082.0,3159.85,299134.2728,1642550399999.0,943140782.389924,579484.0,147919.8085
01/17/2022 00:00,3346.89,3357.57,3141.1,3209.67,284063.6548,1642463999999.0,922568646.923763,646419.0,138706.976
01/16/2022 00:00,3326.51,3393.6,3269.62,3346.88,210782.2277,1642377599999.0,701885138.83374,495317.0,105304.5398
01/15/2022 00:00,3307.42,3371.64,3261.0,3326.04,203100.3778,1642291199999.0,675484534.656949,444485.0,97533.1176
01/14/2022 00:00,3240.61,3342.79,3188.0,3307.42,285326.3505,1642204799999.0,931347172.762881,572125.0,138986.6442
01/13/2022 00:00,3371.6,3410.0,3233.43,3240.61,336234.8799,1642118399999.0,1116293607.687924,666486.0,160295.7388
01/12/2022 00:00,3239.73,3411.43,3206.2,3371.26,370465.8015,1642031999999.0,1226038697.472902,737196.0,193929.257
01/11/2022 00:00,3082.87,3263.54,3051.8,3239.72,362446.7087,1641945599999.0,1145852583.62298,668961.0,184190.5779
01/10/2022 00:00,3151.97,3185.0,2928.83,3082.68,529818.3866,1641859199999.0,1616550523.097201,935157.0,259668.2416
01/09/2022 00:00,3080.98,3211.72,3057.35,3151.97,275874.1643,1641772799999.0,864505480.881738,591523.0,140931.0384
01/08/2022 00:00,3198.68,3250.0,3000.0,3080.95,400692.1061,1641686399999.0,1252795163.486269,814600.0,192818.0544
01/07/2022 00:00,3406.81,3416.76,3064.42,3199.24,669631.7262,1641599999999.0,2149562773.329257,1307591.0,329420.1321
01/06/2022 00:00,3539.82,3550.43,3300.0,3406.81,496745.7413,1641513599999.0,1698727637.365026,1006279.0,250536.4828
01/05/2022 00:00,3785.1,3848.0,3415.0,3540.63,397942.0363,1641427199999.0,1464819255.093511,962670.0,183641.1134
01/04/2022 00:00,3765.89,3900.73,3713.11,3785.11,288258.5549,1641340799999.0,1098182607.925726,676651.0,147451.4285
01/03/2022 00:00,3828.11,3853.09,3680.0,3765.89,236245.8586,1641254399999.0,892944105.552994,594541.0,114525.6299
01/02/2022 00:00,3765.54,3857.44,3717.3,3828.27,154791.4263,1641167999999.0,585374957.73046,450610.0,81170.5053
01/01/2022 00:00,3676.22,3776.45,3673.46,3765.54,154143.8968,1641081599999.0,574718328.452744,408666.0,76937.9798
12/31/2021 00:00,3709.27,3815.0,3622.29,3676.23,268014.2942,1640995199999.0,1001765030.138141,617370.0,131438.1771
12/30/2021 00:00,3630.18,3769.1,3585.0,3709.27,249263.7305,1640908799999.0,921537785.386881,583361.0,125440.9911
12/29/2021 00:00,3792.75,3827.78,3604.2,3630.19,302753.6375,1640822399999.0,1136202240.431213,719559.0,138893.5886
12/28/2021 00:00,4037.22,4037.23,3759.36,3792.75,358064.7163,1640735999999.0,1393962041.501678,846780.0,163464.6181
12/27/2021 00:00,4063.57,4127.46,4031.0,4037.23,222225.3761,1640649599999.0,905682624.776776,557367.0,105491.2656
12/26/2021 00:00,4094.36,4105.0,4000.0,4063.56,189309.255,1640563199999.0,767315615.268866,496076.0,88120.2395
12/25/2021 00:00,4046.35,4137.91,4018.62,4094.83,208126.8805,1640476799999.0,846912042.129082,515115.0,100652.6926
12/24/2021 00:00,4111.41,4134.84,4017.17,4046.36,230833.1661,1640390399999.0,943702137.854923,593513.0,108806.8975
12/23/2021 00:00,3979.51,4150.0,3893.23,4111.41,380207.8166,1640303999999.0,1525274496.506047,911905.0,194409.2359
12/22/2021 00:00,4014.41,4074.87,3933.4,3979.51,303191.8076,1640217599999.0,1215914916.525937,675826.0,145269.3136
12/21/2021 00:00,3944.72,4063.0,3913.21,4014.15,340826.3553,1640131199999.0,1364232642.488108,799127.0,166855.9599
12/20/2021 00:00,3924.14,3983.37,3753.0,3944.73,366916.4771,1640044799999.0,1416566980.691001,844070.0,174604.9108
12/19/2021 00:00,3959.93,4032.43,3884.0,3924.14,306006.323,1639958399999.0,1208752533.595065,688078.0,155815.0605
12/18/2021 00:00,3875.43,3996.93,3767.01,3959.93,339593.2543,1639871999999.0,1326617546.276588,740899.0,169241.7877
12/17/2021 00:00,3959.11,3994.1,3700.0,3875.42,463370.9225,1639785599999.0,1789265513.242975,1052871.0,229084.7318
12/16/2021 00:00,4019.54,4113.43,3942.11,3958.11,368780.031,1639699199999.0,1489983161.888796,848885.0,183514.6827
12/15/2021 00:00,3858.99,4092.22,3643.73,4019.08,542068.0573,1639612799999.0,2102151850.114585,1238234.0,279106.549
12/14/2021 00:00,3781.92,3882.74,3685.0,3858.99,395145.7462,1639526399999.0,1499985094.813692,915721.0,201941.9271
12/13/2021 00:00,4130.0,4142.75,3671.45,3781.93,533467.2307,1639439999999.0,2068534029.551105,1144882.0,254674.9584
12/12/2021 00:00,4089.68,4173.63,3986.25,4130.0,260535.5157,1639353599999.0,1061361793.041272,591319.0,132750.983
12/11/2021 00:00,3898.31,4097.08,3828.22,4089.37,427853.4343,1639267199999.0,1711893271.974861,831899.0,219400.0965
12/10/2021 00:00,4105.64,4231.08,3887.37,3897.94,563236.5671,1639180799999.0,2287155262.156313,1098758.0,275875.2948
12/09/2021 00:00,4436.91,4488.0,4076.16,4105.64,462173.711,1639094399999.0,1970732612.694487,1038790.0,220095.1564
12/08/2021 00:00,4306.4,4450.49,4222.95,4436.91,429403.9351,1639007999999.0,1868281437.565388,991178.0,218029.7487
12/07/2021 00:00,4347.57,4425.0,4255.92,4306.4,420749.751,1638921599999.0,1830621575.426944,986492.0,209138.1349
12/06/2021 00:00,4196.44,4376.15,3921.0,4347.59,726742.9638,1638835199999.0,2991267298.82173,1447061.0,359456.3673
12/05/2021 00:00,4117.25,4248.19,4031.39,4196.44,536325.4413,1638748799999.0,2224220852.279197,1088546.0,267574.1867
12/04/2021 00:00,4215.01,4238.59,3503.68,4117.25,1111773.1451,1638662399999.0,4370074804.513231,2264288.0,530635.0464
12/03/2021 00:00,4511.35,4654.88,4032.5,4215.73,677974.8659,1638575999999.0,2972156867.637412,1516700.0,333149.3796
12/02/2021 00:00,4582.95,4634.83,4433.0,4511.21,451861.9545,1638489599999.0,2047468326.802657,1062149.0,226209.1863
12/01/2021 00:00,4630.25,4778.75,4523.99,4582.95,508198.3105,1638403199999.0,2382156066.737272,1367302.0,246310.7878
11/30/2021 00:00,4444.54,4753.0,4346.36,4630.26,743024.4662,1638316799999.0,3391424543.472383,1808789.0,382798.4648
11/29/2021 00:00,4294.77,4458.92,4276.89,4444.53,406881.2284,1638230399999.0,1772611136.392454,947503.0,197615.3669
11/28/2021 00:00,4095.29,4298.51,3964.0,4294.78,346471.3551,1638143999999.0,1421535999.752079,842343.0,174386.8187
11/27/2021 00:00,4041.2,4183.66,4028.34,4095.29,275326.5202,1638057599999.0,1133169071.35039,723831.0,136157.3482
11/26/2021 00:00,4524.48,4551.0,3913.0,4041.2,720245.1612,1637971199999.0,2994490664.021844,1654553.0,348872.8661
11/25/2021 00:00,4270.1,4550.0,4248.27,4524.85,445868.2434,1637884799999.0,1962939107.447745,1123629.0,231824.3193
11/24/2021 00:00,4339.45,4373.94,4167.65,4269.36,448727.0306,1637798399999.0,1913428104.737214,990018.0,224088.2362
11/23/2021 00:00,4086.28,4385.59,4059.62,4339.44,502811.7902,1637711999999.0,2125825553.222323,1098270.0,257182.2577
11/22/2021 00:00,4259.7,4320.0,4022.74,4085.97,518501.3338,1637625599999.0,2167112891.865733,1162581.0,252693.2206
11/21/2021 00:00,4412.17,4451.0,4242.41,4258.31,340206.3203,1637539199999.0,1479842945.950397,836925.0,163875.6246
11/20/2021 00:00,4294.75,4435.88,4199.86,4412.17,365584.578,1637452799999.0,1577172914.216076,888090.0,184875.7626
11/19/2021 00:00,3996.9,4308.97,3973.01,4294.76,420045.0897,1637366399999.0,1740904041.283998,984517.0,220791.4006
11/18/2021 00:00,4288.07,4344.81,3956.44,3996.9,576945.1837,1637279999999.0,2387588164.850108,1319866.0,271503.5573
11/17/2021 00:00,4209.59,4299.91,4063.48,4287.8,472852.1842,1637193599999.0,1980248927.711231,1146593.0,230168.3863
11/16/2021 00:00,4563.77,4563.77,4103.0,4209.76,735857.063,1637107199999.0,3163788841.066021,1741259.0,354749.4963
11/15/2021 00:00,4626.5,4772.01,4540.0,4563.78,375421.6601,1637020799999.0,1752738875.791921,1061676.0,193844.8631
11/14/2021 00:00,4644.27,4696.05,4514.12,4626.5,245309.0674,1636934399999.0,1126786539.405778,623491.0,122672.4061
11/13/2021 00:00,4665.47,4707.6,4584.08,4644.28,220720.6611,1636847999999.0,1026142451.546252,731125.0,118424.284
11/12/2021 00:00,4719.0,4809.71,4507.85,4665.46,461580.0415,1636761599999.0,2146130116.871767,1206412.0,233963.1159
11/11/2021 00:00,4628.68,4779.0,4576.47,4719.0,303688.9765,1636675199999.0,1425610198.742417,909164.0,157894.3577
11/10/2021 00:00,4732.33,4868.0,4461.93,4628.78,553596.99163,1636588799999.0,2600175501.1604886,1492374.0,270065.18221
11/09/2021 00:00,4807.98,4838.28,4713.89,4732.33,311267.57998,1636502399999.0,1489567265.6696913,995668.0,147968.47588
11/08/2021 00:00,4612.59,4822.97,4612.0,4807.98,391102.31806,1636415999999.0,1850800839.6928575,1344244.0,202324.49531
11/07/2021 00:00,4518.0,4637.98,4502.37,4612.59,243596.5952,1636329599999.0,1115635571.36518,834745.0,124167.1925
11/06/2021 00:00,4474.24,4530.0,4326.17,4518.0,322154.0973,1636243199999.0,1429791261.319524,868676.0,162175.6278
11/05/2021 00:00,4532.31,4570.05,4438.8,4474.24,305651.7244,1636156799999.0,1375503505.227947,893068.0,152155.8565
11/04/2021 00:00,4603.35,4606.65,4420.08,4532.32,368218.25695,1636070399999.0,1663942873.793036,1019675.0,180789.4819
11/03/2021 00:00,4589.68,4665.87,4455.0,4603.35,448658.35125,1635983999999.0,2051737308.012625,1580640.0,221693.79026
11/02/2021 00:00,4319.43,4599.6,4284.43,4589.89,468184.79301,1635897599999.0,2083371519.8068273,1657233.0,245450.7112
11/01/2021 00:00,4287.48,4386.58,4146.3,4319.43,417620.7073,1635811199999.0,1794319887.30236,1134036.0,208433.9365
10/31/2021 00:00,4322.68,4399.14,4164.35,4287.21,412856.2893,1635724799999.0,1764886607.687624,1303438.0,207029.193
10/30/2021 00:00,4418.89,4434.06,4232.2,4322.68,340223.069,1635638399999.0,1469664811.936835,1035476.0,164985.5425
10/29/2021 00:00,4286.01,4460.47,4265.97,4418.89,559231.07691,1635551999999.0,2440933126.0486555,1799386.0,299827.57771
10/28/2021 00:00,3921.99,4295.0,3890.17,4286.02,626378.5055,1635465599999.0,2587268364.261439,1711575.0,331721.6797
10/27/2021 00:00,4131.52,4307.0,3909.0,3922.0,704604.25,1635379199999.0,2874313313.398058,1872190.0,342946.2522
10/26/2021 00:00,4220.36,4297.0,4090.21,4131.52,414498.1599,1635292799999.0,1739912498.469915,1285913.0,205853.0689
10/25/2021 00:00,4082.33,4236.0,4067.71,4220.37,347438.6534,1635206399999.0,1445430078.54488,939963.0,173328.5306
10/24/2021 00:00,4167.13,4186.57,3961.5,4082.33,350115.8386,1635119999999.0,1421627004.334803,917969.0,173779.212
10/23/2021 00:00,3972.19,4172.0,3937.51,4167.12,326576.9601,1635033599999.0,1323345505.757517,940891.0,168280.0749
10/22/2021 00:00,4053.0,4167.41,3888.0,3972.2,463222.5428,1634947199999.0,1872218697.851097,1133846.0,222124.1917
10/21/2021 00:00,4161.37,4375.0,4013.13,4052.99,798566.55805,1634860799999.0,3335123440.9982123,2380751.0,404846.9768
10/20/2021 00:00,3876.98,4169.0,3828.05,4161.15,537383.09732,1634774399999.0,2149449047.3673105,1766454.0,279381.99444
10/19/2021 00:00,3744.96,3886.89,3732.0,3877.03,341268.3723,1634687999999.0,1300066269.933142,925015.0,174324.5608
10/18/2021 00:00,3847.0,3893.14,3676.0,3744.96,401819.9734,1634601599999.0,1520728621.310328,994548.0,195898.4727
10/17/2021 00:00,3829.96,3919.19,3640.0,3846.85,368898.9831,1634515199999.0,1406207658.840768,1025324.0,178427.9421
10/16/2021 00:00,3868.38,3971.0,3803.56,3829.96,373727.8549,1634428799999.0,1452752901.397648,1037769.0,187096.1122
10/15/2021 00:00,3790.82,3907.77,3734.1,3868.99,504321.732,1634342399999.0,1924965953.858499,1399937.0,254168.4935
10/14/2021 00:00,3607.41,3824.0,3586.04,3790.82,481894.1473,1634255999999.0,1792792932.944189,1430307.0,251733.9105
10/13/2021 00:00,3491.43,3613.0,3412.7,3607.42,393463.1222,1634169599999.0,1376610269.516408,902525.0,201681.7182
10/12/2021 00:00,3542.12,3547.11,3403.21,3491.46,409377.1918,1634083199999.0,1425455761.406618,925699.0,201641.4148
10/11/2021 00:00,3414.22,3623.8,3371.0,3542.12,493521.882,1633996799999.0,1743391083.658808,1110340.0,241854.8172
10/10/2021 00:00,3574.83,3604.0,3405.0,3414.22,580223.6302,1633910399999.0,2049128230.344259,1765439.0,283364.0936
10/09/2021 00:00,3563.13,3635.0,3538.07,3574.82,361906.7514,1633823999999.0,1299757023.499163,1175683.0,181998.6895
10/08/2021 00:00,3587.47,3695.0,3532.0,3563.13,403597.1437,1633737599999.0,1455713871.288283,1084792.0,199496.5173
10/07/2021 00:00,3574.88,3653.98,3470.8,3587.47,486102.3591,1633651199999.0,1736906584.27609,1252503.0,243095.0309
10/06/2021 00:00,3515.48,3632.11,3342.0,3574.89,618265.5402,1633564799999.0,2172519696.562985,1444856.0,309931.1456
10/05/2021 00:00,3386.31,3545.0,3363.78,3515.27,393900.8818,1633478399999.0,1355905889.610947,1025512.0,198949.7787
10/04/2021 00:00,3417.73,3437.19,3270.0,3386.31,485204.642,1633391999999.0,1631562261.554976,1090407.0,234726.4574
10/03/2021 00:00,3387.77,3488.0,3342.51,3417.73,360586.8905,1633305599999.0,1231536168.315363,816339.0,183173.9282
10/02/2021 00:00,3309.91,3469.0,3257.0,3387.76,422551.1811,1633219199999.0,1417055615.816637,1046194.0,215469.0975
10/01/2021 00:00,3000.62,3330.0,2969.07,3309.91,648714.6151,1633132799999.0,2063112280.667791,1446386.0,336578.1769
09/30/2021 00:00,2850.45,3048.42,2837.19,3000.61,506896.7612,1633046399999.0,1514341937.307116,992243.0,255146.8926
09/29/2021 00:00,2805.15,2950.0,2782.0,2850.45,411305.0893,1632959999999.0,1180681056.162314,748804.0,207837.6036
09/28/2021 00:00,2924.76,2970.82,2789.0,2804.91,511325.4643,1632873599999.0,1477983245.669702,928494.0,250476.1527
09/27/2021 00:00,3059.36,3164.94,2922.71,2925.59,510130.7319,1632787199999.0,1564096695.372967,1043885.0,249913.2903
09/26/2021 00:00,2921.84,3115.51,2738.17,3059.37,703594.478,1632700799999.0,2062409598.894876,1347301.0,346152.9053
09/25/2021 00:00,2928.22,2967.52,2801.57,2921.73,491974.0226,1632614399999.0,1428143403.478111,934301.0,245314.6092
09/24/2021 00:00,3152.41,3158.52,2733.0,2928.53,932090.8856,1632527999999.0,2715718192.370976,1607374.0,447178.1607
09/23/2021 00:00,3076.92,3174.5,3033.85,3152.5,459293.8858,1632441599999.0,1428616217.718121,885568.0,230448.3995
09/22/2021 00:00,2766.72,3088.88,2737.54,3076.92,677457.64825,1632355199999.0,1993084668.614384,1200519.0,356419.52515
09/21/2021 00:00,2977.32,3105.83,2652.0,2765.9,971519.88941,1632268799999.0,2827179157.4349656,1754962.0,468088.16275
09/20/2021 00:00,3328.57,3347.82,2913.39,2977.28,917939.57849,1632182399999.0,2834781758.8926153,1708278.0,438137.50219
09/19/2021 00:00,3435.64,3456.53,3277.74,3328.62,312948.0013,1632095999999.0,1052980779.84908,687285.0,151230.7096
09/18/2021 00:00,3399.89,3541.96,3368.88,3435.64,315162.7627,1632009599999.0,1090387917.429689,692204.0,154824.5614
09/17/2021 00:00,3567.97,3594.17,3350.07,3399.81,398888.3705,1631923199999.0,1383268101.517886,867583.0,195646.9993
09/16/2021 00:00,3613.55,3676.28,3481.14,3567.98,467985.4919,1631836799999.0,1680487713.224465,1081868.0,231345.773
09/15/2021 00:00,3434.37,3616.16,3357.78,3613.55,428507.5278,1631750399999.0,1486156273.791875,977023.0,216020.2616
09/14/2021 00:00,3285.09,3437.05,3269.95,3434.37,373634.9026,1631663999999.0,1249733657.132103,894664.0,187175.3987
09/13/2021 00:00,3404.3,3430.3,3108.49,3285.35,647855.7199,1631577599999.0,2103663103.067748,1363198.0,311994.072
09/12/2021 00:00,3267.1,3474.16,3231.1,3404.21,408858.9595,1631491199999.0,1379322044.697631,1089138.0,203397.6282
09/11/2021 00:00,3208.85,3348.37,3200.0,3267.21,413524.1761,1631404799999.0,1355587141.453793,833958.0,207506.7378
09/10/2021 00:00,3424.94,3514.11,3150.0,3208.86,633026.2659,1631318399999.0,2107283581.30531,1128069.0,312620.0773
09/09/2021 00:00,3499.01,3567.06,3390.4,3424.93,628553.8831,1631231999999.0,2194182935.338638,1147283.0,313804.0919
09/08/2021 00:00,3434.84,3560.0,3215.16,3499.0,780611.7657,1631145599999.0,2665272033.980108,1783652.0,385803.0214
09/07/2021 00:00,3926.67,3947.15,3005.0,3434.57,1203536.00209,1631059199999.0,4298119218.282754,2359100.0,567117.08258
09/06/2021 00:00,3950.28,3970.0,3864.3,3926.77,397768.5783,1630972799999.0,1562560096.37577,865160.0,199177.0547
09/05/2021 00:00,3885.61,3980.0,3830.0,3950.29,365759.8597,1630886399999.0,1432553302.476841,1083584.0,187163.4226
09/04/2021 00:00,3938.11,3970.0,3832.5,3885.52,364478.1193,1630799999999.0,1422981232.233712,996623.0,176186.7034
09/03/2021 00:00,3785.82,4027.88,3705.05,3938.11,655903.75739,1630713599999.0,2557662974.330016,1678132.0,334965.95109
09/02/2021 00:00,3826.82,3836.8,3717.04,3785.82,525165.7996,1630627199999.0,1981758437.085756,1402190.0,255406.3611
09/01/2021 00:00,3429.19,3842.0,3382.22,3826.82,845759.95868,1630540799999.0,3038498667.85424,2022132.0,445083.48573
08/31/2021 00:00,3229.14,3476.0,3188.77,3429.2,863071.13092,1630454399999.0,2895209449.707765,1772849.0,431197.75023
08/30/2021 00:00,3223.47,3347.95,3143.0,3229.64,625347.27541,1630367999999.0,2027490192.4973872,1228525.0,317195.90286
08/29/2021 00:00,3244.75,3285.0,3152.34,3223.47,335806.7827,1630281599999.0,1078681950.902087,661232.0,168361.7531
08/28/2021 00:00,3273.89,3287.0,3210.31,3244.48,262360.34921,1630195199999.0,850631439.0532795,539377.0,128912.53425
08/27/2021 00:00,3093.06,3280.0,3060.18,3273.45,451027.80711,1630108799999.0,1434311977.245256,802187.0,231317.4704
08/26/2021 00:00,3226.88,3250.0,3053.3,3093.2,442298.47372,1630022399999.0,1382397989.4504704,959232.0,210645.9104
08/25/2021 00:00,3170.63,3248.0,3080.0,3226.87,483697.69444,1629935999999.0,1534476278.2531996,1031704.0,237587.76403
08/24/2021 00:00,3321.28,3357.85,3147.31,3170.62,540480.07853,1629849599999.0,1758604481.5998473,984324.0,255974.71494
08/23/2021 00:00,3238.0,3377.89,3230.02,3321.28,602103.44614,1629763199999.0,2000534992.1483486,1520784.0,307844.29088
08/22/2021 00:00,3223.36,3272.0,3126.42,3238.0,406479.07654,1629676799999.0,1304347038.5713573,803263.0,200170.96021
08/21/2021 00:00,3284.81,3309.16,3207.0,3223.43,421156.09084,1629590399999.0,1375973641.1631632,777622.0,211442.3087
08/20/2021 00:00,3184.11,3300.0,3177.16,3284.82,558127.4554,1629503999999.0,1809283029.2179065,1137843.0,279786.28754
08/19/2021 00:00,3014.18,3188.0,2958.33,3184.12,634769.92174,1629417599999.0,1931520693.610396,1297759.0,323213.07804
08/18/2021 00:00,3011.73,3125.81,2950.0,3014.55,625103.25568,1629331199999.0,1902429362.9636242,1093813.0,312124.66699
08/17/2021 00:00,3147.18,3290.0,2991.89,3011.72,804996.06971,1629244799999.0,2535149204.5375986,1644472.0,374586.04818
08/16/2021 00:00,3307.35,3335.0,3135.22,3146.53,635667.05422,1629158399999.0,2062860388.3954494,1940766.0,299737.20397
08/15/2021 00:00,3263.16,3320.0,3111.13,3307.09,565579.67765,1629071999999.0,1813755247.625386,1224556.0,278202.49839
08/14/2021 00:00,3322.33,3330.98,3200.0,3263.16,486102.53787,1628985599999.0,1587713825.6861787,1014420.0,237085.55544
08/13/2021 00:00,3046.11,3327.83,3033.8,3322.32,579333.40323,1628899199999.0,1867199038.7077763,1311322.0,302432.48843
08/12/2021 00:00,3160.4,3239.0,2979.29,3045.96,737628.45808,1628812799999.0,2283938414.771762,1587719.0,349848.69183
08/11/2021 00:00,3141.14,3274.0,3120.27,3160.5,732546.60433,1628726399999.0,2351996141.79722,1786853.0,363763.55938
08/10/2021 00:00,3160.51,3233.0,3051.22,3141.66,880675.74443,1628639999999.0,2763516346.6677885,1824522.0,446954.52251
08/09/2021 00:00,3011.84,3186.0,2893.23,3160.52,1129584.61614,1628553599999.0,3453771928.0603356,2114151.0,561464.36607
08/08/2021 00:00,3160.48,3189.99,2949.03,3011.85,966349.70579,1628467199999.0,2979960615.1300263,1771162.0,483981.14361
08/07/2021 00:00,2891.54,3171.0,2865.5,3160.31,1205277.10095,1628380799999.0,3673732670.317354,2318608.0,626027.34275
08/06/2021 00:00,2827.01,2946.75,2720.06,2891.58,825399.48637,1628294399999.0,2334160884.1259294,1873337.0,414224.32756
08/05/2021 00:00,2724.55,2843.98,2529.91,2826.99,1307720.20654,1628207999999.0,3553456266.77197,2690052.0,667954.4434
08/04/2021 00:00,2508.51,2772.71,2457.68,2724.78,954590.7536,1628121599999.0,2498364633.894655,1839302.0,487804.51345
08/03/2021 00:00,2606.92,2632.44,2442.32,2509.04,792960.84375,1628035199999.0,1986976146.0041504,1701919.0,379722.87711
08/02/2021 00:00,2555.5,2666.0,2507.0,2606.93,726701.84952,1627948799999.0,1887684672.4710493,1596914.0,349146.53842
08/01/2021 00:00,2531.1,2697.61,2511.24,2555.69,853495.94078,1627862399999.0,2217485596.778454,1810440.0,424598.26467
07/31/2021 00:00,2461.77,2553.86,2420.68,2531.05,507601.05026,1627775999999.0,1253810139.1383708,1007386.0,260698.67822
07/30/2021 00:00,2382.93,2471.7,2315.92,2461.81,762577.28797,1627689599999.0,1824191451.558631,1428312.0,392130.06114
07/29/2021 00:00,2300.9,2400.0,2266.12,2382.92,499364.83496,1627603199999.0,1157988358.946293,1036449.0,256551.90722
07/28/2021 00:00,2299.47,2345.0,2243.15,2300.9,718202.57727,1627516799999.0,1649860557.2934496,1287050.0,354056.40824
07/27/2021 00:00,2227.81,2319.26,2150.5,2299.49,906359.23478,1627430399999.0,2025582065.4137945,1502763.0,453060.9884
07/26/2021 00:00,2189.82,2433.65,2171.57,2228.08,1393738.163,1627343999999.0,3222622416.2567244,2252910.0,700749.72547
07/25/2021 00:00,2184.9,2197.41,2105.93,2189.79,535630.27,1627257599999.0,1154562327.653945,941623.0,264032.01071
07/24/2021 00:00,2124.26,2199.5,2105.58,2184.75,633075.18592,1627171199999.0,1360667031.9830072,1056670.0,325598.83875
07/23/2021 00:00,2024.27,2130.9,1993.22,2124.25,708160.91322,1627084799999.0,1455496732.0516536,1035643.0,369453.14045
07/22/2021 00:00,1995.5,2046.0,1947.62,2024.56,768854.3659,1626998399999.0,1536669128.5204518,1074800.0,380631.63083
07/21/2021 00:00,1786.03,2035.23,1747.55,1995.5,1115949.82033,1626911999999.0,2138345813.7854452,1304423.0,572242.67732
07/20/2021 00:00,1818.73,1841.34,1706.0,1786.03,786257.272,1626825599999.0,1386498470.3401668,943640.0,361612.01276
07/19/2021 00:00,1891.65,1919.0,1805.0,1818.73,547419.93771,1626739199999.0,1011627398.9238826,641063.0,251885.98865
07/18/2021 00:00,1899.5,1993.79,1877.1,1891.64,534837.63654,1626652799999.0,1038104997.5220178,768528.0,265665.55659
07/17/2021 00:00,1876.47,1919.19,1844.45,1899.59,430300.51578,1626566399999.0,810628641.2579023,576008.0,216291.07537
07/16/2021 00:00,1919.54,1965.0,1850.0,1876.26,577068.89724,1626479999999.0,1097832472.3221335,721120.0,281955.46534
07/15/2021 00:00,1994.41,2042.88,1881.0,1919.51,645271.32563,1626393599999.0,1251834409.941772,865033.0,327273.48478
07/14/2021 00:00,1940.44,2019.18,1865.0,1994.58,690505.60937,1626307199999.0,1342931974.3496466,936438.0,340257.8567
07/13/2021 00:00,2031.57,2047.35,1918.0,1940.15,647388.24969,1626220799999.0,1287490852.461495,902810.0,316356.56219
07/12/2021 00:00,2140.54,2167.83,2006.68,2031.58,540630.10742,1626134399999.0,1126108847.3713691,725803.0,259649.61299
07/11/2021 00:00,2110.68,2174.0,2081.02,2140.45,342294.40302,1626047999999.0,727911535.268998,479138.0,175830.75143
07/10/2021 00:00,2146.99,2194.82,2074.16,2110.69,499071.85904,1625961599999.0,1058023794.511424,646476.0,244207.37542
07/09/2021 00:00,2116.32,2189.4,2046.51,2146.99,738611.36304,1625875199999.0,1568646237.310995,867603.0,376374.9264
07/08/2021 00:00,2316.25,2325.6,2084.79,2116.33,880265.04124,1625788799999.0,1926184139.309848,1234614.0,430334.02257
07/07/2021 00:00,2322.51,2409.0,2291.9,2316.57,666501.35572,1625702399999.0,1570553094.6375713,1113578.0,341514.34243
07/06/2021 00:00,2196.85,2350.0,2193.0,2322.5,785330.17152,1625615999999.0,1803108194.4684093,1326163.0,394638.45053
07/05/2021 00:00,2322.69,2324.64,2157.32,2196.53,781806.31605,1625529599999.0,1753862827.3791046,1264204.0,376068.64852
07/04/2021 00:00,2226.99,2389.93,2189.58,2322.69,590656.25069,1625443199999.0,1365904900.349907,1204553.0,301461.36172
07/03/2021 00:00,2153.95,2240.0,2112.01,2226.99,569264.801,1625356799999.0,1248888441.2531536,922576.0,295114.62138
07/02/2021 00:00,2106.41,2160.0,2018.5,2154.13,672282.37476,1625270399999.0,1397269246.2664564,862561.0,337006.28168
07/01/2021 00:00,2275.68,2275.93,2073.12,2106.41,787865.25137,1625183999999.0,1688043308.127257,1414518.0,384175.37542
06/30/2021 00:00,2165.46,2287.78,2087.99,2275.68,910583.6032,1625097599999.0,1973676680.873127,1464112.0,455834.94051
06/29/2021 00:00,2084.42,2245.0,2073.57,2165.33,831257.23277,1625011199999.0,1804733069.9829893,1536044.0,421410.27571
06/28/2021 00:00,1982.27,2145.0,1960.52,2084.41,1044244.68308,1624924799999.0,2138998047.8776278,1657087.0,541464.02542
06/27/2021 00:00,1829.84,1984.5,1804.26,1982.28,696055.79307,1624838399999.0,1299521992.0717993,1091206.0,354611.53419
06/26/2021 00:00,1808.97,1852.8,1717.32,1829.64,832315.14904,1624751999999.0,1478550576.564645,923226.0,407180.66965
06/25/2021 00:00,1989.53,2019.99,1791.22,1808.82,858808.54767,1624665599999.0,1612556879.1072812,1041338.0,408120.68053
06/24/2021 00:00,1967.95,2036.61,1884.79,1989.52,701231.67478,1624579199999.0,1377799766.499455,833337.0,344155.41659
06/23/2021 00:00,1879.29,2045.0,1821.95,1968.14,918612.30494,1624492799999.0,1817518228.910071,1141790.0,462271.19818
06/22/2021 00:00,1885.27,1998.0,1700.48,1879.28,1695338.08052,1624406399999.0,3158928001.1311445,1856357.0,836934.44825
06/21/2021 00:00,2243.49,2260.16,1865.54,1885.49,1629819.66576,1624319999999.0,3252129521.677504,2014010.0,790387.70091
06/20/2021 00:00,2165.34,2280.01,2040.68,2243.47,743883.64741,1624233599999.0,1599009750.5269032,1035537.0,372014.61158
06/19/2021 00:00,2234.09,2278.82,2161.67,2164.67,496872.24997,1624147199999.0,1104923869.4185991,763820.0,247263.46485
06/18/2021 00:00,2373.28,2378.0,2139.0,2234.09,778905.20197,1624060799999.0,1758827532.8833418,1067542.0,371196.26583
06/17/2021 00:00,2368.02,2460.5,2306.0,2373.28,560667.58566,1623974399999.0,1338389545.0014825,961448.0,270180.83506
06/16/2021 00:00,2543.55,2556.19,2351.18,2367.89,624741.78358,1623887999999.0,1533734359.4130068,896073.0,284039.92262
06/15/2021 00:00,2580.58,2640.0,2507.7,2543.54,599826.64933,1623801599999.0,1548303436.0627651,1044834.0,296745.7672
06/14/2021 00:00,2509.33,2609.17,2461.0,2580.77,684183.55622,1623715199999.0,1730260219.1338103,1118498.0,344642.00777
06/13/2021 00:00,2370.64,2548.41,2308.41,2509.33,715948.75986,1623628799999.0,1724097564.334307,1217504.0,362663.11262
06/12/2021 00:00,2354.09,2454.53,2256.22,2370.74,767439.4984,1623542399999.0,1807036943.9986246,1127302.0,387478.69595
06/11/2021 00:00,2471.01,2497.99,2321.37,2354.01,587364.27358,1623455999999.0,1424975261.8077207,885172.0,283123.21039
06/10/2021 00:00,2610.2,2624.46,2425.11,2471.09,741237.49926,1623369599999.0,1874571746.4354444,978237.0,363431.81896
06/09/2021 00:00,2507.43,2626.63,2405.28,2610.18,1276718.24011,1623283199999.0,3223323188.070379,1763686.0,628336.14933
06/08/2021 00:00,2592.05,2620.99,2304.91,2507.23,1693747.42759,1623196799999.0,4201646662.8817344,2128256.0,825822.24736
06/07/2021 00:00,2711.92,2847.55,2570.0,2592.05,1152128.07856,1623110399999.0,3149245176.9112635,1926275.0,577620.94623
06/06/2021 00:00,2627.63,2745.0,2614.0,2711.92,673792.69369,1623023999999.0,1814112037.5335102,1336460.0,330313.64976
06/05/2021 00:00,2689.54,2816.87,2552.23,2627.73,961824.12413,1622937599999.0,2575726370.430859,1670498.0,485392.70366
06/04/2021 00:00,2857.25,2860.0,2552.0,2689.51,1188314.11191,1622851199999.0,3175186750.490876,1775946.0,580744.67311
06/03/2021 00:00,2706.21,2891.95,2662.4,2857.25,1024290.89423,1622764799999.0,2874856613.490244,1620340.0,500895.12021
06/02/2021 00:00,2634.31,2802.99,2550.0,2706.22,970070.53563,1622678399999.0,2616566301.6287875,1349232.0,481481.7217
06/01/2021 00:00,2706.15,2740.0,2523.74,2634.57,1179577.10806,1622591999999.0,3081355010.9534516,1790186.0,575201.66943
05/31/2021 00:00,2385.82,2720.0,2271.44,2706.15,1307958.04068,1622505599999.0,3277131772.1340704,1849177.0,661801.72603
05/30/2021 00:00,2278.74,2476.42,2180.53,2385.98,1151113.19883,1622419199999.0,2726606138.631717,1519005.0,577190.77662
05/29/2021 00:00,2412.34,2574.27,2204.1,2278.74,1379427.18851,1622332799999.0,3288804154.831871,1887733.0,681047.48538
05/28/2021 00:00,2742.23,2762.45,2327.38,2412.1,1554584.61362,1622246399999.0,3934662309.0444226,2184249.0,763125.86389
05/27/2021 00:00,2884.82,2889.74,2633.68,2742.23,1099029.91206,1622159999999.0,3033719144.340213,1732113.0,540641.23243
05/26/2021 00:00,2705.1,2910.0,2643.0,2884.94,1583799.59251,1622073599999.0,4416389128.58148,2726537.0,786524.11588
05/25/2021 00:00,2647.92,2750.0,2378.54,2705.11,2115349.50445,1621987199999.0,5442737549.401259,2976859.0,1050034.53412
05/24/2021 00:00,2096.63,2675.0,2079.94,2648.43,2186632.92245,1621900799999.0,5180244966.7212305,3299296.0,1103328.42714
05/23/2021 00:00,2295.45,2381.57,1728.74,2096.39,2914548.73125,1621814399999.0,5907260139.54496,3761018.0,1410830.44221
05/22/2021 00:00,2430.98,2485.0,2145.0,2294.87,1684318.01157,1621727999999.0,3934313840.470727,2484734.0,822180.46988
05/21/2021 00:00,2767.87,2938.54,2101.0,2430.98,2727031.93514,1621641599999.0,6898701128.841128,3676164.0,1340165.22786
05/20/2021 00:00,2438.92,2990.05,2155.0,2768.62,2942777.9301,1621555199999.0,7750201898.667441,4243052.0,1465674.26337
05/19/2021 00:00,3375.08,3441.73,1888.0,2438.92,4309836.31939,1621468799999.0,11641524166.98746,5548968.0,2090952.35775
05/18/2021 00:00,3282.25,3565.71,3240.0,3375.07,1287110.84143,1621382399999.0,4392873871.822427,2143887.0,648040.21083
05/17/2021 00:00,3581.81,3587.06,3102.0,3282.51,1904012.43998,1621295999999.0,6401071580.734826,2885352.0,933732.36068
05/16/2021 00:00,3646.24,3879.0,3343.06,3582.1,1324065.65875,1621209599999.0,4788918304.497996,2532983.0,633005.25035
05/15/2021 00:00,4075.02,4134.05,3632.0,3646.68,1039174.88082,1621123199999.0,4030586492.9649377,2055345.0,498020.66776
05/14/2021 00:00,3717.92,4173.28,3691.35,4075.01,1153390.42631,1621036799999.0,4569415542.247888,2227244.0,589306.03131
05/13/2021 00:00,3810.15,4034.77,3500.0,3717.91,2068708.17427,1620950399999.0,7846531159.419687,3943562.0,1019129.41961
05/12/2021 00:00,4173.46,4372.72,3701.58,3823.21,1601842.74017,1620863999999.0,6673102683.974241,3188941.0,781569.68782
05/11/2021 00:00,3946.63,4180.22,3771.64,4173.45,1095927.10403,1620777599999.0,4350260231.588787,2290977.0,546195.67057
05/10/2021 00:00,3923.95,4208.0,3650.0,3945.88,1505897.92612,1620691199999.0,6079977785.411387,3033133.0,745235.17136
05/09/2021 00:00,3910.26,3983.65,3726.08,3923.95,1000401.0082,1620604799999.0,3885039042.6637073,2289303.0,501191.98456
05/08/2021 00:00,3479.79,3958.33,3449.27,3910.26,1130467.54852,1620518399999.0,4170897763.922394,2146967.0,576465.81586
05/07/2021 00:00,3489.74,3587.0,3353.23,3479.53,760544.64781,1620431999999.0,2641740668.4696465,1382532.0,373468.63998
05/06/2021 00:00,3524.33,3605.4,3376.47,3489.73,920592.57706,1620345599999.0,3213427394.7772655,1703109.0,457348.26339
05/05/2021 00:00,3239.01,3549.34,3200.23,3524.26,1174816.73588,1620259199999.0,3955994776.901158,2224441.0,581159.24143
05/04/2021 00:00,3431.04,3527.0,3160.0,3239.01,1826039.38558,1620172799999.0,6103102520.709462,3634236.0,913493.51765
05/03/2021 00:00,2949.33,3454.0,2949.32,3431.04,1329088.0628,1620086399999.0,4243786480.415151,2502746.0,689402.61551
05/02/2021 00:00,2944.83,2985.0,2852.26,2949.56,571982.5445,1619999999999.0,1672310882.2447007,1132280.0,294479.86893
05/01/2021 00:00,2772.42,2954.28,2743.41,2944.77,690260.07741,1619913599999.0,1979833188.0652046,1437394.0,363427.72753
04/30/2021 00:00,2757.04,2798.3,2723.09,2772.42,695339.20482,1619827199999.0,1917297701.0995226,1382521.0,348038.76271
04/29/2021 00:00,2748.23,2798.0,2668.0,2757.04,863890.01069,1619740799999.0,2366133509.254801,1379738.0,428965.61199
04/28/2021 00:00,2666.13,2760.0,2559.44,2748.24,999383.1852,1619654399999.0,2673547154.2008715,1587100.0,497704.7228
04/27/2021 00:00,2532.06,2680.0,2480.29,2666.13,771728.46451,1619567999999.0,1995139023.6148367,1255607.0,404885.92295
04/26/2021 00:00,2320.44,2542.8,2303.64,2532.6,1076469.01367,1619481599999.0,2652330344.6620235,1852607.0,547426.15132
04/25/2021 00:00,2214.08,2356.64,2168.0,2320.49,857517.38218,1619395199999.0,1948978895.4651551,1307545.0,431554.84567
04/24/2021 00:00,2367.39,2368.74,2154.8,2213.35,997688.94623,1619308799999.0,2246912953.2717814,1275474.0,494456.79061
04/23/2021 00:00,2397.94,2442.89,2107.0,2367.39,2532242.44185,1619222399999.0,5719925451.745558,2790382.0,1244539.8952
04/22/2021 00:00,2357.06,2644.47,2303.44,2397.94,2220753.09746,1619135999999.0,5508778905.781418,3110597.0,1124195.46709
04/21/2021 00:00,2330.26,2469.54,2235.16,2357.06,1177885.8617,1619049599999.0,2771995884.0361485,1905822.0,587138.28906
04/20/2021 00:00,2161.12,2346.62,2055.0,2330.03,992240.809,1618963199999.0,2181209665.225936,1478664.0,500443.49263
04/19/2021 00:00,2235.65,2300.0,2080.0,2161.12,820592.26555,1618876799999.0,1800575928.1074944,1411498.0,405251.54082
04/18/2021 00:00,2317.65,2340.0,1946.8,2235.64,1475383.69204,1618790399999.0,3190809322.5104613,2113566.0,722180.39492
04/17/2021 00:00,2422.38,2495.0,2310.0,2317.6,624232.25568,1618703999999.0,1504895144.9122343,1242299.0,306700.14929
04/16/2021 00:00,2514.04,2548.29,2300.0,2422.67,999163.75205,1618617599999.0,2418566593.0473747,1679215.0,486268.80792
04/15/2021 00:00,2432.59,2543.47,2400.0,2514.04,681950.96645,1618531199999.0,1680063463.6011207,1462768.0,355972.40197
04/14/2021 00:00,2299.19,2447.29,2281.33,2432.6,972931.60866,1618444799999.0,2294753430.627407,1554097.0,495400.5019
04/13/2021 00:00,2137.86,2318.0,2135.53,2299.19,782608.6209,1618358399999.0,1745821661.496614,1288668.0,399098.2072
04/12/2021 00:00,2151.42,2203.46,2102.0,2137.69,579093.35694,1618271999999.0,1244982956.770031,914567.0,286715.00745
04/11/2021 00:00,2133.49,2165.02,2113.4,2151.36,392265.50773,1618185599999.0,839653140.9405915,830771.0,197850.92141
04/10/2021 00:00,2067.19,2200.0,2058.0,2133.49,655458.20894,1618099199999.0,1405364881.8583133,1175161.0,330628.54391
04/09/2021 00:00,2080.39,2100.0,2047.57,2066.87,426387.4379,1618012799999.0,885134116.0229065,645172.0,205375.78451
04/08/2021 00:00,1963.46,2084.61,1947.35,2080.46,501355.998,1617926399999.0,1015796231.0118822,911403.0,250910.57734
04/07/2021 00:00,2112.22,2129.01,1930.01,1963.47,892984.90422,1617839999999.0,1798606574.0535572,1229155.0,437902.88352
04/06/2021 00:00,2107.43,2151.0,2044.65,2112.21,673386.05575,1617753599999.0,1420490813.0390558,1106761.0,332812.25752
04/05/2021 00:00,2075.7,2130.64,2002.15,2107.38,684923.61494,1617667199999.0,1419084945.8137891,947978.0,343642.59997
04/04/2021 00:00,2008.59,2091.83,1975.24,2075.69,514345.76554,1617580799999.0,1050448906.4424022,818926.0,263875.56295
04/03/2021 00:00,2133.69,2138.12,1996.3,2008.52,770176.32192,1617494399999.0,1601516390.597115,1107620.0,363187.43008
04/02/2021 00:00,1968.05,2146.0,1948.48,2133.69,846197.93215,1617407999999.0,1719752062.5167284,1218698.0,436010.09375
04/01/2021 00:00,1919.37,1984.77,1885.02,1968.05,741585.07266,1617321599999.0,1438751530.7872293,994836.0,371883.72089
03/31/2021 00:00,1840.41,1947.29,1768.15,1919.37,746995.8591,1617235199999.0,1387448329.8618677,1040362.0,377271.88679
03/30/2021 00:00,1816.76,1859.13,1786.3,1840.46,568842.00526,1617148799999.0,1039262033.3867556,856093.0,283746.67403
03/29/2021 00:00,1687.16,1841.0,1677.85,1816.74,647724.46387,1617062399999.0,1148231088.8115873,846836.0,342048.8415
03/28/2021 00:00,1712.52,1725.66,1661.4,1687.01,348895.51314,1616975999999.0,592836644.5993392,512231.0,169502.24442
03/27/2021 00:00,1698.84,1732.67,1666.41,1712.63,443845.49957,1616889599999.0,753555521.6446562,516929.0,223163.53
03/26/2021 00:00,1585.83,1699.93,1585.79,1698.84,515470.92907,1616803199999.0,844707873.9147714,650812.0,265021.0976
03/25/2021 00:00,1581.88,1622.0,1549.4,1585.74,701697.00258,1616716799999.0,1115502879.6291516,778215.0,357916.02537
03/24/2021 00:00,1668.2,1740.86,1536.92,1581.84,753834.52393,1616630399999.0,1251031751.1563811,994542.0,360806.99166
03/23/2021 00:00,1681.17,1721.17,1650.0,1668.08,577213.99589,1616543999999.0,975522491.0640426,654415.0,286791.61839
03/22/2021 00:00,1783.23,1807.51,1655.15,1680.97,582727.49081,1616457599999.0,1019780398.7821894,879976.0,284682.99701
03/21/2021 00:00,1806.57,1817.16,1747.0,1782.98,465953.98749,1616371199999.0,830951276.5130765,748800.0,227170.16353
03/20/2021 00:00,1809.01,1868.83,1800.86,1806.1,451556.10639,1616284799999.0,828404987.6527742,743672.0,230001.04734
03/19/2021 00:00,1775.92,1840.61,1733.47,1809.1,500258.42875,1616198399999.0,901801564.202326,703977.0,250974.49054
03/18/2021 00:00,1823.58,1850.0,1759.04,1776.08,603721.61056,1616111999999.0,1092346826.5536902,783517.0,284617.82364
03/17/2021 00:00,1805.01,1838.88,1741.18,1823.58,658349.44843,1616025599999.0,1177718486.9646137,872416.0,337373.92544
03/16/2021 00:00,1793.99,1819.5,1711.68,1805.12,764993.40147,1615939199999.0,1360127229.789916,987906.0,388327.71998
03/15/2021 00:00,1848.1,1891.76,1730.0,1793.48,1025326.79658,1615852799999.0,1842608872.76306,1496415.0,511041.33812
03/14/2021 00:00,1922.35,1933.1,1836.0,1848.1,637963.63627,1615766399999.0,1200354205.603357,963564.0,301776.22952
03/13/2021 00:00,1766.13,1944.3,1727.75,1922.35,926283.22642,1615679999999.0,1718553131.9614732,1265904.0,471925.04818
03/12/2021 00:00,1825.78,1841.88,1719.72,1766.1,869564.6361,1615593599999.0,1542873062.4201016,1126153.0,426161.7788
03/11/2021 00:00,1795.28,1846.7,1725.0,1825.78,909011.4961,1615507199999.0,1627027458.0887964,1023958.0,443744.99114
03/10/2021 00:00,1870.5,1877.69,1757.0,1795.12,937230.62831,1615420799999.0,1706230875.2676637,1098051.0,451348.3302
03/09/2021 00:00,1833.22,1870.77,1798.2,1870.51,857229.47855,1615334399999.0,1570286249.4509006,1196670.0,414078.09328
03/08/2021 00:00,1726.46,1843.59,1664.96,1833.18,1149711.39987,1615247999999.0,1995142128.6481345,1407402.0,602217.91071
03/07/2021 00:00,1650.68,1734.16,1630.35,1726.16,848470.78136,1615161599999.0,1414988218.19354,1166072.0,432388.65922
03/06/2021 00:00,1528.08,1671.58,1513.03,1650.35,1013300.93928,1615075199999.0,1611851701.8240168,1188531.0,536167.18087
03/05/2021 00:00,1539.22,1548.96,1441.66,1528.31,910786.28976,1614988799999.0,1355798089.272699,1000913.0,451258.01245
03/04/2021 00:00,1567.68,1624.87,1506.36,1539.23,946365.67088,1614902399999.0,1476463517.9864872,1125118.0,468540.00465
03/03/2021 00:00,1486.79,1656.94,1475.47,1567.69,1054846.31471,1614815999999.0,1676300215.0458324,1237215.0,534919.19161
03/02/2021 00:00,1570.0,1602.9,1455.52,1486.78,1061142.38743,1614729599999.0,1627312282.623529,966176.0,508683.55658
03/01/2021 00:00,1418.67,1572.0,1409.91,1569.86,1094695.17839,1614643199999.0,1642627276.3105588,989006.0,568597.04493
02/28/2021 00:00,1458.27,1468.75,1293.18,1419.18,1410207.56284,1614556799999.0,1929140046.6462586,1190546.0,704060.34406
02/27/2021 00:00,1444.56,1529.0,1425.0,1458.13,927423.0475,1614470399999.0,1375946816.3325431,954919.0,452205.99129
02/26/2021 00:00,1482.08,1562.25,1400.0,1444.59,1355973.29378,1614383999999.0,2004016547.111193,1298739.0,662906.93964
02/25/2021 00:00,1623.16,1671.59,1459.16,1481.75,1032670.79409,1614297599999.0,1650582276.8718638,1110019.0,501173.65129
02/24/2021 00:00,1577.79,1712.7,1500.2,1623.39,1384388.81727,1614211199999.0,2261264845.4650745,1319936.0,705887.81504
02/23/2021 00:00,1777.42,1782.39,1355.0,1577.89,2547837.82068,1614124799999.0,3931407907.5342765,2396626.0,1231889.46331
02/22/2021 00:00,1933.54,1936.29,1551.0,1777.58,1807244.98099,1614038399999.0,3200483176.9795847,1799926.0,854014.62953
02/21/2021 00:00,1912.9,1976.31,1883.01,1933.53,756568.19743,1613951999999.0,1467970937.2850726,895138.0,386132.26661
02/20/2021 00:00,1955.46,2042.34,1803.14,1913.0,1261315.81279,1613865599999.0,2493836246.4871454,1329067.0,624716.42408
02/19/2021 00:00,1938.91,1972.82,1891.0,1955.0,793404.4115,1613779199999.0,1533991632.1295462,988320.0,388954.85277
02/18/2021 00:00,1849.7,1950.5,1849.69,1939.61,937227.10191,1613692799999.0,1787383532.102376,1053661.0,493607.02549
02/17/2021 00:00,1781.99,1855.0,1733.01,1849.88,795711.63311,1613606399999.0,1437546812.9718318,862461.0,412387.45021
02/16/2021 00:00,1779.33,1827.28,1724.0,1781.99,817493.47513,1613519999999.0,1455884891.92438,826125.0,389395.787
02/15/2021 00:00,1800.03,1835.72,1655.67,1779.25,1053474.57879,1613433599999.0,1860338371.8974078,1086589.0,511771.37271
02/14/2021 00:00,1815.25,1850.0,1784.11,1800.42,675261.77873,1613347199999.0,1230043295.0342839,714827.0,334005.33344
02/13/2021 00:00,1840.24,1871.72,1765.0,1814.96,767589.07285,1613260799999.0,1395594093.2839975,853189.0,372008.25141
02/12/2021 00:00,1785.83,1864.88,1739.88,1840.26,909600.20653,1613174399999.0,1635426867.7740927,996495.0,460779.83709
02/11/2021 00:00,1740.76,1819.0,1703.44,1785.62,735079.82699,1613087999999.0,1301681871.563269,935602.0,367056.14118
02/10/2021 00:00,1769.14,1837.86,1680.0,1740.78,1219932.25474,1613001599999.0,2149076144.4076576,1279140.0,605462.91818
02/09/2021 00:00,1749.68,1821.88,1708.49,1769.13,1185071.89593,1612915199999.0,2080818891.698905,1173421.0,593423.36868
02/08/2021 00:00,1611.46,1775.57,1563.89,1750.15,1339777.09536,1612828799999.0,2255426926.0199776,1372788.0,677614.29512
02/07/2021 00:00,1676.35,1693.0,1490.46,1611.62,1281734.86814,1612742399999.0,2044371589.0232763,1263737.0,618789.69751
02/06/2021 00:00,1718.95,1743.67,1642.94,1676.35,1149808.33101,1612655999999.0,1940057857.9438982,1152167.0,565703.52545
02/05/2021 00:00,1595.53,1760.49,1591.0,1719.19,1194123.29946,1612569599999.0,2011685911.1668868,1326415.0,600948.63761
02/04/2021 00:00,1664.67,1695.2,1554.44,1595.67,1646502.32962,1612483199999.0,2693099602.275608,1507993.0,825236.64834
02/03/2021 00:00,1511.93,1669.35,1508.39,1664.49,1535869.88801,1612396799999.0,2418887041.5875616,1384979.0,793334.97198
02/02/2021 00:00,1374.09,1547.9,1360.28,1511.87,1944227.99878,1612310399999.0,2821617332.399785,1614541.0,986022.09176
02/01/2021 00:00,1312.45,1377.99,1269.99,1374.17,1096397.91862,1612223999999.0,1449463766.7237952,915584.0,550007.37258
01/31/2021 00:00,1378.04,1380.74,1281.12,1312.55,958704.85571,1612137599999.0,1276842259.9713488,828176.0,448756.56134
01/30/2021 00:00,1379.56,1406.0,1326.41,1378.05,1040042.2363,1612051199999.0,1414231402.5438833,1013174.0,508185.46266
01/29/2021 00:00,1329.44,1436.9,1285.35,1379.5,2253963.18682,1611964799999.0,3077996801.2317657,1714076.0,1126572.38403
01/28/2021 00:00,1238.93,1360.0,1217.23,1329.69,1365269.71962,1611878399999.0,1790490878.1937943,1275024.0,702526.23919
01/27/2021 00:00,1366.54,1373.9,1207.0,1239.03,2009772.08358,1611791999999.0,2554649901.074845,1737296.0,997748.24567
01/26/2021 00:00,1317.6,1378.49,1244.56,1365.97,1682923.65799,1611705599999.0,2216751668.3927126,1423178.0,856659.30135
01/25/2021 00:00,1392.19,1475.0,1293.69,1317.88,1885441.31289,1611619199999.0,2644267236.8971877,1661512.0,943347.25829
01/24/2021 00:00,1233.46,1398.83,1220.0,1392.51,1510879.53817,1611532799999.0,1996765627.5405192,1313986.0,790374.50924
01/23/2021 00:00,1232.61,1272.44,1195.9,1233.6,1009545.08258,1611446399999.0,1250575691.7627306,932871.0,505750.89704
01/22/2021 00:00,1111.98,1273.79,1042.31,1232.62,2020593.21673,1611359999999.0,2360267831.3175545,1652010.0,1036188.85921
01/21/2021 00:00,1376.72,1390.0,1086.0,1110.96,2310208.57298,1611273599999.0,2857288905.5771327,1864620.0,1114608.89147
01/20/2021 00:00,1365.36,1407.93,1235.42,1376.99,2219137.62144,1611187199999.0,2931656296.4670005,1852253.0,1103381.0876
01/19/2021 00:00,1258.52,1438.3,1251.49,1365.36,2278852.55758,1611100799999.0,3120980923.930309,1840481.0,1158029.40293
01/18/2021 00:00,1232.5,1260.75,1182.58,1258.45,998050.11073,1611014399999.0,1223628040.7372608,940604.0,499759.24002
01/17/2021 00:00,1227.83,1269.02,1165.0,1232.45,1317285.00579,1610927999999.0,1606424364.4970417,1121278.0,665250.50449
01/16/2021 00:00,1168.48,1298.0,1151.77,1227.83,1575384.43797,1610841599999.0,1927453174.611793,1252473.0,804431.16803
01/15/2021 00:00,1231.89,1256.98,1069.42,1168.53,1944038.83738,1610755199999.0,2302781118.9587393,1519266.0,966118.73281
01/14/2021 00:00,1129.79,1247.55,1086.7,1231.62,1555737.38556,1610668799999.0,1825860914.1737955,1255769.0,794405.96443
01/13/2021 00:00,1050.36,1137.65,987.48,1129.89,1564202.39081,1610582399999.0,1664178969.0738044,1123983.0,792814.80569
01/12/2021 00:00,1087.0,1150.02,1006.33,1050.16,2302645.34052,1610495999999.0,2491067092.510127,1516625.0,1149858.00491
01/11/2021 00:00,1254.24,1260.0,915.0,1087.01,4099450.90046,1610409599999.0,4323564508.699637,2577496.0,1981122.01834
01/10/2021 00:00,1276.0,1348.33,1170.0,1254.25,1951179.35003,1610323199999.0,2517791852.407762,1437486.0,979792.30536
01/09/2021 00:00,1216.72,1304.37,1171.36,1276.0,1448871.11514,1610236799999.0,1780137376.4164696,1131871.0,746369.6968
01/08/2021 00:00,1224.86,1273.75,1065.0,1216.93,2131172.92341,1610150399999.0,2543427452.5801253,1718817.0,1042889.10509
01/07/2021 00:00,1208.75,1289.0,1131.0,1224.87,1972922.82059,1610063999999.0,2406219891.368534,1402699.0,974726.97516
01/06/2021 00:00,1100.16,1213.0,1057.26,1208.42,2390136.59334,1609977599999.0,2725262121.288513,1600888.0,1227955.8885
01/05/2021 00:00,1041.45,1134.6,974.45,1099.56,2706995.67525,1609891199999.0,2857050280.0081425,1960503.0,1337641.02794
01/04/2021 00:00,978.33,1162.97,890.0,1041.43,4245010.94004,1609804799999.0,4303634203.219599,2477862.0,2126337.6721
01/03/2021 00:00,774.44,1011.07,768.71,978.28,2813603.88615,1609718399999.0,2522411859.73161,1636501.0,1439027.79886
01/02/2021 00:00,728.91,787.69,714.91,774.56,1352618.57668,1609631999999.0,1024472182.612087,824134.0,686674.73342
01/01/2021 00:00,736.42,749.0,714.29,728.91,675114.09329,1609545599999.0,496072043.7774074,483671.0,338988.53158
12/31/2020 00:00,752.17,755.74,722.0,736.42,863375.57981,1609459199999.0,638503822.3940645,623216.0,431442.91885
12/30/2020 00:00,732.0,758.74,716.62,752.17,1008574.09906,1609372799999.0,743546676.7544626,692405.0,514590.35901
12/29/2020 00:00,730.4,740.78,689.2,732.0,1106876.35855,1609286399999.0,794643540.4901237,820504.0,543799.46855
12/28/2020 00:00,685.1,748.09,681.04,730.41,1627154.39266,1609199999999.0,1180438285.4884064,961277.0,832490.11082
12/27/2020 00:00,637.44,717.13,625.0,685.11,1859968.15029,1609113599999.0,1247547956.8239436,1047001.0,934904.836
12/26/2020 00:00,626.78,652.91,615.26,637.44,958585.50647,1609027199999.0,607664782.0108947,541191.0,484016.30919
12/25/2020 00:00,612.31,634.24,604.28,626.82,798009.62915,1608940799999.0,494089140.8572327,468979.0,410025.85332
12/24/2020 00:00,585.48,615.02,565.43,612.31,886335.86333,1608854399999.0,519843556.9816631,571510.0,452224.32838
12/23/2020 00:00,636.41,638.44,551.28,585.56,1208807.36518,1608767999999.0,733443630.3656118,733896.0,564050.80567
12/22/2020 00:00,607.68,637.73,588.0,636.45,918851.25654,1608681599999.0,563872004.6334918,522945.0,466287.90424
12/21/2020 00:00,638.1,648.0,595.9,607.58,843251.16565,1608595199999.0,524208673.9086238,521589.0,408550.632
12/20/2020 00:00,658.05,661.39,621.01,638.18,823958.22843,1608508799999.0,533109285.6519477,505181.0,394908.57533
12/19/2020 00:00,653.76,669.95,645.42,658.03,858803.88459,1608422399999.0,564029933.2588522,562281.0,421384.66554
12/18/2020 00:00,642.71,664.61,629.4,653.85,1000012.98018,1608335999999.0,646217791.2296861,554335.0,496068.24065
12/17/2020 00:00,637.18,676.25,625.76,642.7,2006130.01975,1608249599999.0,1307445033.121825,974504.0,975946.21679
12/16/2020 00:00,588.78,640.0,580.71,637.18,1185588.05078,1608163199999.0,725009244.4077353,589563.0,615898.25662
12/15/2020 00:00,586.29,597.2,578.58,588.64,569270.52011,1608076799999.0,334543178.3693921,329161.0,290602.59003
12/14/2020 00:00,590.81,591.48,575.6,586.29,493012.02706,1607990399999.0,288110223.9524879,272746.0,245044.70577
12/13/2020 00:00,568.09,595.0,563.22,590.7,657794.46158,1607903999999.0,383072560.34673,359525.0,326199.32502
12/12/2020 00:00,544.46,574.0,543.1,568.04,573913.95311,1607817599999.0,320867352.4615561,321104.0,303037.86143
12/11/2020 00:00,558.99,560.8,535.5,544.43,768921.78317,1607731199999.0,419607430.4473458,400545.0,369206.67071
12/10/2020 00:00,573.2,575.7,548.11,558.99,608414.51466,1607644799999.0,341352126.267061,376548.0,301401.59013
12/09/2020 00:00,554.92,578.08,530.43,573.09,997192.16738,1607558399999.0,555142155.8826528,535975.0,503291.69076
12/08/2020 00:00,591.27,595.0,549.22,554.94,804443.00717,1607471999999.0,461781203.1617209,422868.0,371889.68919
12/07/2020 00:00,601.59,603.15,584.22,591.28,498329.37589,1607385599999.0,295598087.027998,347036.0,236796.14093
12/06/2020 00:00,596.82,607.5,583.0,601.54,602496.96339,1607299199999.0,359236400.2949933,363661.0,311000.01314
12/05/2020 00:00,567.24,597.11,560.88,596.8,701567.95564,1607212799999.0,410382624.7425348,389600.0,362873.30755
12/04/2020 00:00,615.84,620.0,565.82,567.24,1052452.78666,1607126399999.0,624543865.9008652,556641.0,488225.14672
12/03/2020 00:00,596.88,623.44,585.82,615.85,935687.91723,1607039999999.0,568024618.941039,513555.0,481922.57902
12/02/2020 00:00,585.26,604.93,575.0,596.89,1069538.65619,1606953599999.0,632858653.2050232,604591.0,532480.45583
12/01/2020 00:00,616.65,635.7,560.0,585.26,2163875.81376,1606867199999.0,1300668283.3196802,1018862.0,1053325.00335
11/30/2020 00:00,576.32,616.85,570.07,616.66,1501989.45408,1606780799999.0,895373784.8300442,717837.0,762000.09958
11/29/2020 00:00,537.5,576.9,530.32,576.3,855276.46664,1606694399999.0,471629262.2432986,454026.0,440702.88199
11/28/2020 00:00,518.59,547.94,506.59,537.52,900508.61431,1606607999999.0,475169074.6903887,456028.0,466164.6993
11/27/2020 00:00,519.83,530.62,493.72,518.68,1088064.28114,1606521599999.0,558985308.9023646,578800.0,546528.97953
11/26/2020 00:00,569.38,577.14,481.0,519.83,2683460.74171,1606435199999.0,1386030255.168072,1259051.0,1291907.71331
11/25/2020 00:00,604.98,606.0,553.83,569.5,1219440.02727,1606348799999.0,716972340.6745203,657386.0,576127.36549
11/24/2020 00:00,608.58,623.0,585.0,604.97,1606450.49193,1606262399999.0,976376501.3114749,838352.0,801041.86277
11/23/2020 00:00,560.03,610.85,550.12,608.58,2076008.84846,1606175999999.0,1218150934.3114774,896026.0,1056711.75846
11/22/2020 00:00,552.42,580.88,511.28,560.03,1850317.93581,1606089599999.0,1014064539.0881493,768900.0,910655.85789
11/21/2020 00:00,510.12,553.32,502.82,552.35,1548851.29067,1606003199999.0,815402228.5228121,649077.0,789354.14815
11/20/2020 00:00,471.26,514.4,470.65,510.12,1516361.90736,1605916799999.0,756660192.8607566,607663.0,781483.37009
11/19/2020 00:00,478.43,480.75,464.86,471.25,817418.52685,1605830399999.0,387199111.3794474,404737.0,389266.26994
11/18/2020 00:00,482.11,495.31,456.6,478.41,1477696.29116,1605743999999.0,706704397.4108689,637641.0,741745.06753
11/17/2020 00:00,460.51,484.88,459.8,482.15,1151573.37456,1605657599999.0,544239665.3817517,464336.0,591305.56754
11/16/2020 00:00,448.07,466.0,445.45,460.55,812060.44638,1605571199999.0,370889706.6992328,328762.0,407294.36897
11/15/2020 00:00,460.9,462.89,440.19,448.08,665217.56671,1605484799999.0,301406126.4593118,311451.0,307609.56539
11/14/2020 00:00,476.42,477.47,452.0,460.89,735252.7854,1605398399999.0,340142257.1936976,350772.0,347000.03929
11/13/2020 00:00,462.48,478.01,457.12,476.43,976665.09752,1605311999999.0,456232937.2061303,427363.0,509344.22798
11/12/2020 00:00,463.09,470.0,451.2,462.39,990776.62912,1605225599999.0,455971309.2168546,411840.0,471577.98126
11/11/2020 00:00,450.34,476.25,449.28,463.09,1205782.84262,1605139199999.0,559228791.8903509,560360.0,626267.49881
11/10/2020 00:00,444.32,455.0,438.7,450.34,866872.41108,1605052799999.0,388190148.2078951,384228.0,437244.02871
11/09/2020 00:00,454.29,459.1,433.09,444.32,1099213.24641,1604966399999.0,491928164.9812434,469947.0,523180.45111
11/08/2020 00:00,435.2,460.1,431.99,454.3,840908.46841,1604879999999.0,375679148.2350396,354341.0,424300.36519
11/07/2020 00:00,455.91,468.28,424.14,435.21,1653416.5961,1604793599999.0,743871175.7821234,674858.0,831369.37192
11/06/2020 00:00,416.73,458.27,414.76,455.91,1682440.96026,1604707199999.0,736015135.6272103,666505.0,883105.68936
11/05/2020 00:00,402.5,420.4,396.14,416.69,1475139.77342,1604620799999.0,601591250.401249,513574.0,733696.12776
11/04/2020 00:00,387.88,408.39,376.47,402.49,1157064.35076,1604534399999.0,454481208.4020098,392310.0,600951.59602
11/03/2020 00:00,383.01,390.0,370.23,387.88,752954.37114,1604447999999.0,286291773.9684845,280412.0,366506.416
11/02/2020 00:00,396.68,404.5,377.92,383.02,779968.57957,1604361599999.0,304223545.8920344,290370.0,382924.26079
11/01/2020 00:00,386.44,398.29,384.61,396.67,438952.95565,1604275199999.0,171238317.7003239,181369.0,228285.6986
10/31/2020 00:00,382.59,394.88,379.9,386.46,467453.8105,1604188799999.0,181136851.4537413,218528.0,238043.3112
10/30/2020 00:00,387.12,391.97,373.29,382.49,771750.74746,1604102399999.0,294342545.9808745,289735.0,384404.74738
10/29/2020 00:00,388.22,393.72,380.52,387.13,573096.01416,1604015999999.0,222669504.875317,248649.0,283010.62488
10/28/2020 00:00,403.41,409.2,380.52,388.23,855275.46882,1603929599999.0,335751199.3037473,348661.0,407244.62775
10/27/2020 00:00,392.52,410.25,389.9,403.45,754261.74114,1603843199999.0,302529716.8760417,286241.0,373015.83846
10/26/2020 00:00,405.85,411.11,382.3,392.52,895142.67266,1603756799999.0,356208480.5857119,329493.0,408392.37075
10/25/2020 00:00,412.14,417.4,402.5,405.86,415586.9761,1603670399999.0,170054743.3187452,177854.0,192487.98412
10/24/2020 00:00,409.19,416.66,407.0,412.14,419236.87106,1603583999999.0,172799824.648682,182680.0,207090.61075
10/23/2020 00:00,413.94,419.33,401.3,409.11,727832.3224,1603497599999.0,299943190.9306372,293671.0,353573.61208
10/22/2020 00:00,390.31,420.73,390.21,413.98,1095897.20667,1603411199999.0,447211002.5012588,412013.0,560444.09814
10/21/2020 00:00,368.53,401.49,367.74,390.38,1221663.63784,1603324799999.0,472488832.7162745,450963.0,632070.29962
10/20/2020 00:00,379.3,380.73,365.27,368.52,617309.81677,1603238399999.0,229928443.79691,251051.0,288156.13039
10/19/2020 00:00,378.12,384.32,372.5,379.3,577252.90265,1603151999999.0,218372639.9570232,224887.0,281217.97666
10/18/2020 00:00,368.31,378.64,367.1,378.11,323468.47095,1603065599999.0,120818450.6211803,133043.0,166936.80184
10/17/2020 00:00,365.5,370.46,363.36,368.32,285578.24537,1602979199999.0,104838880.4561034,126045.0,139908.84552
10/16/2020 00:00,377.63,379.83,361.18,365.5,654029.36404,1602892799999.0,241127894.7024508,255775.0,308695.25396
10/15/2020 00:00,378.69,381.79,369.85,377.64,634038.09453,1602806399999.0,238396852.7839282,228454.0,308053.83962
10/14/2020 00:00,381.05,387.41,373.13,378.69,569557.82936,1602719999999.0,216288026.9592086,214375.0,278390.33609
10/13/2020 00:00,386.51,387.75,374.51,381.04,645141.91394,1602633599999.0,246276552.0090227,239460.0,315226.91813
10/12/2020 00:00,374.17,394.8,365.58,386.51,844422.65444,1602547199999.0,320587055.5297957,309500.0,427311.17538
10/11/2020 00:00,370.51,377.6,368.87,374.16,373318.23779,1602460799999.0,139329772.5403167,164475.0,187969.33051
10/10/2020 00:00,365.01,378.4,364.71,370.52,591005.32129,1602374399999.0,220607973.0122731,253825.0,299965.65391
10/09/2020 00:00,350.94,368.33,347.32,365.02,650478.19338,1602287999999.0,232878561.8852136,241168.0,347090.0467
10/08/2020 00:00,341.58,353.32,334.21,350.95,631794.8756,1602201599999.0,217322066.9780238,220053.0,332296.23857
10/07/2020 00:00,340.8,342.85,332.18,341.58,541928.86376,1602115199999.0,183873686.3904315,195112.0,267972.41424
10/06/2020 00:00,353.63,355.1,336.8,340.75,640063.26951,1602028799999.0,221765553.5868091,240812.0,311147.69014
10/05/2020 00:00,352.34,356.1,348.54,353.62,376740.30692,1601942399999.0,132656713.0440939,145787.0,185554.40142
10/04/2020 00:00,345.94,354.45,343.81,352.37,343932.91712,1601855999999.0,119961274.7006572,138736.0,168705.23259
10/03/2020 00:00,345.6,351.0,343.7,345.95,303595.71901,1601769599999.0,105401893.3573436,136755.0,157899.99434
10/02/2020 00:00,352.83,354.55,334.24,345.6,733571.84211,1601683199999.0,251829017.5194802,286023.0,359044.99342
10/01/2020 00:00,359.83,370.45,345.51,352.85,758349.31959,1601596799999.0,271468849.7985116,288354.0,361455.09687
09/30/2020 00:00,359.78,361.5,351.56,359.83,498943.23226,1601510399999.0,177784824.5178192,173910.0,258138.87585
09/29/2020 00:00,353.91,360.63,350.45,359.79,585143.16892,1601423999999.0,208028826.4871165,214988.0,296028.84893
09/28/2020 00:00,357.58,368.2,351.7,353.96,757758.4304,1601337599999.0,273063157.7899911,261317.0,365322.52821
09/27/2020 00:00,353.95,362.14,347.24,357.49,569568.55041,1601251199999.0,202411362.6832329,230526.0,278104.49527
09/26/2020 00:00,351.93,356.4,345.88,353.92,530879.20755,1601164799999.0,186812160.3754369,217834.0,265973.62355
09/25/2020 00:00,348.97,358.0,337.58,351.92,860643.77924,1601078399999.0,298266918.8006485,310536.0,428498.41778
09/24/2020 00:00,320.72,353.1,316.67,348.97,1071705.09721,1600991999999.0,360708689.4043797,371450.0,541195.93188
09/23/2020 00:00,344.18,344.65,313.29,320.72,940904.49756,1600905599999.0,313808761.0904388,323226.0,451952.70895
09/22/2020 00:00,340.31,346.91,335.34,344.21,842731.12878,1600819199999.0,288166815.515037,286593.0,406238.87933
09/21/2020 00:00,371.04,376.8,331.0,340.36,1283946.03098,1600732799999.0,452134893.6340581,472560.0,614255.13337
09/20/2020 00:00,385.25,385.45,365.0,371.04,693164.40144,1600646399999.0,259700927.4782103,275295.0,339273.53425
09/19/2020 00:00,384.4,388.72,377.0,385.25,570908.33553,1600559999999.0,218785730.1401785,230924.0,275383.50997
09/18/2020 00:00,389.35,392.58,375.33,384.39,804194.47219,1600473599999.0,308748579.8160324,323159.0,390631.14787
09/17/2020 00:00,365.04,394.14,363.3,389.36,1256300.411,1600387199999.0,479026710.8966147,505247.0,649410.54624
09/16/2020 00:00,364.05,373.45,355.0,365.11,841709.98939,1600300799999.0,306622238.0715521,371665.0,401737.07122
09/15/2020 00:00,377.12,382.47,362.34,364.06,883856.33005,1600214399999.0,328317009.5683461,405048.0,425660.93557
09/14/2020 00:00,366.43,384.64,355.73,377.12,1042059.62265,1600127999999.0,387238794.6809715,476828.0,520997.62714
09/13/2020 00:00,387.78,390.43,350.0,366.42,989195.69047,1600041599999.0,367969518.5134887,430236.0,471379.9413
09/12/2020 00:00,373.62,388.57,364.73,387.78,766542.31635,1599955199999.0,287133871.2472908,318774.0,391980.78732
09/11/2020 00:00,367.93,375.27,355.49,373.63,844017.59966,1599868799999.0,308822715.1336563,367615.0,423159.48329
09/10/2020 00:00,350.85,377.25,349.91,367.93,1134287.61137,1599782399999.0,416598205.666048,512819.0,564874.99855
09/09/2020 00:00,337.41,359.0,330.51,350.85,879760.56255,1599695999999.0,304910633.8008896,381038.0,450864.78551
09/08/2020 00:00,353.59,356.58,325.38,337.39,1400246.82962,1599609599999.0,476444912.544635,554846.0,683844.91475
09/07/2020 00:00,352.85,358.51,323.0,353.59,1740618.42462,1599523199999.0,596754172.7008404,708066.0,875520.99803
09/06/2020 00:00,335.04,360.0,316.1,352.8,2017811.14721,1599436799999.0,691925087.3968109,852597.0,1001126.65908
09/05/2020 00:00,385.3,395.0,308.42,335.01,2777166.51389,1599350399999.0,967730464.9055164,1074986.0,1359142.30847
09/04/2020 00:00,381.35,400.21,357.0,385.26,1806488.22474,1599263999999.0,696658932.1154275,744610.0,898001.98862
09/03/2020 00:00,439.5,450.7,372.0,381.4,2408569.34151,1599177599999.0,995567239.0084027,903066.0,1163309.47153
09/02/2020 00:00,475.4,481.39,420.0,439.5,1880642.46853,1599091199999.0,844475154.7160805,825133.0,930825.55373
09/01/2020 00:00,433.8,488.84,429.03,475.4,1751354.57719,1599004799999.0,813662129.650488,763508.0,869375.35063
08/31/2020 00:00,428.94,439.0,418.04,433.79,1040748.68881,1598918399999.0,447866996.1851148,456201.0,521857.12047
08/30/2020 00:00,398.65,429.89,398.3,428.94,894979.71788,1598831999999.0,370467271.0990347,395838.0,454113.30749
08/29/2020 00:00,395.1,405.69,391.88,398.65,659802.63344,1598745599999.0,263787683.0280837,300090.0,335970.72742
08/28/2020 00:00,383.31,398.0,379.75,395.11,732601.46905,1598659199999.0,286555001.9941838,311832.0,376745.79555
08/27/2020 00:00,385.81,397.1,371.48,383.27,877763.73658,1598572799999.0,336647752.2942245,392116.0,441967.74994
08/26/2020 00:00,382.91,392.91,377.37,385.81,738690.7794,1598486399999.0,284504413.0936192,351141.0,372284.31302
08/25/2020 00:00,407.68,409.06,370.0,382.93,970445.38395,1598399999999.0,375681480.186943,411636.0,463076.7501
08/24/2020 00:00,390.72,410.42,387.44,407.68,717403.81877,1598313599999.0,287991794.2205841,307676.0,374389.16218
08/23/2020 00:00,395.23,396.95,383.15,390.71,445317.81989,1598227199999.0,173799978.0351114,222729.0,218347.50764
08/22/2020 00:00,387.93,397.04,379.92,395.24,643235.76543,1598140799999.0,250069873.3972314,305450.0,315092.64001
08/21/2020 00:00,415.94,418.68,385.1,387.97,860998.7256,1598054399999.0,347455883.4533063,414222.0,395087.31195
08/20/2020 00:00,407.46,418.98,402.07,415.94,663555.73445,1597967999999.0,273292342.1903448,322537.0,336116.41655
08/19/2020 00:00,421.92,426.75,393.25,407.46,978339.69221,1597881599999.0,400208683.3467271,455992.0,457547.57265
08/18/2020 00:00,430.89,433.81,415.0,421.95,743254.57018,1597795199999.0,316635286.9929217,374074.0,356765.97549
08/17/2020 00:00,433.61,446.0,420.37,430.89,868870.64996,1597708799999.0,375038999.5075165,443560.0,434882.89599
08/16/2020 00:00,432.3,436.99,412.47,433.62,716666.25258,1597622399999.0,305445885.81667,371807.0,345142.26171
08/15/2020 00:00,438.12,442.94,427.02,432.32,681698.5971,1597535999999.0,296652970.4823194,351377.0,332354.72985
08/14/2020 00:00,424.54,444.71,417.05,438.11,1109670.94324,1597449599999.0,477180580.0618325,502635.0,551666.8965
08/13/2020 00:00,387.18,431.49,376.59,424.54,1511330.7732,1597363199999.0,604810975.131857,634978.0,786249.64387
08/12/2020 00:00,378.99,389.23,365.85,387.18,751848.7983,1597276799999.0,285872467.6440937,349082.0,378876.83493
08/11/2020 00:00,395.43,398.21,367.0,379.0,992412.6023,1597190399999.0,381981614.6216723,459623.0,465088.67076
08/10/2020 00:00,390.14,399.18,385.13,395.44,826969.90633,1597103999999.0,326372434.8970591,395123.0,409673.34569
08/09/2020 00:00,397.05,400.0,383.36,390.14,594900.58133,1597017599999.0,233057462.9273968,319111.0,294055.13111
08/08/2020 00:00,379.34,397.05,375.79,397.03,623029.78053,1596931199999.0,240999198.0242852,300577.0,325760.87681
08/07/2020 00:00,394.77,398.26,362.85,379.34,1041207.35946,1596844799999.0,398625567.063912,466548.0,499790.82669
08/06/2020 00:00,400.72,403.66,390.51,394.77,821379.08397,1596758399999.0,325718417.7160069,388529.0,403029.86304
08/05/2020 00:00,389.59,407.0,384.11,400.72,1124119.0672,1596671999999.0,444335097.149393,459722.0,569086.53448
08/04/2020 00:00,385.91,402.98,380.77,389.61,1180792.42379,1596585599999.0,461794422.2048685,503335.0,580630.09812
08/03/2020 00:00,372.45,398.0,366.5,385.94,1191565.09389,1596499199999.0,462170587.4785027,534803.0,594188.68302
08/02/2020 00:00,387.01,415.85,325.0,372.42,2324909.09616,1596412799999.0,878397036.2975191,960835.0,1147802.64923
08/01/2020 00:00,346.32,392.67,343.07,387.0,1440843.34203,1596326399999.0,527543444.8628841,598900.0,763925.60566
07/31/2020 00:00,334.82,349.45,328.4,346.33,948088.44982,1596239999999.0,323282981.0159196,461788.0,479449.06541
07/30/2020 00:00,317.76,342.0,314.05,334.87,1008827.56698,1596153599999.0,328286452.5182911,410721.0,548703.63674
07/29/2020 00:00,316.77,325.0,312.38,317.71,792802.32148,1596067199999.0,254201662.1334094,347597.0,403407.16614
07/28/2020 00:00,321.95,326.8,305.86,316.77,1093231.55578,1595980799999.0,346187853.275929,458451.0,526272.91372
07/27/2020 00:00,311.02,333.31,310.78,321.93,1636122.34727,1595894399999.0,527292799.2879138,645395.0,818454.59042
07/26/2020 00:00,305.31,318.75,299.0,311.0,1270368.753,1595807999999.0,392346895.3226708,486058.0,629296.22696
07/25/2020 00:00,279.15,308.94,279.09,305.26,1058927.30554,1595721599999.0,308799629.3611433,424683.0,546337.36919
07/24/2020 00:00,275.31,287.34,266.0,279.15,926033.06692,1595635199999.0,256347245.548149,362608.0,467152.58946
07/23/2020 00:00,263.75,279.98,259.7,275.3,1068774.57879,1595548799999.0,287217202.7201216,378573.0,548027.77647
07/22/2020 00:00,245.53,269.61,241.51,263.74,718417.68296,1595462399999.0,180692677.2139563,273546.0,382255.4506
07/21/2020 00:00,236.0,246.66,235.57,245.59,637462.08074,1595375999999.0,154502240.9411989,240019.0,335588.62905
07/20/2020 00:00,239.12,239.72,234.05,236.01,396657.91938,1595289599999.0,94314378.9381991,164435.0,193222.00995
07/19/2020 00:00,235.67,239.92,233.28,239.11,348803.52073,1595203199999.0,82120072.993628,144896.0,177800.65726
07/18/2020 00:00,232.66,236.8,232.32,235.67,341356.6182,1595116799999.0,80046747.8322333,136494.0,168653.68252
07/17/2020 00:00,233.58,234.84,231.65,232.67,325600.21444,1595030399999.0,75931058.422653,149088.0,159858.08306
07/16/2020 00:00,238.59,239.39,230.02,233.57,587161.73894,1594943999999.0,137208323.2015733,222138.0,284514.03969
07/15/2020 00:00,240.45,241.45,236.83,238.61,368350.66518,1594857599999.0,88059682.4834364,154984.0,178198.014
07/14/2020 00:00,239.5,242.09,237.0,240.44,426320.89188,1594771199999.0,102105027.1319308,172704.0,212486.68184
07/13/2020 00:00,242.76,245.33,237.33,239.5,604093.04245,1594684799999.0,146193291.9106761,240032.0,304677.24908
07/12/2020 00:00,239.19,244.0,236.52,242.79,469315.1172,1594598399999.0,112487552.4340124,201729.0,238720.16445
07/11/2020 00:00,241.27,241.67,237.54,239.19,294476.00626,1594511999999.0,70548557.6778391,140265.0,144264.75794
07/10/2020 00:00,241.97,242.16,235.72,241.26,455025.12385,1594425599999.0,108806462.4650965,181124.0,234086.96963
07/09/2020 00:00,246.94,247.9,237.88,241.98,647641.58291,1594339199999.0,157541370.0048182,243580.0,313999.27569
07/08/2020 00:00,239.39,248.88,237.78,246.95,958185.83708,1594252799999.0,233460700.7551814,309582.0,472779.31973
07/07/2020 00:00,241.6,243.77,234.4,239.39,600424.97209,1594166399999.0,143122828.3751188,213589.0,293523.48727
07/06/2020 00:00,227.54,242.0,226.93,241.6,864817.507,1594079999999.0,203334727.8501395,268187.0,443659.99767
07/05/2020 00:00,229.24,229.85,223.05,227.56,355747.12006,1593993599999.0,80528660.6191943,152077.0,173480.66716
07/04/2020 00:00,224.86,230.71,224.43,229.17,307726.46593,1593907199999.0,69899468.2799188,134338.0,156161.48084
07/03/2020 00:00,226.46,228.13,223.97,224.87,314578.5004,1593820799999.0,71286978.5035675,139167.0,153734.9221
07/02/2020 00:00,230.99,232.01,222.87,226.46,592485.91115,1593734399999.0,134976975.123197,210294.0,282313.90134
07/01/2020 00:00,225.59,232.71,224.16,230.99,517351.58865,1593647999999.0,118322932.8549573,176455.0,265707.94626
06/30/2020 00:00,227.98,228.7,222.91,225.6,415036.02977,1593561599999.0,93802207.2735736,143612.0,202532.74647
06/29/2020 00:00,224.89,229.96,221.26,227.93,597915.52242,1593475199999.0,134510531.1976673,183558.0,305421.8734
06/28/2020 00:00,220.94,227.96,218.32,224.93,444766.56881,1593388799999.0,99423540.1393194,144728.0,236280.1476
06/27/2020 00:00,229.66,231.42,216.0,220.94,645950.61438,1593302399999.0,145264632.2638192,207051.0,299265.01724
06/26/2020 00:00,232.49,233.61,227.75,229.64,628340.07007,1593215999999.0,144805505.1915824,192182.0,313069.39625
06/25/2020 00:00,234.57,235.39,227.56,232.5,613748.59348,1593129599999.0,142697463.3801044,192323.0,312667.90698
06/24/2020 00:00,243.15,249.24,231.07,234.58,921634.0534,1593043199999.0,220763040.4337494,289888.0,447817.33625
06/23/2020 00:00,243.11,244.87,240.75,243.14,442296.31477,1592956799999.0,107457002.5246246,172649.0,224811.21947
06/22/2020 00:00,228.03,246.89,227.51,243.13,749030.11114,1592870399999.0,178707156.1893139,256688.0,381685.54634
06/21/2020 00:00,228.88,231.49,227.11,228.04,256305.23734,1592783999999.0,58868166.5061044,109238.0,133367.32601
06/20/2020 00:00,229.0,230.85,225.62,228.89,303704.98826,1592697599999.0,69343699.9095483,129778.0,146807.30372
06/19/2020 00:00,231.26,231.95,226.74,229.0,397284.59808,1592611199999.0,91117706.1551394,160682.0,196717.52384
06/18/2020 00:00,233.82,234.65,227.93,231.27,334347.79917,1592524799999.0,77542070.3332709,145815.0,157912.89857
06/17/2020 00:00,235.31,237.3,227.65,233.82,478187.2917,1592438399999.0,111415059.0562623,189653.0,232960.69025
06/16/2020 00:00,230.86,236.0,228.7,235.3,499194.66758,1592351999999.0,116456364.2312683,188136.0,252188.71079
06/15/2020 00:00,231.74,233.55,218.27,230.86,875026.92057,1592265599999.0,197907504.7787736,308126.0,410989.99093
06/14/2020 00:00,238.13,238.59,229.83,231.77,304943.21188,1592179199999.0,71575514.0802726,158093.0,150190.06138
06/13/2020 00:00,237.55,238.73,234.66,238.11,253797.7809,1592092799999.0,60087772.6524653,134555.0,126898.09775
06/12/2020 00:00,230.46,239.38,228.19,237.55,446515.34124,1592006399999.0,105069425.0901067,181977.0,224589.29616
06/11/2020 00:00,247.78,250.09,226.2,230.51,816456.89161,1591919999999.0,195063781.2764491,312655.0,373492.34304
06/10/2020 00:00,243.79,250.28,242.0,247.78,431285.61715,1591833599999.0,105797248.2474257,185330.0,221305.1112
06/09/2020 00:00,246.37,249.82,238.0,243.8,420327.17133,1591747199999.0,102374504.5738972,185974.0,202641.07177
06/08/2020 00:00,244.57,247.7,240.59,246.4,383116.54719,1591660799999.0,93355224.9683087,159981.0,193451.07601
06/07/2020 00:00,241.94,245.37,234.6,244.56,571102.55515,1591574399999.0,137165732.6476166,226478.0,285159.65388
06/06/2020 00:00,240.04,244.7,237.83,241.94,389423.07798,1591487999999.0,93979350.8126339,161709.0,198723.53956
06/05/2020 00:00,243.22,247.87,239.14,240.03,502547.41103,1591401599999.0,122084004.5169755,205337.0,242309.99059
06/04/2020 00:00,244.54,246.6,236.0,243.21,669369.3392,1591315199999.0,162460397.6276741,253226.0,332175.55769
06/03/2020 00:00,237.71,245.0,232.71,244.52,502928.13371,1591228799999.0,120179301.1789864,213792.0,259904.04578
06/02/2020 00:00,248.23,253.8,225.0,237.71,955520.91863,1591142399999.0,230680327.3092915,355417.0,462682.15945
06/01/2020 00:00,231.56,250.68,230.66,248.23,823816.69936,1591055999999.0,198791911.8470442,318497.0,426075.31776
05/31/2020 00:00,243.71,245.39,229.58,231.57,821608.68884,1590969599999.0,194867426.2941862,320066.0,381831.06077
05/30/2020 00:00,220.63,247.0,218.8,243.66,1019550.75146,1590883199999.0,238678839.8093044,341862.0,511425.44765
05/29/2020 00:00,220.24,224.79,217.57,220.67,603058.0759,1590796799999.0,133220045.4954706,217959.0,301826.51829
05/28/2020 00:00,208.29,220.5,204.67,220.21,643945.97769,1590710399999.0,136361627.3464155,219160.0,352366.8836
05/27/2020 00:00,200.92,208.44,200.76,208.29,494816.72727,1590623999999.0,101445351.0256632,167619.0,252824.22653
05/26/2020 00:00,204.22,205.0,196.9,200.89,477176.7353,1590537599999.0,96116808.8580913,167702.0,233833.77929
05/25/2020 00:00,199.9,205.67,198.01,204.15,469931.62492,1590451199999.0,95411610.7976347,171792.0,243595.47559
05/24/2020 00:00,206.6,210.55,199.5,199.9,673535.05784,1590364799999.0,138917619.2336207,204534.0,324023.3235
05/23/2020 00:00,207.36,211.2,204.55,206.6,478559.92006,1590278399999.0,99461068.1046647,150729.0,237372.30187
05/22/2020 00:00,198.72,209.19,196.24,207.36,787672.36081,1590191999999.0,159972608.5341661,217659.0,399523.04157
05/21/2020 00:00,209.99,211.64,191.71,198.74,1003923.4342,1590105599999.0,203445710.9628449,258415.0,479372.0086
05/20/2020 00:00,214.6,215.75,204.27,209.98,679532.61037,1590019199999.0,143704806.1752408,195172.0,330890.78825
05/19/2020 00:00,214.92,215.95,209.45,214.58,643702.98849,1589932799999.0,136846948.5568056,186027.0,319009.5963
05/18/2020 00:00,207.02,217.07,207.0,214.91,1064139.2485,1589846399999.0,226789027.1500804,249528.0,538438.67639
05/17/2020 00:00,200.44,209.85,199.68,207.0,708711.89315,1589759999999.0,145341278.6813549,180088.0,369150.31059
05/16/2020 00:00,194.87,203.5,193.21,200.45,669900.03754,1589673599999.0,134060788.4941839,174447.0,343539.34568
05/15/2020 00:00,203.29,204.08,191.66,194.86,904749.6357,1589587199999.0,179634085.6227692,230721.0,437768.7727
05/14/2020 00:00,199.61,206.02,195.67,203.29,1114700.24937,1589500799999.0,224233786.1267099,285245.0,557166.15035
05/13/2020 00:00,189.77,201.0,188.35,199.58,806143.00704,1589414399999.0,156637596.3649246,212710.0,410843.35618
05/12/2020 00:00,185.8,192.24,185.48,189.76,669755.79567,1589327999999.0,126810812.1681708,193978.0,336075.30552
05/11/2020 00:00,187.62,193.5,176.0,185.73,1093299.81927,1589241599999.0,203391530.2061739,303669.0,529158.74668
05/10/2020 00:00,210.09,210.18,179.59,187.54,1473226.05475,1589155199999.0,278394290.7597346,426358.0,694788.42914
05/09/2020 00:00,211.32,214.6,208.4,210.07,587871.98073,1589068799999.0,124626471.4270353,194059.0,292187.26718
05/08/2020 00:00,212.01,216.61,206.9,211.31,917908.1944,1588982399999.0,194579529.4277633,262122.0,445600.39696
05/07/2020 00:00,198.92,215.1,196.43,212.0,1305778.73764,1588895999999.0,271197927.6650278,380313.0,660789.67892
05/06/2020 00:00,205.3,210.77,197.71,198.97,862700.67849,1588809599999.0,178157452.6008412,271299.0,411115.12204
05/05/2020 00:00,206.47,211.68,201.0,205.29,640644.66268,1588723199999.0,131906204.907813,246124.0,310794.78031
05/04/2020 00:00,209.86,210.65,194.88,206.48,1114249.32658,1588636799999.0,225451167.6553683,349701.0,553422.13712
05/03/2020 00:00,213.89,219.3,203.92,209.86,748383.91311,1588550399999.0,158874887.0783411,268841.0,354161.96792
05/02/2020 00:00,212.01,215.37,210.36,213.9,443494.67248,1588463999999.0,94389501.5178164,185802.0,225155.58197
05/01/2020 00:00,206.07,217.14,205.91,212.02,794913.95828,1588377599999.0,168339123.3579139,291365.0,389989.76909
04/30/2020 00:00,215.4,227.3,202.0,206.08,1749691.00151,1588291199999.0,374893029.7743084,557268.0,840566.78901
04/29/2020 00:00,196.24,218.77,196.22,215.36,1620422.72431,1588204799999.0,338324593.6372917,445147.0,817195.35504
04/28/2020 00:00,196.33,198.5,192.36,196.24,636829.89397,1588118399999.0,124476041.8893834,183819.0,324710.24289
04/27/2020 00:00,197.39,199.05,189.29,196.34,896627.37271,1588031999999.0,174775637.9272757,238341.0,426083.00347
04/26/2020 00:00,194.21,200.0,192.3,197.38,758525.81533,1587945599999.0,148433709.7771867,228826.0,383155.46184
04/25/2020 00:00,187.6,198.36,185.76,194.21,866478.04928,1587859199999.0,167703202.4250513,244755.0,438541.85997
04/24/2020 00:00,185.57,189.8,184.72,187.59,780904.21257,1587772799999.0,146419748.0816482,222074.0,368634.10604
04/23/2020 00:00,182.7,193.63,178.16,185.51,1457867.08713,1587686399999.0,270862911.3685654,363772.0,719694.31692
04/22/2020 00:00,170.73,184.0,169.78,182.7,988698.39076,1587599999999.0,176079076.9274995,246896.0,488185.26353
04/21/2020 00:00,170.21,174.7,168.0,170.74,906381.65398,1587513599999.0,155292048.4357902,228262.0,454400.78888
04/20/2020 00:00,180.02,186.46,166.7,170.2,1547821.52737,1587427199999.0,273854539.803801,365589.0,745586.67414
04/19/2020 00:00,187.4,188.35,175.75,180.03,995759.5775,1587340799999.0,181415813.5026948,270668.0,478833.69271
04/18/2020 00:00,170.61,189.54,170.48,187.4,1127296.36979,1587254399999.0,203132211.9564091,286172.0,569708.87703
04/17/2020 00:00,172.31,174.96,168.31,170.69,723537.75591,1587167999999.0,123553456.3196786,191289.0,352005.3418
04/16/2020 00:00,152.74,174.79,148.33,172.29,1647207.59991,1587081599999.0,273639160.0693875,389854.0,830355.78324
04/15/2020 00:00,158.46,161.29,152.0,152.73,729119.66505,1586995199999.0,114640840.1155165,186226.0,347034.48291
04/14/2020 00:00,156.28,161.85,155.23,158.45,698030.65089,1586908799999.0,110710086.104009,178490.0,343955.51426
04/13/2020 00:00,158.56,158.97,150.0,156.29,1042091.03622,1586822399999.0,160423270.303715,255965.0,519763.88357
04/12/2020 00:00,158.33,164.78,155.0,158.59,809100.24594,1586735999999.0,129919934.4437653,223429.0,396232.44593
04/11/2020 00:00,157.81,161.37,153.91,158.33,621599.61289,1586649599999.0,98275533.0626367,168046.0,313112.58332
04/10/2020 00:00,169.56,170.1,152.11,157.81,1314841.362,1586563199999.0,209535613.3236714,323430.0,623128.08335
04/09/2020 00:00,173.15,173.38,165.19,169.52,719837.24423,1586476799999.0,122531131.9559583,212541.0,356967.49573
04/08/2020 00:00,164.62,174.48,163.59,173.11,1023575.92076,1586390399999.0,173916484.7861551,287799.0,511443.62149
04/07/2020 00:00,171.32,176.22,162.22,164.63,1717962.82538,1586303999999.0,292710722.5822484,446557.0,854069.17522
04/06/2020 00:00,142.69,172.0,142.6,171.32,1636338.7311,1586217599999.0,257097597.7838753,432858.0,839620.34479
04/05/2020 00:00,144.1,145.58,140.68,142.68,414987.45246,1586131199999.0,59383946.1274414,134223.0,205853.93595
04/04/2020 00:00,141.3,146.28,138.88,144.1,573508.14086,1586044799999.0,81640622.8284323,178768.0,292547.08055
04/03/2020 00:00,141.27,146.72,137.26,141.31,797546.11446,1585958399999.0,113731706.7149998,239800.0,377394.13095
04/02/2020 00:00,135.65,149.76,135.01,141.28,1138977.66114,1585871999999.0,159989506.6049454,314519.0,578693.19522
04/01/2020 00:00,132.72,136.99,128.62,135.69,680922.24747,1585785599999.0,90063924.2303974,199637.0,324454.19164
03/31/2020 00:00,132.09,135.0,130.38,132.72,547669.27789,1585699199999.0,72618183.4805954,172692.0,270347.28434
03/30/2020 00:00,124.47,135.42,124.06,132.06,764831.92747,1585612799999.0,100271145.862563,241576.0,392536.46962
03/29/2020 00:00,130.94,131.84,123.81,124.5,543997.0,1585526399999.0,69434202.2054717,182914.0,248597.98141
03/28/2020 00:00,131.33,132.97,124.88,130.98,896032.10594,1585439999999.0,115166651.9700742,274768.0,441256.50002
03/27/2020 00:00,138.4,141.27,129.68,131.33,706948.54559,1585353599999.0,96581886.8789469,224835.0,340830.61973
03/26/2020 00:00,136.11,139.74,133.26,138.4,751060.63102,1585267199999.0,101918769.6722933,248508.0,380709.15691
03/25/2020 00:00,138.42,142.33,132.54,136.1,1034248.74369,1585180799999.0,141795323.026871,317580.0,512056.56415
03/24/2020 00:00,135.89,143.36,132.2,138.42,1244377.16334,1585094399999.0,171156363.6923024,381573.0,627879.32436
03/23/2020 00:00,122.31,137.5,119.5,135.92,1436796.12449,1585007999999.0,184851609.124269,416820.0,738648.10253
03/22/2020 00:00,132.63,137.13,121.1,122.32,1055699.86532,1584921599999.0,135927941.0795197,337273.0,533153.20327
03/21/2020 00:00,133.49,137.49,125.69,132.66,1231842.11121,1584835199999.0,162468451.7723149,401288.0,607735.22807
03/20/2020 00:00,136.3,152.55,116.74,133.48,2504057.63799,1584748799999.0,345856006.7477989,707216.0,1240999.35166
03/19/2020 00:00,118.11,143.13,115.46,136.3,1801071.18816,1584662399999.0,231626928.1607049,489147.0,904222.90527
03/18/2020 00:00,115.67,118.5,109.86,118.11,1201850.31275,1584575999999.0,137550912.0855171,346312.0,604214.46019
03/17/2020 00:00,111.02,120.8,109.38,115.67,1295108.4848,1584489599999.0,150800664.0719546,378258.0,654284.35784
03/16/2020 00:00,123.82,124.33,101.1,111.02,2442064.14448,1584403199999.0,270353891.8050036,663277.0,1191735.45431
03/15/2020 00:00,122.54,133.5,120.16,123.78,1312950.90137,1584316799999.0,163436235.2690902,346579.0,669525.6824
03/14/2020 00:00,134.06,134.68,120.0,122.54,1237674.88642,1584230399999.0,159192895.5526197,398146.0,628481.86635
03/13/2020 00:00,107.67,139.68,86.0,134.06,4663239.92861,1584143999999.0,560710331.8421754,1199923.0,2314458.37004
03/12/2020 00:00,194.61,195.55,101.2,107.82,3814533.14046,1584057599999.0,548668262.2347234,937284.0,1810764.23167
03/11/2020 00:00,200.74,203.18,181.73,194.61,1079824.90167,1583971199999.0,208232375.1862015,344156.0,539239.29222
03/10/2020 00:00,202.79,206.2,195.54,200.7,1020260.107,1583884799999.0,205536190.1939392,332398.0,501745.90774
03/09/2020 00:00,199.43,208.62,190.0,202.81,1661331.83553,1583798399999.0,332570408.5351529,473504.0,822023.18618
03/08/2020 00:00,237.23,237.23,195.5,199.43,1278973.53741,1583711999999.0,277970187.8682601,412787.0,591086.61596
03/07/2020 00:00,244.93,251.93,236.0,237.23,633748.89662,1583625599999.0,154037325.6113068,238113.0,311459.94084
03/06/2020 00:00,228.38,245.16,227.33,244.88,628147.3257,1583539199999.0,148563741.8329924,234091.0,328731.56561
03/05/2020 00:00,224.26,234.09,224.23,228.38,601479.87587,1583452799999.0,138081898.2866681,227242.0,297495.35318
03/04/2020 00:00,223.84,228.85,220.23,224.26,443780.33772,1583366399999.0,99650220.5416208,167247.0,218963.33645
03/03/2020 00:00,232.1,232.46,219.57,223.91,741498.54825,1583279999999.0,168090325.5387924,253103.0,370933.36958
03/02/2020 00:00,217.81,234.4,216.07,231.97,810051.4833,1583193599999.0,182948651.6764531,258680.0,402597.52232
03/01/2020 00:00,217.29,227.89,212.36,217.81,715016.01941,1583107199999.0,157064953.8422779,265577.0,360047.11333
02/29/2020 00:00,226.76,233.0,217.0,217.21,546866.6851,1583020799999.0,123635801.0178253,211771.0,276266.12871
02/28/2020 00:00,227.73,234.67,214.01,226.76,1054994.92397,1582934399999.0,236064804.3345943,347125.0,510185.33752
02/27/2020 00:00,223.98,238.3,210.0,227.79,1273793.11658,1582847999999.0,287322727.2967257,415969.0,627806.95842
02/26/2020 00:00,246.67,250.32,215.66,223.93,1395879.41507,1582761599999.0,324229460.6211602,454355.0,656347.55839
02/25/2020 00:00,265.47,266.22,244.44,246.67,774791.01027,1582675199999.0,197442911.5447317,277457.0,381947.38852
02/24/2020 00:00,274.5,277.2,257.09,265.52,696591.72983,1582588799999.0,185949182.7085807,263161.0,330793.92829
02/23/2020 00:00,261.55,275.68,261.02,274.48,444740.82883,1582502399999.0,120024058.9719663,178464.0,225478.68725
02/22/2020 00:00,265.32,266.81,256.0,261.57,313062.52133,1582415999999.0,81781388.3193534,136810.0,156822.35067
02/21/2020 00:00,256.97,268.24,253.61,265.27,525827.8734,1582329599999.0,137848242.4279305,214306.0,269791.13743
02/20/2020 00:00,258.44,264.33,245.34,256.96,972969.71691,1582243199999.0,249383114.0110113,373551.0,494884.31858
02/19/2020 00:00,282.64,285.0,251.56,258.45,705973.72988,1582156799999.0,191887955.7583483,298048.0,343303.10692
02/18/2020 00:00,267.9,285.88,258.0,282.61,1115523.43992,1582070399999.0,304162263.306139,431799.0,550241.0207
02/17/2020 00:00,258.89,268.77,242.0,267.85,1110371.39094,1581983999999.0,280371301.7549917,417529.0,542125.21208
02/16/2020 00:00,264.91,274.0,237.41,258.85,1110118.46395,1581897599999.0,286269166.2814369,416082.0,526993.06165
02/15/2020 00:00,285.11,288.41,261.86,264.88,860813.14274,1581811199999.0,236287101.0986771,348934.0,419793.2113
02/14/2020 00:00,268.34,287.15,260.28,285.15,734944.32266,1581724799999.0,201120424.5832201,309022.0,380703.78554
02/13/2020 00:00,265.74,277.69,256.08,268.32,1089679.1537,1581638399999.0,291533156.0916954,422008.0,539389.59743
02/12/2020 00:00,236.69,275.34,236.69,265.74,1038073.74782,1581551999999.0,266734296.5502973,415316.0,521382.12082
02/11/2020 00:00,222.89,239.15,218.17,236.69,595576.90276,1581465599999.0,135863928.6243058,250241.0,309901.3087
02/10/2020 00:00,228.53,229.4,216.37,222.89,510415.49949,1581379199999.0,113385288.9503017,232617.0,255575.45007
02/09/2020 00:00,223.01,230.65,222.86,228.49,350336.24399,1581292799999.0,79674647.0001999,183735.0,172523.02255
02/08/2020 00:00,223.36,227.75,213.22,223.05,548551.87465,1581206399999.0,122069507.6551116,257281.0,277426.26209
02/07/2020 00:00,213.16,225.0,213.14,223.33,629361.15466,1581119999999.0,138524804.2175759,268274.0,313125.9063
02/06/2020 00:00,203.78,216.33,201.02,213.19,608240.2233,1581033599999.0,127874220.8146868,276196.0,302771.02677
02/05/2020 00:00,188.91,207.61,188.19,203.78,550942.11417,1580947199999.0,108659358.5359186,241415.0,291264.24776
02/04/2020 00:00,189.74,191.6,184.69,188.91,366389.69686,1580860799999.0,68720832.6152937,173353.0,174776.24193
02/03/2020 00:00,188.48,195.19,186.62,189.69,417175.95781,1580774399999.0,79336312.5246923,181726.0,213868.71408
02/02/2020 00:00,183.63,193.43,179.1,188.44,552621.13619,1580687999999.0,104105613.5587851,222425.0,280248.03436
02/01/2020 00:00,179.94,184.28,179.23,183.6,259370.12902,1580601599999.0,47263178.0667823,124149.0,125544.78709
01/31/2020 00:00,184.71,185.82,175.22,179.99,385596.53365,1580515199999.0,69633052.2826392,157597.0,182789.87905
01/30/2020 00:00,173.68,187.0,170.93,184.69,477721.6609,1580428799999.0,85164074.082316,189458.0,241401.15381
01/29/2020 00:00,175.58,178.45,173.33,173.72,317382.90161,1580342399999.0,55988230.2743514,145062.0,151440.50706
01/28/2020 00:00,170.04,176.2,170.03,175.64,473433.89609,1580255999999.0,81649497.4929489,178990.0,249252.61532
01/27/2020 00:00,167.91,172.56,165.22,170.08,365894.81917,1580169599999.0,61846624.6145389,157072.0,183012.1978
01/26/2020 00:00,160.36,168.08,159.41,167.86,251582.55758,1580083199999.0,41239031.3379062,116628.0,135644.6268
01/25/2020 00:00,162.51,162.79,157.61,160.35,219921.65197,1579996799999.0,35196608.3063368,95448.0,114622.44585
01/24/2020 00:00,162.85,164.45,155.55,162.54,430013.19902,1579910399999.0,68980724.0604947,145668.0,201937.83641
01/23/2020 00:00,168.07,168.2,159.21,162.81,373414.34985,1579823999999.0,60971659.7745824,150875.0,179121.31926
01/22/2020 00:00,169.48,171.47,166.03,168.07,272240.90286,1579737599999.0,45903134.1629132,111017.0,131183.80623
01/21/2020 00:00,166.86,170.32,164.8,169.49,308007.6353,1579651199999.0,51615232.5669897,125609.0,154669.56313
01/20/2020 00:00,166.79,169.33,161.24,166.87,358092.8841,1579564799999.0,59292534.7174649,130615.0,181828.1952
01/19/2020 00:00,174.1,178.05,161.66,166.79,624681.28604,1579478399999.0,105691368.8196623,203953.0,307350.63954
01/18/2020 00:00,169.92,179.5,164.92,174.14,688783.17982,1579391999999.0,119388338.7524942,240660.0,350447.01511
01/17/2020 00:00,164.24,174.81,162.14,169.85,767180.67853,1579305599999.0,129909265.2561568,273867.0,375143.01514
01/16/2020 00:00,166.4,167.4,157.8,164.21,456170.86719,1579219199999.0,74038650.829131,179108.0,221669.39628
01/15/2020 00:00,165.6,171.98,159.2,166.4,721687.80381,1579132799999.0,119239937.9299424,251183.0,350727.96393
01/14/2020 00:00,143.58,171.7,143.51,165.64,1108476.31186,1579046399999.0,173492006.2482075,321408.0,569410.84447
01/13/2020 00:00,146.56,147.0,142.27,143.58,207996.61865,1578959999999.0,29888095.3670508,102544.0,99446.20096
01/12/2020 00:00,142.4,146.6,141.76,146.54,229541.86137,1578873599999.0,33112850.8222346,110842.0,112369.46853
01/11/2020 00:00,144.83,148.05,142.09,142.38,368350.57939,1578787199999.0,53149360.5617478,156488.0,189781.12128
01/10/2020 00:00,137.73,145.17,135.32,144.84,409403.59507,1578700799999.0,57377525.5626822,167313.0,212395.40493
01/09/2020 00:00,140.76,141.5,135.3,137.74,366076.06569,1578614399999.0,50611452.5846448,152241.0,185916.38689
01/08/2020 00:00,142.8,147.77,137.03,140.72,570465.57764,1578527999999.0,81184999.7319576,229912.0,282151.20995
01/07/2020 00:00,144.14,145.31,138.76,142.8,447762.17281,1578441599999.0,63861666.4047594,188444.0,224063.89164
01/06/2020 00:00,135.37,144.41,134.86,144.15,408020.27375,1578355199999.0,57400544.487257,159866.0,199544.89847
01/05/2020 00:00,134.2,138.19,134.19,135.37,254120.45343,1578268799999.0,34593687.6032748,115106.0,126786.52057
01/04/2020 00:00,134.37,135.85,132.5,134.2,184276.17102,1578182399999.0,24641135.568953,95488.0,85809.67556
01/03/2020 00:00,127.19,135.14,125.88,134.35,413055.18895,1578095999999.0,54139288.2165768,162310.0,227899.25531
01/02/2020 00:00,130.72,130.78,126.38,127.19,213757.05806,1578009599999.0,27486853.3948215,96193.0,105830.56192
01/01/2020 00:00,129.16,133.05,128.68,130.77,144770.52197,1577923199999.0,18952318.5320643,75888.0,71847.93883
12/31/2019 00:00,131.61,133.68,128.17,129.16,264933.98418,1577836799999.0,34678632.1795937,95085.0,131010.02709
12/30/2019 00:00,134.36,136.24,130.3,131.59,320347.21956,1577750399999.0,42636559.3824152,101293.0,153829.18058
12/29/2019 00:00,128.11,138.07,127.52,134.36,316347.26666,1577663999999.0,41893078.3622121,115498.0,154769.9807
12/28/2019 00:00,126.28,129.68,125.84,128.11,196893.52277,1577577599999.0,25177121.1470641,82441.0,95994.94508
12/27/2019 00:00,125.58,127.1,121.91,126.29,240012.37451,1577491199999.0,30020098.8891311,102142.0,115839.00216
12/26/2019 00:00,125.09,132.26,124.32,125.58,274986.52097,1577404799999.0,34943780.9092039,103034.0,128410.01213
12/25/2019 00:00,127.7,127.84,123.07,125.09,225004.4909,1577318399999.0,28144469.160729,93397.0,98563.1461
12/24/2019 00:00,127.8,129.69,126.61,127.75,200637.10098,1577231999999.0,25667665.1420103,87657.0,100608.48356
12/23/2019 00:00,132.12,135.1,126.0,127.8,421600.75655,1577145599999.0,55501305.920123,145867.0,194731.2118
12/22/2019 00:00,127.0,133.07,126.82,132.09,253140.72413,1577059199999.0,32938501.021757,91028.0,130908.05583
12/21/2019 00:00,128.19,128.4,126.5,126.99,135196.11641,1576972799999.0,17199278.7946842,64847.0,64958.5023
12/20/2019 00:00,128.1,129.39,125.84,128.19,213897.4673,1576886399999.0,27266605.4848642,90922.0,109755.28767
12/19/2019 00:00,132.8,134.0,125.69,128.1,420674.8172,1576799999999.0,53766864.1851899,154222.0,204489.68391
12/18/2019 00:00,121.88,134.87,116.26,132.78,884960.91334,1576713599999.0,110566290.5693325,252627.0,469544.6644
12/17/2019 00:00,132.72,132.98,119.11,121.88,563257.36001,1576627199999.0,71709329.2689193,178977.0,272414.29784
12/16/2019 00:00,142.46,142.72,127.93,132.73,471018.85942,1576540799999.0,63632055.5849407,153717.0,215716.73176
12/15/2019 00:00,141.79,144.12,139.92,142.46,151189.65877,1576454399999.0,21495196.818885,77131.0,73238.69048
12/14/2019 00:00,144.8,145.07,141.18,141.79,126232.59201,1576367999999.0,18027581.3595459,76951.0,59729.52052
12/13/2019 00:00,144.87,146.0,142.8,144.8,160695.18556,1576281599999.0,23203419.9616187,90805.0,82252.75063
12/12/2019 00:00,143.41,145.85,139.24,144.87,261615.30437,1576195199999.0,37425277.0381235,99231.0,127845.69433
12/11/2019 00:00,145.53,146.34,142.12,143.39,157843.10484,1576108799999.0,22772651.1681289,69834.0,82484.40373
12/10/2019 00:00,147.4,148.57,143.81,145.56,203215.84937,1576022399999.0,29746845.4324287,85725.0,96914.54456
12/09/2019 00:00,150.44,151.19,146.56,147.38,243775.99249,1575935999999.0,36345702.3480885,92204.0,113225.94088
12/08/2019 00:00,147.16,151.62,146.11,150.44,205301.6026,1575849599999.0,30606289.2853915,79766.0,113946.96048
12/07/2019 00:00,148.46,149.49,146.85,147.14,140471.68588,1575763199999.0,20799551.3456956,70677.0,73739.81386
12/06/2019 00:00,148.11,149.77,145.74,148.45,220674.68581,1575676799999.0,32549526.3995979,90076.0,118938.06254
12/05/2019 00:00,145.45,149.02,143.64,148.1,299073.53972,1575590399999.0,43777241.5908236,111694.0,159810.68936
12/04/2019 00:00,147.19,151.98,143.15,145.38,434490.46521,1575503999999.0,63849308.2935722,149685.0,211432.92469
12/03/2019 00:00,148.66,149.93,145.77,147.17,196329.22503,1575417599999.0,29061161.1017757,87660.0,100293.6245
12/02/2019 00:00,150.72,151.42,146.71,148.65,233839.0973,1575331199999.0,34768563.4718647,107070.0,114158.87515
12/01/2019 00:00,151.43,152.49,145.79,150.73,344178.14088,1575244799999.0,51148792.0829982,125550.0,172849.45417
11/30/2019 00:00,154.54,155.25,149.7,151.37,226863.41299,1575158399999.0,34617912.1786886,96632.0,115076.90179
11/29/2019 00:00,150.69,157.6,150.23,154.57,328712.25558,1575071999999.0,50649319.1209473,129774.0,171812.20099
11/28/2019 00:00,152.61,154.63,149.09,150.72,317714.56326,1574985599999.0,48324220.6205619,124573.0,158837.00332
11/27/2019 00:00,147.47,155.54,140.84,152.62,564796.4284,1574899199999.0,83505998.0548896,192325.0,290667.89068
11/26/2019 00:00,145.81,149.97,143.37,147.47,354023.04298,1574812799999.0,51873405.0392909,132207.0,172671.00371
11/25/2019 00:00,139.99,151.5,131.45,145.69,749675.41303,1574726399999.0,106186791.3371651,238649.0,369097.78378
11/24/2019 00:00,151.84,152.86,138.62,139.96,352319.21558,1574639999999.0,51503705.1777392,158774.0,169721.62425
11/23/2019 00:00,149.55,154.33,146.11,151.84,369721.0996,1574553599999.0,55595157.5640424,177816.0,188200.09056
11/22/2019 00:00,161.02,162.79,138.0,149.56,977977.23794,1574467199999.0,147595324.5643929,324167.0,460516.29463
11/21/2019 00:00,174.75,175.85,157.26,161.01,473895.92992,1574380799999.0,78641896.2303806,178521.0,234632.37028
11/20/2019 00:00,175.93,177.41,173.5,174.72,216315.93309,1574294399999.0,38001672.1930986,106534.0,105958.65927
11/19/2019 00:00,178.2,178.52,172.65,175.94,275886.6411,1574207999999.0,48414106.9569336,125824.0,138098.32741
11/18/2019 00:00,183.82,184.06,175.01,178.2,293551.23632,1574121599999.0,52985734.2807839,131823.0,134230.72271
11/17/2019 00:00,182.37,186.09,180.0,183.82,198892.4372,1574035199999.0,36509968.6991013,93753.0,99564.29673
11/16/2019 00:00,179.99,183.46,179.3,182.37,172801.52576,1573948799999.0,31378510.0153897,89596.0,86531.48564
11/15/2019 00:00,184.93,186.7,177.67,180.0,407466.78964,1573862399999.0,74217250.1727187,156868.0,196587.25275
11/14/2019 00:00,188.07,188.72,183.34,184.92,245505.29971,1573775999999.0,45523714.0985551,114266.0,117241.99539
11/13/2019 00:00,187.09,189.66,185.3,188.11,197273.84001,1573689599999.0,36936429.9359435,89631.0,101255.98817
11/12/2019 00:00,184.98,187.65,182.41,187.09,256782.63119,1573603199999.0,47636043.3528847,124488.0,130189.09727
11/11/2019 00:00,188.96,190.19,184.06,184.98,255579.93429,1573516799999.0,47746876.4565624,128079.0,125060.86932
11/10/2019 00:00,184.86,191.58,183.3,188.96,274940.53448,1573430399999.0,51648623.2863399,133008.0,139412.49207
11/09/2019 00:00,183.71,185.79,182.63,184.89,192073.38044,1573343999999.0,35441967.7656995,112521.0,97836.42113
11/08/2019 00:00,186.67,188.26,181.41,183.74,365029.75027,1573257599999.0,67305417.4050575,167904.0,175732.31788
11/07/2019 00:00,191.16,192.27,184.59,186.68,309882.08206,1573171199999.0,58150631.2768295,152881.0,155433.46587
11/06/2019 00:00,188.65,195.09,187.72,191.16,343219.9224,1573084799999.0,65471595.2070074,160110.0,173260.42539
11/05/2019 00:00,185.71,192.51,182.22,188.68,389668.6472,1572998399999.0,73036074.7809727,184562.0,200247.68513
11/04/2019 00:00,181.53,188.64,180.36,185.71,321175.29134,1572911999999.0,59357371.3141338,147624.0,174839.08251
11/03/2019 00:00,182.9,184.7,178.95,181.54,232621.52147,1572825599999.0,42260620.3770286,109861.0,117372.86999
11/02/2019 00:00,182.86,186.0,181.53,182.91,179864.39739,1572739199999.0,32936676.7082053,107048.0,89462.03413
11/01/2019 00:00,182.19,184.5,177.02,182.85,331519.76963,1572652799999.0,60092727.1391759,154534.0,176366.39217
10/31/2019 00:00,183.14,185.27,177.66,182.18,410969.86104,1572566399999.0,74696032.7315675,167038.0,210699.39971
10/30/2019 00:00,190.45,191.71,179.28,183.13,537770.43056,1572479999999.0,99508269.890319,194946.0,264989.49925
10/29/2019 00:00,181.67,192.74,181.26,190.46,529964.5054,1572393599999.0,99024969.8434844,212841.0,269645.51621
10/28/2019 00:00,183.84,189.48,180.35,181.72,582179.44545,1572307199999.0,106933716.670613,225343.0,295482.30631
10/27/2019 00:00,179.42,188.7,176.22,183.75,724423.40525,1572220799999.0,132329593.3936198,262415.0,385013.11426
10/26/2019 00:00,181.53,197.74,173.8,179.49,1211737.43684,1572134399999.0,222906937.7909978,373782.0,616841.96023
10/25/2019 00:00,160.39,187.78,160.25,181.5,904832.86059,1572047999999.0,157496890.7226022,267143.0,477807.72341
10/24/2019 00:00,162.35,163.72,158.72,160.38,387310.83766,1571961599999.0,62419095.1068171,159778.0,201844.94482
10/23/2019 00:00,171.19,171.49,153.45,162.35,746955.09806,1571875199999.0,121126428.2285973,238790.0,349055.6466
10/22/2019 00:00,174.0,175.04,170.3,171.2,255429.41624,1571788799999.0,44176123.2085981,123180.0,125146.21334
10/21/2019 00:00,175.18,177.9,171.59,173.98,270608.51385,1571702399999.0,47204344.2406268,128045.0,140196.68285
10/20/2019 00:00,171.84,176.88,169.21,175.22,299141.07152,1571615999999.0,51654250.0652548,125469.0,161874.58359
10/19/2019 00:00,172.78,174.98,169.44,171.79,296918.73026,1571529599999.0,51269466.0425387,127763.0,153698.71472
10/18/2019 00:00,177.17,177.44,168.66,172.74,319602.48508,1571443199999.0,55285684.61343,139612.0,152605.77187
10/17/2019 00:00,174.52,178.96,172.61,177.16,298795.8198,1571356799999.0,52578052.9440327,133295.0,157556.94002
10/16/2019 00:00,180.52,181.44,171.81,174.47,347764.93459,1571270399999.0,61180262.7759032,151051.0,174413.51344
10/15/2019 00:00,186.7,188.37,175.96,180.49,405466.38109,1571183999999.0,73998014.4472151,155734.0,200056.7357
10/14/2019 00:00,180.98,187.54,180.43,186.72,279732.84612,1571097599999.0,51494870.2773636,123915.0,145915.38133
10/13/2019 00:00,179.65,184.95,178.52,180.99,247589.23231,1571011199999.0,45067340.4221513,113448.0,124690.60376
10/12/2019 00:00,180.65,184.64,177.59,179.68,290415.22038,1570924799999.0,52895345.3826257,118775.0,147805.76792
10/11/2019 00:00,191.18,196.65,179.41,180.72,621693.63125,1570838399999.0,115872479.7661273,181427.0,300995.2989
10/10/2019 00:00,192.61,194.2,186.88,191.14,436588.58452,1570751999999.0,83367952.3933486,150166.0,226305.55384
10/09/2019 00:00,180.61,195.53,178.96,192.62,562506.82189,1570665599999.0,105551736.4844096,182290.0,296581.72445
10/08/2019 00:00,179.88,184.87,177.0,180.6,400832.37828,1570579199999.0,72432729.9845929,139925.0,198505.85063
10/07/2019 00:00,170.08,182.32,168.68,179.85,496523.48038,1570492799999.0,87617964.5675863,159802.0,269524.79092
10/06/2019 00:00,176.23,177.04,167.68,170.1,314932.39629,1570406399999.0,54241930.1254795,114662.0,150053.25603
10/05/2019 00:00,175.55,176.71,172.02,176.25,278488.61771,1570319999999.0,48647162.438982,90341.0,148677.3776
10/04/2019 00:00,174.71,178.98,170.74,175.55,333897.63876,1570233599999.0,58470302.1445434,89655.0,178481.72947
10/03/2019 00:00,180.24,180.72,169.55,174.69,354756.78478,1570147199999.0,62001237.4817829,101114.0,170712.79827
10/02/2019 00:00,175.65,181.29,173.65,180.24,348268.1162,1570060799999.0,61530973.8042317,96660.0,176207.85499
10/01/2019 00:00,180.89,185.53,173.19,175.66,609972.52717,1569974399999.0,109365005.3617921,168529.0,297585.37703
09/30/2019 00:00,169.26,181.24,165.01,180.85,580295.3997,1569887999999.0,100443187.7716862,175354.0,305126.83015
09/29/2019 00:00,173.5,174.5,164.12,169.24,410855.12176,1569801599999.0,69327213.6474489,136438.0,207251.58216
09/28/2019 00:00,173.83,175.49,168.0,173.49,521775.46593,1569715199999.0,90120971.1669136,159337.0,270120.29369
09/27/2019 00:00,165.92,176.72,161.03,173.79,634932.96707,1569628799999.0,106461443.899721,183611.0,329233.87612
09/26/2019 00:00,169.96,171.01,152.11,165.92,779942.17148,1569542399999.0,127948136.2708905,202020.0,391258.95488
09/25/2019 00:00,165.72,174.85,161.88,169.96,879001.46213,1569455999999.0,147619414.1358966,251456.0,447020.54762
09/24/2019 00:00,201.25,202.98,150.03,165.81,1478218.82714,1569369599999.0,263412071.5312026,383778.0,729145.32328
09/23/2019 00:00,211.2,211.68,198.65,201.29,392437.07084,1569283199999.0,80922890.4608859,121866.0,195784.51789
09/22/2019 00:00,215.04,215.61,206.1,211.2,445388.94787,1569196799999.0,93662351.5045333,108397.0,223157.30567
09/21/2019 00:00,218.01,221.5,213.2,215.05,417891.5242,1569110399999.0,90638548.2352924,105391.0,207179.70785
09/20/2019 00:00,220.26,221.54,212.05,218.03,437804.12669,1569023999999.0,95069640.6241525,133129.0,220337.02958
09/19/2019 00:00,210.27,223.94,202.3,220.24,844358.82155,1568937599999.0,179595728.8138375,230867.0,419271.71181
09/18/2019 00:00,207.85,217.27,207.66,210.21,539028.51013,1568851199999.0,114703107.2717186,182943.0,266269.5488
09/17/2019 00:00,197.23,215.13,195.74,207.84,715863.2262,1568764799999.0,145945114.8695818,214041.0,364269.0599
09/16/2019 00:00,189.05,199.44,188.3,197.22,551006.81686,1568678399999.0,106449156.0300247,166031.0,287085.88662
09/15/2019 00:00,188.14,190.45,185.76,189.03,288928.60827,1568591999999.0,54373471.3852245,106052.0,153265.22338
09/14/2019 00:00,180.96,188.79,179.75,188.13,279371.83423,1568505599999.0,51424561.3917001,113052.0,163939.13161
09/13/2019 00:00,180.71,181.38,177.54,180.95,264422.54059,1568419199999.0,47382425.1919217,109752.0,144556.81427
09/12/2019 00:00,178.3,182.38,176.62,180.72,203543.13663,1568332799999.0,36419973.2297372,102872.0,112207.26467
09/11/2019 00:00,179.87,182.8,173.0,178.28,278555.46708,1568246399999.0,49657474.9751696,130317.0,141851.70528
09/10/2019 00:00,180.52,184.36,177.0,179.81,238387.50999,1568159999999.0,43067898.9051214,116866.0,120273.5916
09/09/2019 00:00,181.18,185.38,176.01,180.54,273729.94868,1568073599999.0,49340881.2345897,140362.0,141443.31955
09/08/2019 00:00,177.58,184.18,176.13,181.19,290083.47501,1567987199999.0,52424648.7184664,143793.0,141391.15011
09/07/2019 00:00,169.11,180.8,168.3,177.62,253831.23169,1567900799999.0,44282963.3065402,134155.0,133267.63152
09/06/2019 00:00,173.74,177.87,165.0,169.08,315822.37984,1567814399999.0,54567316.6059573,146974.0,159799.71519
09/05/2019 00:00,174.7,176.19,168.1,173.75,232753.83596,1567727999999.0,40247496.5629039,123424.0,119903.03976
09/04/2019 00:00,178.79,180.14,173.0,174.72,286226.25171,1567641599999.0,50629395.4918831,140298.0,150944.76267
09/03/2019 00:00,178.0,183.0,174.09,178.75,327857.85447,1567555199999.0,58621819.3554533,147758.0,169339.58256
09/02/2019 00:00,170.73,181.0,170.02,178.05,294627.31247,1567468799999.0,51446380.4485707,116596.0,158324.35888
09/01/2019 00:00,171.52,173.42,167.61,170.74,191140.52368,1567382399999.0,32627380.9318131,93036.0,105365.5583
08/31/2019 00:00,168.48,174.98,165.63,171.57,194999.19583,1567295999999.0,32983642.8432588,101425.0,103927.9217
08/30/2019 00:00,169.03,170.77,165.55,168.5,238616.68868,1567209599999.0,40216956.5994906,114316.0,122176.9996
08/29/2019 00:00,173.03,173.5,163.61,169.01,295241.216,1567123199999.0,49838097.1661885,142645.0,148944.8435
08/28/2019 00:00,187.3,188.25,166.48,173.03,334480.61761,1567036799999.0,59498959.9665215,146334.0,157842.22951
08/27/2019 00:00,188.61,189.49,184.75,187.24,157898.563,1566950399999.0,29513243.50055,96138.0,82742.89368
08/26/2019 00:00,186.54,193.7,186.0,188.67,254397.79472,1566863999999.0,48298621.3154217,130551.0,130191.14191
08/25/2019 00:00,190.6,192.4,182.8,186.54,169862.91522,1566777599999.0,31935951.290364,103115.0,85922.30698
08/24/2019 00:00,194.02,194.09,185.63,190.6,167806.34294,1566691199999.0,31786227.8626633,104191.0,87395.56483
08/23/2019 00:00,190.36,196.19,188.16,194.02,192548.51552,1566604799999.0,37022930.5704567,128090.0,103654.44392
08/22/2019 00:00,187.45,195.14,182.8,190.35,245575.98772,1566518399999.0,46426395.0486722,160105.0,128088.29346
08/21/2019 00:00,196.55,197.2,179.53,187.45,284973.64194,1566431999999.0,53434048.9529292,150215.0,143327.26923
08/20/2019 00:00,202.24,202.75,194.45,196.6,189297.75494,1566345599999.0,37412398.975662,109559.0,94655.34043
08/19/2019 00:00,194.32,203.59,192.7,202.28,239541.5978,1566259199999.0,47675347.062822,116606.0,122389.69465
08/18/2019 00:00,185.67,197.91,183.35,194.33,175363.5062,1566172799999.0,33655229.0922308,102057.0,92430.25179
08/17/2019 00:00,184.83,187.0,181.83,185.59,138799.61508,1566086399999.0,25599796.9046516,101721.0,71194.91465
08/16/2019 00:00,187.98,188.39,178.04,184.88,282177.01584,1565999999999.0,51945182.4708607,150695.0,140331.02072
08/15/2019 00:00,187.08,189.95,181.23,188.03,237953.09426,1565913599999.0,44183760.7061055,119008.0,110230.51548
08/14/2019 00:00,209.31,209.9,183.49,187.1,325228.98931,1565827199999.0,63597043.1885792,171181.0,152334.65364
08/13/2019 00:00,211.58,214.3,204.0,209.3,166922.48201,1565740799999.0,34861802.3965168,102967.0,77187.83946
08/12/2019 00:00,216.41,216.81,209.75,211.41,122760.94619,1565654399999.0,26091487.959004,85543.0,64061.87617
08/11/2019 00:00,206.48,216.94,206.14,216.42,188474.09048,1565567999999.0,39875149.5480282,112904.0,98456.65063
08/10/2019 00:00,210.52,215.0,202.6,206.48,252614.02389,1565481599999.0,52534644.5700389,142706.0,128386.06493
08/09/2019 00:00,221.38,221.79,207.3,210.53,232062.12757,1565395199999.0,49415315.754676,140538.0,115399.67299
08/08/2019 00:00,226.11,228.5,215.51,221.39,236886.35423,1565308799999.0,52730777.0692849,132568.0,114109.47371
08/07/2019 00:00,226.31,231.25,220.95,226.1,279104.7037,1565222399999.0,63135096.4855769,159413.0,146171.93629
08/06/2019 00:00,233.53,239.15,223.03,226.28,341279.08159,1565135999999.0,78590684.0215889,172932.0,166236.76616
08/05/2019 00:00,221.79,236.25,221.79,233.54,307956.27211,1565049599999.0,70962003.8432999,173092.0,163211.99796
08/04/2019 00:00,222.14,223.34,216.9,221.79,135622.0258,1564963199999.0,29836777.6913328,90502.0,69386.02134
08/03/2019 00:00,217.69,224.51,216.62,222.14,181591.95296,1564876799999.0,40285734.5319214,110659.0,93873.07584
08/02/2019 00:00,216.8,222.18,214.31,217.61,206867.03039,1564790399999.0,45116694.8592759,123571.0,107794.76515
08/01/2019 00:00,218.42,219.39,210.54,216.84,186806.18844,1564703999999.0,40054998.6824046,116919.0,91849.72101
07/31/2019 00:00,209.57,218.79,209.2,218.42,207213.55658,1564617599999.0,44416634.9002688,122971.0,112082.92487
07/30/2019 00:00,210.84,214.36,204.4,209.58,222683.79393,1564531199999.0,46627086.4841072,129043.0,126515.06354
07/29/2019 00:00,211.58,215.83,206.59,210.89,226941.28,1564444799999.0,47853275.1272464,133256.0,117589.6207
07/28/2019 00:00,207.3,213.52,198.24,211.62,218801.16693,1564358399999.0,45414505.7900188,132599.0,112178.92834
07/27/2019 00:00,218.81,223.3,203.0,207.3,301209.41113,1564271999999.0,63931823.1551626,180170.0,144808.2727
07/26/2019 00:00,219.14,220.0,212.71,218.81,197781.98653,1564185599999.0,42839496.5355307,133271.0,98990.46002
07/25/2019 00:00,216.31,225.12,215.23,219.14,280370.29627,1564099199999.0,62017449.3573358,167223.0,143500.50787
07/24/2019 00:00,212.55,218.28,202.0,216.31,331162.6484,1564012799999.0,69281797.0165171,188919.0,171125.24668
07/23/2019 00:00,217.59,219.55,208.36,212.48,317876.48242,1563926399999.0,67930201.6731321,169515.0,167094.99959
07/22/2019 00:00,225.49,228.34,212.25,217.51,271310.40446,1563839999999.0,59602149.0419698,155651.0,135135.21114
07/21/2019 00:00,228.25,229.66,216.99,225.38,270046.1519,1563753599999.0,60421739.0469762,149561.0,140104.17634
07/20/2019 00:00,220.84,235.09,219.78,228.2,325393.97225,1563667199999.0,74182517.2396253,158590.0,169537.41035
07/19/2019 00:00,225.75,226.23,212.52,220.73,371622.21865,1563580799999.0,81600507.572648,178357.0,190528.38687
07/18/2019 00:00,210.8,229.65,205.71,225.73,609081.49094,1563494399999.0,132637638.7901553,264573.0,315755.33217
07/17/2019 00:00,198.94,219.86,191.84,210.81,694854.10132,1563407999999.0,143020071.9619188,306708.0,363231.97342
07/16/2019 00:00,228.2,234.5,192.25,198.88,715604.83198,1563321599999.0,151473621.6451511,315783.0,350245.42111
07/15/2019 00:00,225.83,235.58,203.08,228.2,715991.20688,1563235199999.0,159784811.6372373,320571.0,370737.93141
07/14/2019 00:00,268.8,269.74,222.81,225.85,540052.58421,1563148799999.0,130785858.9998518,260313.0,256989.83281
07/13/2019 00:00,274.53,275.04,262.2,268.79,205959.26849,1563062399999.0,55323572.09371,132115.0,103948.50825
07/12/2019 00:00,268.67,278.99,266.21,274.62,266734.54213,1562975999999.0,72743548.0414527,150653.0,133477.16896
07/11/2019 00:00,289.23,289.23,262.12,268.63,501592.75211,1562889599999.0,136450969.6452713,278211.0,250154.92476
07/10/2019 00:00,307.46,314.18,281.04,289.23,457080.94063,1562803199999.0,135779813.6086586,241966.0,220628.79918
07/09/2019 00:00,311.96,318.19,302.69,307.46,309447.34927,1562716799999.0,96199378.5403265,183056.0,158621.20585
07/08/2019 00:00,304.72,313.74,300.78,311.97,289607.34177,1562630399999.0,88890021.7460584,156865.0,155290.87882
07/07/2019 00:00,288.29,309.69,284.25,304.72,246111.36595,1562543999999.0,73170809.7629514,146592.0,128914.23303
07/06/2019 00:00,287.32,296.71,285.28,288.29,196064.64705,1562457599999.0,57137782.5984704,122419.0,102266.21407
07/05/2019 00:00,282.86,294.89,280.78,287.47,261139.28341,1562371199999.0,75165110.6986579,151476.0,133187.74184
07/04/2019 00:00,301.11,302.74,280.53,282.73,270791.36878,1562284799999.0,79507234.7409,155911.0,135349.3741
07/03/2019 00:00,291.47,302.89,285.0,301.14,370521.96637,1562198399999.0,109262202.2252374,203286.0,191658.42315
07/02/2019 00:00,295.03,297.57,272.65,291.48,493772.96579,1562111999999.0,140020251.9277511,255019.0,249236.40932
07/01/2019 00:00,292.89,303.49,280.13,295.07,489769.27421,1562025599999.0,142871936.7587887,247035.0,262574.76029
06/30/2019 00:00,317.64,323.5,290.12,292.7,489028.56835,1561939199999.0,149527443.5798294,265958.0,236869.51519
06/29/2019 00:00,310.95,324.74,295.18,317.62,425555.16264,1561852799999.0,130425514.0458484,233883.0,215633.39731
06/28/2019 00:00,298.35,313.58,295.22,311.05,529174.47722,1561766399999.0,161838706.7872334,260039.0,279799.14011
06/27/2019 00:00,339.53,347.0,280.01,298.35,1016826.449,1561679999999.0,315174509.7084831,449424.0,511748.69656
06/26/2019 00:00,318.29,366.8,315.57,339.39,1008551.28721,1561593599999.0,341534154.5328709,477973.0,519610.70974
06/25/2019 00:00,311.65,318.99,307.0,318.26,345559.65047,1561507199999.0,108143161.2256218,183415.0,188753.46606
06/24/2019 00:00,308.42,314.41,298.0,311.64,352791.26964,1561420799999.0,108439071.6445221,185588.0,182026.16675
06/23/2019 00:00,310.7,321.7,305.58,308.52,418812.02747,1561334399999.0,131252843.5293641,241819.0,213747.9718
06/22/2019 00:00,294.25,314.39,289.69,310.79,726254.67061,1561247999999.0,222036096.3352611,336414.0,374894.48528
06/21/2019 00:00,271.27,295.94,271.22,294.35,519818.06907,1561161599999.0,148641528.5342657,240649.0,272679.1028
06/20/2019 00:00,268.16,273.63,265.71,271.22,200717.7737,1561075199999.0,53998507.956007,130438.0,101208.05863
06/19/2019 00:00,264.68,270.0,263.59,268.14,208375.68381,1560988799999.0,55665919.1543959,111358.0,107462.88795
06/18/2019 00:00,273.14,273.58,261.45,264.66,319941.55156,1560902399999.0,85335852.9315235,184954.0,161423.04428
06/17/2019 00:00,267.73,276.0,266.81,273.16,339277.66707,1560815999999.0,91807270.7108816,185899.0,176231.60685
06/16/2019 00:00,267.78,277.06,263.31,267.73,458176.54236,1560729599999.0,123848161.4689518,206212.0,238873.01948
06/15/2019 00:00,262.48,272.27,260.61,267.82,286594.98029,1560643199999.0,76053046.5533358,146902.0,155140.46734
06/14/2019 00:00,254.67,264.26,251.75,262.47,327383.28236,1560556799999.0,84045849.5425799,175229.0,173197.96874
06/13/2019 00:00,261.13,262.98,253.69,254.67,291757.21635,1560470399999.0,75447391.0373403,159838.0,142504.2592
06/12/2019 00:00,244.36,261.87,242.2,261.15,336499.3016,1560383999999.0,84660448.5685657,171468.0,191035.62205
06/11/2019 00:00,246.61,247.8,236.49,244.29,237508.42798,1560297599999.0,57549753.7376492,133083.0,122937.01231
06/10/2019 00:00,231.02,247.45,227.03,246.51,314662.52637,1560211199999.0,75090336.6626488,162704.0,164859.97136
06/09/2019 00:00,243.33,244.53,226.56,230.98,316931.85638,1560124799999.0,74594101.4163109,147025.0,149751.60604
06/08/2019 00:00,248.78,250.53,240.37,243.25,188448.27748,1560038399999.0,46293916.7909609,108260.0,93452.11427
06/07/2019 00:00,248.77,253.28,243.46,248.77,353378.6568,1559951999999.0,87644279.2486556,149700.0,194475.01521
06/06/2019 00:00,245.62,250.66,235.01,248.76,297579.14734,1559865599999.0,72417630.0041218,146839.0,147753.23828
06/05/2019 00:00,241.46,250.41,237.37,245.63,335953.37927,1559779199999.0,81839286.6165841,173428.0,178579.70212
06/04/2019 00:00,250.02,251.67,234.39,241.39,633822.71246,1559692799999.0,154709331.2941874,270568.0,339927.90333
06/03/2019 00:00,268.87,270.0,248.0,249.91,397360.65275,1559606399999.0,103602836.6837421,193998.0,200720.66553
06/02/2019 00:00,264.33,273.2,263.2,268.88,301536.15062,1559519999999.0,80960737.4054672,138349.0,154397.78666
06/01/2019 00:00,267.9,275.5,260.68,264.33,455676.98613,1559433599999.0,121851235.7591843,182844.0,244439.949
05/31/2019 00:00,254.59,268.72,245.21,267.9,602153.87244,1559347199999.0,154783065.7707739,253604.0,313715.51397
05/30/2019 00:00,268.92,288.62,240.14,254.56,1066279.49387,1559260799999.0,289930479.3621191,368300.0,538953.47484
05/29/2019 00:00,271.08,274.04,260.05,268.83,383412.45769,1559174399999.0,102868997.4320186,173915.0,194501.87335
05/28/2019 00:00,270.7,275.95,264.45,271.03,409443.69364,1559087999999.0,110617403.6892461,181468.0,210233.09508
05/27/2019 00:00,264.35,279.59,260.0,270.53,635463.50204,1559001599999.0,170250734.8917526,246768.0,330156.0044
05/26/2019 00:00,250.17,269.4,245.11,264.45,450090.22324,1558915199999.0,115089467.7879579,159525.0,228355.77865
05/25/2019 00:00,248.84,257.33,247.22,250.22,332544.38731,1558828799999.0,83665127.8436946,125719.0,165867.00466
05/24/2019 00:00,244.63,254.35,241.54,248.87,447066.92596,1558742399999.0,111294049.3667149,171482.0,229477.2831
05/23/2019 00:00,243.68,247.34,231.1,244.56,600193.89368,1558655999999.0,144051488.877393,198869.0,309885.62434
05/22/2019 00:00,253.35,260.18,239.63,243.64,592848.95605,1558569599999.0,149006735.6421766,208482.0,291969.97415
05/21/2019 00:00,250.48,262.0,246.06,253.43,580249.69753,1558483199999.0,146749988.2737374,229662.0,296180.05712
05/20/2019 00:00,259.37,259.49,238.0,250.37,666889.82241,1558396799999.0,165783106.0770302,246484.0,341913.40218
05/19/2019 00:00,233.57,264.0,231.77,259.51,823859.06342,1558310399999.0,207383027.8264837,285496.0,427121.32949
05/18/2019 00:00,244.31,248.0,230.62,233.6,673218.09982,1558223999999.0,160450040.8069193,236314.0,350733.36784
05/17/2019 00:00,264.35,268.74,223.43,244.3,1529892.56898,1558137599999.0,366429299.2028029,517016.0,766433.52488
05/16/2019 00:00,248.06,279.76,241.76,264.25,1733360.8936,1558051199999.0,452410350.051738,553635.0,896705.83686
05/15/2019 00:00,216.4,250.27,216.21,248.1,574697.29927,1557964799999.0,135054369.6175697,176272.0,300224.48606
05/14/2019 00:00,195.83,219.81,194.19,216.4,864211.00603,1557878399999.0,179717430.3107268,248577.0,451375.98025
05/13/2019 00:00,188.07,206.87,185.32,195.84,669265.46524,1557791999999.0,131102303.1385697,190439.0,345029.21196
05/12/2019 00:00,190.2,204.32,181.0,188.11,823372.28148,1557705599999.0,157611011.7252508,228585.0,414771.2365
05/11/2019 00:00,172.92,205.23,172.92,190.2,885292.38389,1557619199999.0,167180496.7623297,246217.0,460145.37432
05/10/2019 00:00,170.96,176.7,168.46,172.91,425543.74021,1557532799999.0,73717438.6539584,142024.0,217209.97186
05/09/2019 00:00,170.88,173.88,166.57,170.9,284663.99456,1557446399999.0,48482365.5414184,111190.0,139490.30992
05/08/2019 00:00,169.07,173.17,164.8,170.85,296436.29384,1557359999999.0,50312349.784776,108814.0,143905.37197
05/07/2019 00:00,172.98,182.76,167.89,169.18,732496.87861,1557273599999.0,129206700.1276838,208268.0,359208.70506
05/06/2019 00:00,163.05,178.05,157.55,173.0,506528.14278,1557187199999.0,86112232.475863,151543.0,279631.33418
05/05/2019 00:00,163.71,165.36,159.18,163.05,176029.10445,1557100799999.0,28659516.7862457,79825.0,87458.50631
05/04/2019 00:00,168.1,171.3,159.76,163.7,312928.58349,1557014399999.0,51596174.4008955,115264.0,154550.58103
05/03/2019 00:00,161.82,170.86,160.99,168.06,416357.52123,1556927999999.0,69185162.5971677,136042.0,207707.51957
05/02/2019 00:00,160.2,163.48,158.5,161.81,289519.02025,1556841599999.0,46716417.0127823,97201.0,146854.42652
05/01/2019 00:00,161.85,163.88,158.36,160.19,192517.62763,1556755199999.0,30965351.6968463,88509.0,94853.75564
04/30/2019 00:00,155.14,162.89,155.11,161.83,305056.24653,1556668799999.0,48352308.3471109,109233.0,151942.02827
04/29/2019 00:00,157.86,159.05,152.0,155.11,243591.94898,1556582399999.0,37892463.2904875,98779.0,112271.92569
04/28/2019 00:00,159.32,160.24,156.92,157.85,152976.30181,1556495999999.0,24304182.1410825,72048.0,75258.19531
04/27/2019 00:00,157.93,166.24,156.35,159.31,215918.63842,1556409599999.0,34294277.9954465,89809.0,107892.49091
04/26/2019 00:00,154.7,162.56,151.4,157.95,500355.86283,1556323199999.0,78334214.8744062,162730.0,265522.61201
04/25/2019 00:00,164.78,165.49,150.35,154.72,422657.03239,1556236799999.0,67326464.6484704,139927.0,207493.18153
04/24/2019 00:00,169.15,169.87,159.26,164.78,426497.04153,1556150399999.0,70076178.2845027,154469.0,213010.94018
04/23/2019 00:00,170.52,175.83,167.78,169.16,363523.34531,1556063999999.0,62784241.170476,126520.0,173307.59552
04/22/2019 00:00,168.59,172.3,167.0,170.52,269868.39876,1555977599999.0,45832751.057015,96396.0,138724.4816
04/21/2019 00:00,172.89,173.48,164.82,168.59,283450.43943,1555891199999.0,47781349.4020958,108394.0,143539.87051
04/20/2019 00:00,172.66,176.97,169.87,172.88,253596.48407,1555804799999.0,43939979.0160537,94403.0,123125.92238
04/19/2019 00:00,173.34,173.55,168.59,172.64,320541.72166,1555718399999.0,54991300.1097207,104551.0,164821.29068
04/18/2019 00:00,165.75,175.2,165.04,173.33,396118.94407,1555631999999.0,68031293.2325779,114728.0,187459.43239
04/17/2019 00:00,165.41,167.28,163.78,165.75,227841.54981,1555545599999.0,37678036.5964673,85475.0,108219.2429
04/16/2019 00:00,159.91,166.73,159.41,165.37,240370.50441,1555459199999.0,39245823.494595,82937.0,114539.76934
04/15/2019 00:00,167.21,168.81,155.7,159.95,351548.9079,1555372799999.0,57215098.1117043,113590.0,172067.32017
04/14/2019 00:00,162.99,168.11,161.2,167.23,186977.66211,1555286399999.0,30640985.0609499,72468.0,94730.83063
04/13/2019 00:00,163.2,165.37,160.74,162.99,179237.74574,1555199999999.0,29247030.1526373,75202.0,86353.32588
04/12/2019 00:00,164.06,166.5,158.11,163.19,316337.87823,1555113599999.0,51556919.1461367,124732.0,150876.36061
04/11/2019 00:00,177.12,177.48,158.27,164.07,661305.30321,1555027199999.0,110201659.9478763,224876.0,324992.46047
04/10/2019 00:00,174.58,183.77,168.0,177.12,523943.20498,1554940799999.0,93283836.587114,171960.0,259905.55155
04/09/2019 00:00,178.71,179.17,171.05,174.6,431986.36108,1554854399999.0,75745619.5720787,156659.0,215364.15603
04/08/2019 00:00,174.29,185.87,170.9,178.72,873410.07285,1554767999999.0,156417981.3021178,272413.0,427707.91163
04/07/2019 00:00,165.56,175.43,164.06,174.21,465507.52497,1554681599999.0,78876773.2967177,161529.0,242883.45203
04/06/2019 00:00,164.84,172.77,159.2,165.5,528168.33297,1554595199999.0,87657058.1149817,163384.0,246862.26683
04/05/2019 00:00,157.33,167.83,155.94,164.77,516070.34553,1554508799999.0,84123101.326904,175261.0,271221.4937
04/04/2019 00:00,159.96,164.0,152.8,157.36,686080.95248,1554422399999.0,109082183.5877348,242989.0,356683.70225
04/03/2019 00:00,163.26,177.81,149.23,159.96,1345344.53845,1554335999999.0,225523896.2014656,423036.0,689694.17267
04/02/2019 00:00,141.24,165.6,141.0,163.31,906868.8586,1554249599999.0,138094679.3020432,289637.0,482112.08002
04/01/2019 00:00,141.41,143.08,139.57,141.24,234310.19161,1554163199999.0,33234998.6438733,90705.0,113803.3589
03/31/2019 00:00,142.44,142.5,140.42,141.38,142469.21171,1554076799999.0,20131931.6990724,65047.0,72121.13189
03/30/2019 00:00,143.25,145.89,140.06,142.46,254798.70067,1553990399999.0,36382647.2268952,97751.0,129968.43382
03/29/2019 00:00,137.85,143.6,137.62,143.25,235853.0454,1553903999999.0,33098245.9556135,94717.0,131841.45562
03/28/2019 00:00,139.46,139.57,137.3,137.86,163185.6991,1553817599999.0,22543474.6122913,73225.0,84450.31652
03/27/2019 00:00,134.14,140.14,133.84,139.45,317167.45325,1553731199999.0,43635238.4289265,119271.0,160680.98018
03/26/2019 00:00,133.97,134.74,132.27,134.18,183139.11426,1553644799999.0,24490323.0607397,86841.0,97876.42094
03/25/2019 00:00,136.12,136.83,131.6,133.98,230880.285,1553558399999.0,31082445.5932449,98246.0,113167.35254
03/24/2019 00:00,137.28,137.37,134.75,136.09,198490.45124,1553471999999.0,27042322.6952009,82361.0,104851.44764
03/23/2019 00:00,135.92,138.21,135.6,137.28,174710.43059,1553385599999.0,23922572.3588934,73884.0,89401.14291
03/22/2019 00:00,134.85,137.2,134.29,135.98,186119.74745,1553299199999.0,25309122.7264498,79782.0,86857.86292
03/21/2019 00:00,139.04,139.55,131.21,134.85,312531.39368,1553212799999.0,42635937.4891712,113797.0,152957.11763
03/20/2019 00:00,138.56,139.66,136.01,139.01,222883.51754,1553126399999.0,30757997.8115518,83814.0,111862.81746
03/19/2019 00:00,137.62,139.38,136.97,138.55,218577.45208,1553039999999.0,30175322.0784989,82348.0,109609.32108
03/18/2019 00:00,138.67,142.01,136.1,137.59,281718.96195,1552953599999.0,39017864.9224565,94109.0,136354.75075
03/17/2019 00:00,140.94,141.07,137.2,138.67,252697.08148,1552867199999.0,35051209.9303395,88617.0,127490.1088
03/16/2019 00:00,136.6,144.47,136.51,140.92,474664.10197,1552780799999.0,66878173.4518186,149612.0,241316.08941
03/15/2019 00:00,132.24,137.62,132.18,136.56,295832.26562,1552694399999.0,39928522.3372778,103920.0,161856.61972
03/14/2019 00:00,131.69,135.11,128.52,132.2,258413.81868,1552607999999.0,34099414.8055834,99000.0,127625.33507
03/13/2019 00:00,133.62,133.65,130.58,131.65,209456.09848,1552521599999.0,27670734.4309227,87617.0,105332.16365
03/12/2019 00:00,132.67,135.3,130.77,133.57,194905.96843,1552435199999.0,25981446.1033466,74222.0,99412.59836
03/11/2019 00:00,135.37,136.15,131.0,132.67,264587.00683,1552348799999.0,35285847.7482702,101371.0,137778.22305
03/10/2019 00:00,137.27,137.5,134.0,135.37,203965.16815,1552262399999.0,27650702.3793393,90905.0,104700.49828
03/09/2019 00:00,133.51,138.65,132.93,137.27,279861.12049,1552175999999.0,38220614.005662,111544.0,146108.77784
03/08/2019 00:00,136.82,139.34,130.62,133.52,330283.58233,1552089599999.0,44879637.3870354,113160.0,164375.46413
03/07/2019 00:00,137.37,140.2,135.2,136.81,307336.4931,1552003199999.0,42271691.2428617,114687.0,152452.19592
03/06/2019 00:00,136.71,140.29,133.33,137.4,428826.87415,1551916799999.0,58701328.649431,136000.0,218466.67905
03/05/2019 00:00,125.68,137.84,125.19,136.72,512631.23178,1551830399999.0,67740644.3311417,155818.0,272171.77962
03/04/2019 00:00,130.6,131.11,122.6,125.65,403947.79445,1551743999999.0,51060349.7665833,140132.0,203832.41182
03/03/2019 00:00,132.54,134.6,128.01,130.6,222453.2859,1551657599999.0,29447917.2382588,86648.0,114067.58966
03/02/2019 00:00,135.32,136.12,130.03,132.56,297005.28093,1551571199999.0,39467507.6857296,113241.0,155921.86934
03/01/2019 00:00,135.32,137.95,134.9,135.32,302632.02831,1551484799999.0,41198722.5798789,103403.0,172468.84876
02/28/2019 00:00,135.03,139.0,132.1,135.34,579327.31749,1551398399999.0,78861797.5593921,183737.0,299413.85729
02/27/2019 00:00,136.22,140.29,126.84,135.02,567202.61035,1551311999999.0,76519497.9080148,158709.0,272367.46964
02/26/2019 00:00,137.88,138.41,133.72,136.22,432944.17033,1551225599999.0,58979934.7160016,145787.0,228006.72087
02/25/2019 00:00,132.1,141.55,131.89,137.87,801147.09543,1551139199999.0,110348892.9700245,243536.0,411499.33688
02/24/2019 00:00,157.75,166.0,131.7,132.1,1260506.80672,1551052799999.0,186688063.414179,351943.0,631974.74429
02/23/2019 00:00,147.4,159.6,145.78,157.79,588183.72896,1550966399999.0,89997516.9234365,172084.0,319153.58988
02/22/2019 00:00,145.68,148.85,143.85,147.36,366251.18542,1550879999999.0,53771600.8025665,129247.0,190056.54144
02/21/2019 00:00,148.42,149.61,142.7,145.69,447364.40873,1550793599999.0,65199779.5124385,148898.0,224983.85218
02/20/2019 00:00,143.45,149.52,139.6,148.44,614303.61007,1550707199999.0,89136482.3716519,191505.0,315381.09329
02/19/2019 00:00,145.69,150.0,142.36,143.44,747968.90445,1550620799999.0,109645050.4660972,232384.0,402160.07677
02/18/2019 00:00,133.77,148.3,132.42,145.69,1079830.1502,1550534399999.0,152756654.6454775,299772.0,549759.99454
02/17/2019 00:00,122.67,135.61,122.43,133.75,614788.60078,1550447999999.0,78958054.9589805,162769.0,293673.43938
02/16/2019 00:00,121.66,124.99,121.54,122.67,215320.70134,1550361599999.0,26462034.6125396,84959.0,112117.92743
02/15/2019 00:00,120.47,124.25,120.19,121.67,255296.0814,1550275199999.0,31111280.2093057,100464.0,132203.05707
02/14/2019 00:00,121.86,124.5,120.1,120.42,297205.78738,1550188799999.0,36278326.0774455,101574.0,144929.76588
02/13/2019 00:00,122.4,126.47,120.7,121.86,317827.31956,1550102399999.0,39073077.8391656,122122.0,160797.73684
02/12/2019 00:00,120.88,123.89,118.18,122.41,343765.66987,1550015999999.0,41603632.811699,114396.0,176467.18014
02/11/2019 00:00,125.12,125.28,119.24,120.89,389405.30404,1549929599999.0,47197595.845191,129000.0,194142.33374
02/10/2019 00:00,119.19,126.49,115.81,125.12,385819.09619,1549843199999.0,45929459.1290131,146060.0,202272.64362
02/09/2019 00:00,119.32,121.99,117.64,119.19,328067.9574,1549756799999.0,39061582.3914826,118457.0,169285.11511
02/08/2019 00:00,104.48,123.0,103.41,119.25,589950.64925,1549670399999.0,67027886.9398639,177364.0,304660.09924
02/07/2019 00:00,104.49,106.18,103.82,104.48,147942.07683,1549583999999.0,15530160.6471066,68959.0,74195.91673
02/06/2019 00:00,107.28,107.83,101.21,104.5,337204.30254,1549497599999.0,34984364.2970212,113955.0,165235.43945
02/05/2019 00:00,107.65,108.18,106.47,107.27,159730.1886,1549411199999.0,17137008.2478395,68422.0,82850.20631
02/04/2019 00:00,107.33,109.3,106.57,107.68,160850.10293,1549324799999.0,17312736.6001502,65698.0,83257.70317
02/03/2019 00:00,110.41,111.11,105.82,107.36,227211.54064,1549238399999.0,24605892.2887283,78309.0,104902.65217
02/02/2019 00:00,106.71,111.15,106.07,110.42,186908.7573,1549151999999.0,20153872.302919,67351.0,100348.9366
02/01/2019 00:00,106.47,108.35,103.77,106.73,243149.88435,1549065599999.0,25791535.1460238,86314.0,120649.43802
01/31/2019 00:00,108.29,110.61,105.46,106.44,290679.61935,1548979199999.0,31234353.515393,102532.0,146487.2295
01/30/2019 00:00,104.41,109.8,103.45,108.29,330968.19265,1548892799999.0,35368520.135571,118866.0,168310.3525
01/29/2019 00:00,105.49,106.61,102.22,104.45,319768.91348,1548806399999.0,33427469.3450618,129221.0,161610.46234
01/28/2019 00:00,112.04,112.87,100.91,105.5,566205.78288,1548719999999.0,60050129.3863579,177547.0,280135.35398
01/27/2019 00:00,115.32,116.15,111.04,112.05,247369.60555,1548633599999.0,28158012.7304768,97152.0,118671.53907
01/26/2019 00:00,115.13,118.0,115.0,115.34,146216.82819,1548547199999.0,16978386.1972377,68368.0,75224.68609
01/25/2019 00:00,116.4,117.5,114.3,115.11,198617.08108,1548460799999.0,22977175.9541193,85660.0,98562.49082
01/24/2019 00:00,116.4,117.15,113.61,116.39,216242.29829,1548374399999.0,25044265.7542041,90622.0,109084.23085
01/23/2019 00:00,117.8,118.95,114.8,116.44,230247.61578,1548287999999.0,26975386.3924584,102993.0,116161.13221
01/22/2019 00:00,115.62,119.49,111.39,117.81,359542.63873,1548201599999.0,41777737.4704705,134797.0,191477.42643
01/21/2019 00:00,117.56,118.5,113.61,115.63,303632.93463,1548115199999.0,35258073.4282649,119538.0,151719.15903
01/20/2019 00:00,122.61,123.32,115.68,117.47,451792.85352,1548028799999.0,53833668.9066349,164941.0,222998.00633
01/19/2019 00:00,119.16,125.29,119.14,122.6,323303.79296,1547942399999.0,39715159.1649606,117187.0,159926.95718
01/18/2019 00:00,121.56,121.98,117.66,119.17,235646.684,1547855999999.0,28305971.6688854,112833.0,118574.39197
01/17/2019 00:00,121.49,122.99,116.8,121.54,447535.22716,1547769599999.0,53854069.2105117,169098.0,231192.403
01/16/2019 00:00,118.93,126.88,118.52,121.48,513486.65472,1547683199999.0,62314225.9960432,192912.0,260457.57444
01/15/2019 00:00,126.95,129.4,116.0,118.95,649020.5297,1547596799999.0,79985529.5587708,200989.0,323384.20597
01/14/2019 00:00,114.17,130.05,113.94,126.95,546420.40854,1547510399999.0,66801543.3050366,181074.0,283172.06565
01/13/2019 00:00,123.35,124.25,111.87,114.16,422561.96777,1547423999999.0,49521201.2764662,137005.0,228755.00345
01/12/2019 00:00,124.67,126.19,122.0,123.35,300262.13404,1547337599999.0,37295866.3538343,122024.0,159060.66029
01/11/2019 00:00,124.96,127.36,120.08,124.65,545293.98369,1547251199999.0,67782816.3375987,197047.0,286390.42731
01/10/2019 00:00,148.11,149.45,121.0,124.95,871751.75038,1547164799999.0,114437025.2827277,290765.0,432162.78581
01/09/2019 00:00,147.62,151.5,146.77,148.1,299443.563,1547078399999.0,44673066.391582,125358.0,154466.46066
01/08/2019 00:00,149.29,151.65,145.2,147.6,441661.06778,1546991999999.0,65535529.7557393,170585.0,220205.8156
01/07/2019 00:00,153.89,155.48,147.86,149.34,424765.30258,1546905599999.0,64310962.9190328,157568.0,205545.31494
01/06/2019 00:00,152.83,157.4,147.51,153.86,627908.47366,1546819199999.0,95681339.4600648,204337.0,318359.8694
01/05/2019 00:00,152.08,159.26,151.2,152.83,773169.13736,1546732799999.0,120238339.7822187,231172.0,383106.49462
01/04/2019 00:00,146.3,154.8,143.54,151.97,805248.93821,1546646399999.0,120827141.5442279,224385.0,398803.89556
01/03/2019 00:00,152.01,153.64,143.11,146.3,708091.31714,1546559999999.0,104953535.1485126,206600.0,345065.32126
01/02/2019 00:00,139.1,155.37,137.76,152.01,941486.31524,1546473599999.0,138801471.1186518,253070.0,452778.41302
01/01/2019 00:00,131.45,140.67,130.0,139.1,401776.88797,1546387199999.0,54280385.598127,125799.0,204877.27101
12/31/2018 00:00,137.81,138.66,128.7,131.45,484604.83962,1546300799999.0,64763118.1166383,157669.0,237701.09337
12/30/2018 00:00,133.0,139.0,127.03,137.77,704259.41614,1546214399999.0,94804050.4933616,232606.0,357472.20343
12/29/2018 00:00,135.3,145.42,128.5,132.89,1006654.49844,1546127999999.0,136479145.9423473,291165.0,504750.91747
12/28/2018 00:00,113.75,136.66,111.87,135.3,894454.19051,1546041599999.0,111865576.4977578,248671.0,451231.25265
12/27/2018 00:00,129.35,131.09,111.22,113.8,752177.90111,1545955199999.0,90456912.8883521,230428.0,395194.15934
12/26/2018 00:00,127.61,135.32,122.51,129.35,794834.05601,1545868799999.0,102196717.3950557,258222.0,404012.07869
12/25/2018 00:00,138.01,139.26,119.68,127.6,1076164.12809,1545782399999.0,136600862.0426763,328349.0,533800.5341
12/24/2018 00:00,129.03,157.67,128.8,138.03,1319609.8165,1545695999999.0,190137361.0658773,426763.0,661539.16353
12/23/2018 00:00,115.18,131.94,114.91,129.03,936094.1049,1545609599999.0,118250392.5550972,302293.0,471552.23072
12/22/2018 00:00,107.67,115.5,105.38,115.2,405672.83117,1545523199999.0,44814571.6096925,159158.0,205365.41855
12/21/2018 00:00,113.71,118.0,104.76,107.69,666048.71786,1545436799999.0,74510414.5879752,242389.0,329476.24747
12/20/2018 00:00,98.73,116.0,97.88,114.05,859612.57205,1545350399999.0,93128082.5480073,272100.0,435953.37011
12/19/2018 00:00,100.39,107.55,97.75,98.74,827748.59096,1545263999999.0,84862730.2333679,258340.0,410278.1552
12/18/2018 00:00,94.03,101.3,91.34,100.39,529946.79175,1545177599999.0,50202945.7917017,173951.0,276927.03282
12/17/2018 00:00,84.68,97.0,84.4,94.02,472252.23388,1545091199999.0,42965553.4158694,156319.0,253291.04756
12/16/2018 00:00,83.75,87.64,83.73,84.67,241366.76305,1545004799999.0,20783723.6930707,78098.0,122970.75808
12/15/2018 00:00,83.82,85.0,81.79,83.76,217360.65775,1544918399999.0,18169124.0002302,83696.0,112417.15502
12/14/2018 00:00,86.35,87.25,82.2,83.82,318003.73427,1544831999999.0,27041687.8001072,102917.0,163056.11732
12/13/2018 00:00,89.39,90.71,84.71,86.34,331218.30083,1544745599999.0,29089359.8313012,94842.0,165833.73289
12/12/2018 00:00,87.77,91.31,86.63,89.41,285436.04029,1544659199999.0,25500398.9286536,86407.0,140538.7062
12/11/2018 00:00,89.88,91.65,85.83,87.76,339991.84246,1544572799999.0,30055007.219609,104079.0,176249.02302
12/10/2018 00:00,93.26,95.21,88.11,89.91,408573.02929,1544486399999.0,37180525.4573109,119278.0,203916.35229
12/09/2018 00:00,90.39,98.7,88.63,93.26,520519.36023,1544399999999.0,48533111.8520108,158700.0,269537.22219
12/08/2018 00:00,93.06,98.0,84.55,90.38,698217.12529,1544313599999.0,63224518.5473893,228982.0,357487.0789
12/07/2018 00:00,91.18,96.9,82.07,93.05,1030073.58467,1544227199999.0,90499447.337842,307599.0,512506.96835
12/06/2018 00:00,102.73,104.68,90.2,91.0,586138.59043,1544140799999.0,58114721.7510634,188007.0,276836.87889
12/05/2018 00:00,109.92,110.58,102.38,102.71,354071.53241,1544054399999.0,37519336.0718317,111602.0,157870.88819
12/04/2018 00:00,108.76,113.2,106.0,109.94,275321.0063,1543967999999.0,30365546.7521367,111872.0,137238.32415
12/03/2018 00:00,116.63,116.96,106.7,108.76,324446.03324,1543881599999.0,36185196.1948889,115448.0,162115.32188
12/02/2018 00:00,118.09,120.73,116.0,116.57,273657.6215,1543795199999.0,32184013.7601348,102151.0,145750.16201
12/01/2018 00:00,113.71,120.8,111.35,118.1,330159.06742,1543708799999.0,38614493.6264599,122161.0,171713.25495
11/30/2018 00:00,117.99,120.26,111.09,113.73,418593.63529,1543622399999.0,48362085.7818422,153866.0,211057.08821
11/29/2018 00:00,122.88,124.0,114.78,117.98,478777.39614,1543535999999.0,57140533.5732648,180848.0,245948.78826
11/28/2018 00:00,111.38,126.8,111.37,122.9,578552.74124,1543449599999.0,68485222.4434163,195923.0,293313.44643
11/27/2018 00:00,110.66,114.31,102.36,111.43,524024.40616,1543363199999.0,56638056.0091172,179214.0,269149.99554
11/26/2018 00:00,118.65,121.5,106.41,110.68,679491.73871,1543276799999.0,77211447.3176539,224345.0,347682.56537
11/25/2018 00:00,114.83,122.35,102.95,118.67,836233.31252,1543190399999.0,93723314.1234466,264902.0,431382.20248
11/24/2018 00:00,125.0,130.81,112.32,114.89,471321.56764,1543103999999.0,57264800.0665808,153585.0,234287.59828
11/23/2018 00:00,126.58,128.9,118.56,125.02,504352.24386,1543017599999.0,62657024.0486937,166040.0,251961.06141
11/22/2018 00:00,138.36,140.4,125.64,126.63,334674.07185,1542931199999.0,44837388.4512714,117670.0,163681.6246
11/21/2018 00:00,133.68,142.01,127.15,138.23,718957.78552,1542844799999.0,97819681.4905397,246564.0,352855.41036
11/20/2018 00:00,150.76,154.7,126.95,133.82,996552.28721,1542758399999.0,139191208.4550928,357568.0,474492.98015
11/19/2018 00:00,179.04,179.33,146.47,150.81,596789.83916,1542671999999.0,94639227.0313713,224184.0,299681.11547
11/18/2018 00:00,176.2,182.94,176.1,178.97,141736.32263,1542585599999.0,25261184.0928033,68702.0,70761.12569
11/17/2018 00:00,176.93,177.91,173.94,176.2,144804.70986,1542499199999.0,25452515.6364988,77570.0,76336.2317
11/16/2018 00:00,184.35,185.0,173.0,176.89,241710.34763,1542412799999.0,43450649.948378,120635.0,125640.2904
11/15/2018 00:00,187.43,190.0,170.99,184.35,452416.10784,1542326399999.0,81674273.8857771,212442.0,223248.21322
11/14/2018 00:00,209.84,210.3,176.16,187.43,434676.16832,1542239999999.0,82531353.9766622,187653.0,201248.23817
11/13/2018 00:00,212.91,213.8,209.2,209.84,114466.36708,1542153599999.0,24176049.6062305,65826.0,58200.67321
11/12/2018 00:00,212.6,214.22,210.9,212.89,99963.97203,1542067199999.0,21271725.1845819,52826.0,56179.71278
11/11/2018 00:00,213.27,213.99,209.0,212.54,136268.81156,1541980799999.0,28875079.8849474,66072.0,75709.01023
11/10/2018 00:00,210.78,215.55,209.02,213.25,131384.47893,1541894399999.0,28019225.0100827,66005.0,66492.43466
11/09/2018 00:00,212.79,215.51,209.1,210.77,152215.94686,1541807999999.0,32309082.1975887,72814.0,77629.77249
11/08/2018 00:00,219.06,220.78,212.49,212.79,189828.4945,1541721599999.0,40931506.148422,93113.0,92343.52623
11/07/2018 00:00,220.77,224.8,217.01,219.07,204931.0342,1541635199999.0,45252424.0852285,105883.0,105369.57327
11/06/2018 00:00,210.64,221.25,209.11,220.74,197797.49527,1541548799999.0,42534535.8639938,110906.0,102842.82059
11/05/2018 00:00,212.13,213.39,207.62,210.66,141432.1406,1541462399999.0,29714567.4106342,81531.0,68965.02718
11/04/2018 00:00,200.27,218.76,199.0,212.11,182534.6216,1541375999999.0,37959621.568273,112393.0,88110.04676
11/03/2018 00:00,202.31,202.69,198.59,200.31,72084.92932,1541289599999.0,14456528.3775608,46801.0,37513.43651
11/02/2018 00:00,199.93,203.74,199.34,202.35,97123.22813,1541203199999.0,19559214.4192249,61401.0,51072.05675
11/01/2018 00:00,198.7,200.95,197.88,199.96,86097.98629,1541116799999.0,17116621.5351845,53873.0,43875.99353
10/31/2018 00:00,197.24,201.45,193.01,198.73,114739.70424,1541030399999.0,22632315.2602598,68261.0,58800.95652
10/30/2018 00:00,196.95,198.6,195.91,197.27,83633.81463,1540943999999.0,16501372.8633176,56433.0,45584.27013
10/29/2018 00:00,204.99,205.49,195.28,196.96,118281.82272,1540857599999.0,23671711.3937594,70893.0,59069.05972
10/28/2018 00:00,204.45,205.94,203.62,204.99,44394.83357,1540771199999.0,9084565.9157548,37134.0,22645.86435
10/27/2018 00:00,204.92,206.15,203.09,204.45,50235.68329,1540684799999.0,10280846.4145438,52419.0,25242.25884
10/26/2018 00:00,203.84,209.0,203.0,204.92,91143.83291,1540598399999.0,18707018.7840062,49864.0,48380.29105
10/25/2018 00:00,205.35,205.94,202.88,203.93,77411.57217,1540511999999.0,15820355.2048038,37923.0,38493.07311
10/24/2018 00:00,205.85,207.95,204.73,205.35,97128.82698,1540425599999.0,20049428.2046269,47453.0,50652.00247
10/23/2018 00:00,206.67,207.8,202.14,205.85,112753.0414,1540339199999.0,23146110.0040041,50937.0,59084.69973
10/22/2018 00:00,207.46,209.3,205.0,206.67,206046.89963,1540252799999.0,42711588.9238288,72089.0,119499.29899
10/21/2018 00:00,207.91,211.99,206.74,207.49,83277.36128,1540166399999.0,17462109.6899969,40862.0,41453.18493
10/20/2018 00:00,205.1,209.69,203.57,207.91,62376.6968,1540079999999.0,12936322.3431964,34666.0,31465.35969
10/19/2018 00:00,206.25,208.0,204.21,205.0,254660.48637,1539993599999.0,52458006.5146688,84457.0,151057.4457
10/18/2018 00:00,212.9,215.3,203.53,206.24,150229.60097,1539907199999.0,31567845.7180902,85942.0,69532.65452
10/17/2018 00:00,215.2,216.99,210.0,212.85,153768.85024,1539820799999.0,32834161.5160167,75663.0,78491.75799
10/16/2018 00:00,214.39,219.95,211.55,215.09,145980.09837,1539734399999.0,31315676.3229606,83944.0,72612.23417
10/15/2018 00:00,196.84,239.0,194.6,214.39,973857.7477,1539647999999.0,212166629.5950726,298845.0,523552.38281
10/14/2018 00:00,201.39,203.56,194.33,197.01,110554.19361,1539561599999.0,22180535.0688399,37339.0,53844.8652
10/13/2018 00:00,196.96,202.78,196.27,201.3,107215.5262,1539475199999.0,21498264.311397,45954.0,57258.85173
10/12/2018 00:00,191.55,201.87,190.04,196.96,216448.3922,1539388799999.0,42627353.0764674,90790.0,112428.96387
10/11/2018 00:00,226.7,226.91,189.01,191.58,497258.82871,1539302399999.0,101069066.8272607,189200.0,230886.01677
10/10/2018 00:00,228.4,228.78,224.05,226.74,122748.21412,1539215999999.0,27773272.1574484,54578.0,58207.63913
10/09/2018 00:00,230.01,231.02,226.56,228.4,100246.1843,1539129599999.0,22933859.7906438,42266.0,52442.48288
10/08/2018 00:00,226.26,232.7,224.21,230.01,210989.42202,1539043199999.0,48017160.0630845,77786.0,106890.41908
10/07/2018 00:00,225.39,227.75,221.48,226.14,74733.67253,1538956799999.0,16774573.6880058,29693.0,40087.21912
10/06/2018 00:00,228.36,228.86,223.15,225.4,100257.5697,1538870399999.0,22656352.8166308,35875.0,48633.62556
10/05/2018 00:00,222.66,231.75,219.35,228.37,137730.35786,1538783999999.0,30900558.884435,54454.0,74414.80402
10/04/2018 00:00,220.67,227.16,219.49,222.66,158137.42967,1538697599999.0,35468959.258357,64786.0,77296.74943
10/03/2018 00:00,225.7,226.43,216.51,220.77,275609.26221,1538611199999.0,60784387.6960889,112473.0,141132.70437
10/02/2018 00:00,231.62,232.51,223.37,225.69,401305.32707,1538524799999.0,91706335.3382373,148279.0,228211.16079
10/01/2018 00:00,233.04,235.88,224.46,231.61,322900.46128,1538438399999.0,74363466.5209959,120621.0,176182.83061
09/30/2018 00:00,231.62,239.0,226.5,232.94,432195.44084,1538351999999.0,100778882.0307922,164400.0,235766.76855
09/29/2018 00:00,221.89,237.77,214.18,231.62,604000.95586,1538265599999.0,137238908.3763711,193800.0,337563.48201
09/28/2018 00:00,229.1,234.42,215.53,221.84,618434.62488,1538179199999.0,139637602.098122,196556.0,330847.15286
09/27/2018 00:00,214.38,234.0,205.01,229.13,582274.44087,1538092799999.0,128104933.3932339,185910.0,317608.07827
09/26/2018 00:00,219.5,223.6,207.5,214.42,613754.27743,1538006399999.0,132187818.9010536,200388.0,339911.10483
09/25/2018 00:00,228.06,228.1,203.61,219.62,710650.7097,1537919999999.0,151991600.882084,241874.0,390268.09596
09/24/2018 00:00,244.54,246.2,225.3,228.06,350139.1505,1537833599999.0,82504630.5176478,122214.0,164879.83597
09/23/2018 00:00,241.01,249.73,237.0,244.5,235214.14917,1537747199999.0,57084614.9280021,86877.0,108787.74422
09/22/2018 00:00,247.67,255.13,232.7,241.01,423740.7403,1537660799999.0,102510891.9345569,127522.0,211238.15259
09/21/2018 00:00,224.0,252.11,220.66,247.73,841029.12948,1537574399999.0,195225669.8238866,257566.0,430108.24564
09/20/2018 00:00,209.79,226.68,205.56,224.0,573632.24236,1537487999999.0,121706784.8174097,172813.0,315415.04964
09/19/2018 00:00,208.42,214.84,197.58,209.79,496100.46639,1537401599999.0,103133667.4105173,128769.0,245353.13395
09/18/2018 00:00,196.25,215.47,193.47,208.17,584366.15014,1537315199999.0,118777847.5744647,167048.0,324327.01972
09/17/2018 00:00,220.24,225.0,192.4,196.16,825020.77445,1537228799999.0,173019109.8734984,224178.0,407677.72108
09/16/2018 00:00,221.62,223.5,208.1,220.17,425538.57709,1537142399999.0,92372399.9553208,130886.0,219213.1856
09/15/2018 00:00,208.55,227.42,207.64,221.29,441046.52933,1537055999999.0,96594593.5603322,125321.0,227148.7359
09/14/2018 00:00,210.91,224.2,202.6,208.82,833945.82573,1536969599999.0,177613712.1035491,249947.0,431817.33588
09/13/2018 00:00,183.17,215.0,183.15,210.68,739503.34051,1536883199999.0,147281547.1668909,222128.0,389380.40825
09/12/2018 00:00,185.14,185.22,167.32,183.12,504047.79165,1536796799999.0,88384821.0111754,150831.0,235314.87315
09/11/2018 00:00,197.22,200.2,176.16,185.18,476745.79216,1536710399999.0,89920137.1965744,163958.0,251458.10305
09/10/2018 00:00,196.13,203.42,187.1,197.15,418489.86663,1536623999999.0,81950595.0164879,146713.0,231386.5731
09/09/2018 00:00,196.87,208.6,185.02,195.81,429255.02592,1536537599999.0,84861381.2832979,144803.0,222485.70012
09/08/2018 00:00,215.19,220.2,190.01,196.71,318859.84904,1536451199999.0,65385376.7893882,111890.0,151369.34224
09/07/2018 00:00,229.73,234.69,213.5,215.22,398379.81741,1536364799999.0,88670418.8238684,162430.0,220763.87778
09/06/2018 00:00,228.28,233.19,212.0,229.7,552996.86567,1536278399999.0,124860778.3771237,241166.0,297294.35122
09/05/2018 00:00,285.18,287.62,227.0,228.53,528734.3196,1536191999999.0,136620123.9591297,218243.0,286451.21575
09/04/2018 00:00,289.09,292.64,283.0,285.3,330102.19,1536105599999.0,94920949.9921153,128936.0,193173.09686
09/03/2018 00:00,295.51,296.62,285.99,289.09,274753.70062,1536019199999.0,79640131.706311,115284.0,152262.97792
09/02/2018 00:00,295.8,299.33,288.87,295.41,153300.06112,1535932799999.0,45141040.5627157,76484.0,71133.02958
09/01/2018 00:00,281.46,302.0,281.34,295.71,294944.4401,1535846399999.0,86146416.3680798,134032.0,163908.01119
08/31/2018 00:00,283.9,289.0,276.59,281.41,302663.37038,1535759999999.0,84967488.7108621,124162.0,187469.0674
08/30/2018 00:00,288.35,291.0,271.88,283.89,336993.14413,1535673599999.0,94748097.3749351,149454.0,191694.71097
08/29/2018 00:00,295.44,297.0,283.55,288.4,324275.47324,1535587199999.0,94515756.4158804,141609.0,182459.5766
08/28/2018 00:00,287.71,298.0,282.66,295.44,318323.28971,1535500799999.0,91895213.4638033,171500.0,173036.5281
08/27/2018 00:00,274.17,288.15,271.59,287.71,281020.64727,1535414399999.0,77863316.0042758,134261.0,156547.23734
08/26/2018 00:00,277.54,277.91,268.69,274.29,232525.9497,1535327999999.0,63548492.8381071,113465.0,133025.57261
08/25/2018 00:00,281.05,282.71,275.99,277.55,253375.49477,1535241599999.0,70728357.0054838,107965.0,157791.24933
08/24/2018 00:00,276.06,283.1,270.22,281.19,271850.21373,1535155199999.0,75029435.4282871,124399.0,158416.07588
08/23/2018 00:00,270.68,280.3,267.55,275.99,277304.60909,1535068799999.0,75819913.1999267,127845.0,158898.27378
08/22/2018 00:00,281.09,298.89,259.5,270.8,403936.78303,1534982399999.0,113458567.7931297,177686.0,218966.93214
08/21/2018 00:00,270.51,285.9,269.7,281.21,224701.57671,1534895999999.0,62384768.4079815,113749.0,126787.10956
08/20/2018 00:00,299.3,304.04,269.5,270.51,219153.78936,1534809599999.0,63253937.4194838,122863.0,107455.9347
08/19/2018 00:00,294.1,307.4,288.2,299.42,288483.44841,1534723199999.0,85661942.2884703,118166.0,162261.59844
08/18/2018 00:00,317.51,321.33,281.79,294.11,384021.38829,1534636799999.0,115559326.5701996,170896.0,220483.98287
08/17/2018 00:00,286.84,318.0,285.0,317.51,342556.46068,1534550399999.0,103050444.6195969,169216.0,198067.38404
08/16/2018 00:00,281.46,298.6,277.55,287.17,235665.2551,1534463999999.0,67837020.5066396,116200.0,128676.26081
08/15/2018 00:00,278.47,304.45,276.3,281.12,438620.64156,1534377599999.0,126037140.7260448,198830.0,237497.51747
08/14/2018 00:00,283.81,283.81,250.0,278.41,485174.37541,1534291199999.0,127753385.0091796,221194.0,256386.28026
08/13/2018 00:00,317.96,321.99,280.68,283.81,307713.22214,1534204799999.0,94158006.4889456,141534.0,170319.23908
08/12/2018 00:00,317.49,327.13,313.42,317.89,135524.79994,1534118399999.0,43466733.7459554,77747.0,72044.60895
08/11/2018 00:00,331.88,332.98,304.45,317.69,335634.67243,1534031999999.0,106734997.232087,167715.0,190429.83797
08/10/2018 00:00,363.21,365.87,325.95,331.81,264274.13378,1533945599999.0,93178451.140294,165093.0,153430.86397
08/09/2018 00:00,355.48,369.9,350.51,363.3,244268.20567,1533859199999.0,88131409.5395446,137786.0,145454.80592
08/08/2018 00:00,378.2,380.42,347.25,355.48,275047.10788,1533772799999.0,100391980.194899,170291.0,144570.45535
08/07/2018 00:00,405.19,412.76,369.19,378.21,207706.11078,1533686399999.0,83083795.0458217,123346.0,113801.12912
08/06/2018 00:00,408.77,413.28,397.08,405.28,166496.42465,1533599999999.0,67757484.9446498,98135.0,97590.2274
08/05/2018 00:00,407.21,413.24,400.16,408.79,158913.77206,1533513599999.0,64593904.8362998,78475.0,91537.60835
08/04/2018 00:00,417.58,419.53,401.86,407.21,179498.57515,1533427199999.0,73796154.8038684,102597.0,96430.9833
08/03/2018 00:00,410.62,420.01,396.61,417.52,201156.61154,1533340799999.0,82442762.712497,122785.0,114911.02628
08/02/2018 00:00,420.37,425.52,407.43,410.62,178421.10672,1533254399999.0,74102793.6254267,103504.0,105752.67959
08/01/2018 00:00,432.2,434.99,406.55,420.41,209570.0844,1533167999999.0,88066594.0085525,122508.0,115837.44289
07/31/2018 00:00,456.19,457.3,427.0,432.22,214913.57229,1533081599999.0,94399725.7513435,117935.0,118282.94441
07/30/2018 00:00,466.4,469.79,446.1,456.23,179581.79415,1532995199999.0,82428123.8069293,103093.0,102539.77663
07/29/2018 00:00,468.44,472.0,461.6,466.4,138747.56334,1532908799999.0,64627164.9226595,79843.0,84060.13513
07/28/2018 00:00,470.09,472.0,460.82,469.29,156862.59361,1532822399999.0,73310723.7766784,81561.0,89123.4173
07/27/2018 00:00,462.17,474.0,455.84,470.09,198304.79211,1532735999999.0,92234746.4567679,108861.0,113018.96187
07/26/2018 00:00,472.11,485.0,460.0,462.64,173976.2192,1532649599999.0,82819272.573007,107846.0,95773.24069
07/25/2018 00:00,479.24,485.77,464.0,472.1,170475.54936,1532563199999.0,80868121.1125076,118086.0,94194.88985
07/24/2018 00:00,450.05,484.27,448.47,479.28,158286.759,1532476799999.0,74269738.417834,112642.0,76360.60296
07/23/2018 00:00,457.47,469.82,447.11,450.05,106561.46081,1532390399999.0,49054903.2813891,86295.0,51980.77017
07/22/2018 00:00,460.23,472.2,454.19,457.47,60684.89595,1532303999999.0,28129475.2138308,53867.0,28621.80676
07/21/2018 00:00,449.04,468.97,441.18,460.23,74259.64067,1532217599999.0,34051603.360423,66636.0,37303.33186
07/20/2018 00:00,468.7,471.02,440.0,449.04,160873.38244,1532131199999.0,73878492.4425278,123785.0,81057.29032
07/19/2018 00:00,479.4,484.15,462.57,468.57,171308.06705,1532044799999.0,81153216.4910145,121771.0,97244.9003
07/18/2018 00:00,498.89,515.47,468.01,479.41,236137.8071,1531958399999.0,116671540.5152884,173309.0,122445.16627
07/17/2018 00:00,478.49,512.0,465.29,498.76,215318.06761,1531871999999.0,104290230.1617882,144066.0,118908.05146
07/16/2018 00:00,449.79,480.57,444.03,478.49,172440.71343,1531785599999.0,80398354.4633206,116672.0,99228.45035
07/15/2018 00:00,433.2,455.0,430.52,449.78,140415.27048,1531699199999.0,62248916.0599489,78257.0,83636.14838
07/14/2018 00:00,432.43,440.0,428.26,433.19,122253.69397,1531612799999.0,53029892.4031811,79509.0,72906.83361
07/13/2018 00:00,431.14,442.47,424.62,432.46,150320.32532,1531526399999.0,65466673.8049196,99117.0,81371.87673
07/12/2018 00:00,444.99,445.36,416.94,431.14,181877.07924,1531439999999.0,78631113.0291977,111503.0,101290.82828
07/11/2018 00:00,432.55,452.69,424.2,444.99,159022.59726,1531353599999.0,69570597.6650943,112252.0,85990.23185
07/10/2018 00:00,471.73,473.23,427.69,432.48,173640.9762,1531267199999.0,77742521.1309495,121085.0,86136.9119
07/09/2018 00:00,486.55,488.98,468.2,471.71,89532.14109,1531180799999.0,42954426.8383044,75974.0,42046.28842
07/08/2018 00:00,485.57,495.98,482.05,486.77,144703.13626,1531094399999.0,70523945.9889119,104195.0,72900.66177
07/07/2018 00:00,470.48,487.99,461.5,485.57,83629.95382,1531007999999.0,39311721.8603625,75732.0,44789.14274
07/06/2018 00:00,467.79,476.0,451.29,470.47,100428.64802,1530921599999.0,46633547.1690795,94081.0,50022.13364
07/05/2018 00:00,467.19,480.0,458.8,467.87,125806.0083,1530835199999.0,59119270.51983,113667.0,68023.88405
07/04/2018 00:00,461.78,482.7,458.02,467.38,101886.20199,1530748799999.0,48042056.081608,81396.0,56616.48256
07/03/2018 00:00,476.32,486.98,457.0,461.82,186954.55478,1530662399999.0,88130206.0472561,139942.0,100598.37695
07/02/2018 00:00,452.14,481.83,444.16,476.25,182585.11018,1530575999999.0,84408714.7116776,135295.0,103107.08134
07/01/2018 00:00,454.2,457.77,443.73,452.1,111226.62846,1530489599999.0,50173671.4201597,78500.0,58019.06401
06/30/2018 00:00,434.77,463.15,434.51,454.09,157169.20242,1530403199999.0,70748384.8544428,105384.0,84447.23839
06/29/2018 00:00,420.48,442.0,404.48,434.77,159495.30942,1530316799999.0,66573394.2822851,114615.0,83281.89126
06/28/2018 00:00,441.36,443.96,416.45,420.22,112309.56714,1530230399999.0,48557224.7656124,120860.0,57541.85073
06/27/2018 00:00,429.81,445.95,420.19,441.64,99156.36437,1530143999999.0,42947280.7164346,73853.0,51876.04316
06/26/2018 00:00,459.04,460.81,429.0,429.34,84003.09976,1530057599999.0,37307967.112198,64251.0,45306.56025
06/25/2018 00:00,454.29,474.47,444.37,458.7,122942.1165,1529971199999.0,56436062.4475766,113720.0,61114.96078
06/24/2018 00:00,473.4,475.81,419.53,454.41,198264.10079,1529884799999.0,88505534.6557815,152764.0,96864.99156
06/23/2018 00:00,462.4,481.0,455.0,473.41,94465.26834,1529798399999.0,44316379.4652718,85397.0,46591.24954
06/22/2018 00:00,526.32,526.44,450.0,462.09,212659.53437,1529711999999.0,102306774.8175146,166517.0,96751.89677
06/21/2018 00:00,536.34,544.98,521.11,526.18,79862.90544,1529625599999.0,42586318.499719,77470.0,37743.66385
06/20/2018 00:00,537.68,542.02,515.08,536.49,123892.0424,1529539199999.0,65285793.6546276,99322.0,64181.93764
06/19/2018 00:00,517.77,548.2,510.01,537.97,148148.38064,1529452799999.0,78382588.5359899,130777.0,81412.28126
06/18/2018 00:00,497.15,524.48,487.27,517.95,143826.68272,1529366399999.0,72402471.3508738,119818.0,82746.7212
06/17/2018 00:00,496.45,507.6,492.7,497.14,117316.93221,1529279999999.0,58745118.7144018,92111.0,67766.32893
06/16/2018 00:00,487.47,503.28,483.72,496.74,131095.45173,1529193599999.0,64919187.0546742,96076.0,76269.81785
06/15/2018 00:00,519.3,521.0,481.62,487.48,160532.53607,1529107199999.0,80145974.8516328,122246.0,84537.20797
06/14/2018 00:00,475.47,529.0,460.0,519.29,206093.0733,1529020799999.0,102374389.9984429,156597.0,102710.51082
06/13/2018 00:00,493.0,501.97,449.06,475.47,181842.19417,1528934399999.0,86416386.6308936,134718.0,89431.85711
06/12/2018 00:00,531.08,538.88,482.0,493.0,158223.14812,1528847999999.0,81341580.8232696,121424.0,81506.65862
06/11/2018 00:00,524.64,535.51,508.66,531.69,145813.07819,1528761599999.0,76462994.8697018,117598.0,77140.98055
06/10/2018 00:00,592.44,592.87,501.13,524.11,190350.58429,1528675199999.0,103749727.2406178,145196.0,93837.46324
06/09/2018 00:00,599.29,608.97,591.0,592.87,38908.0653,1528588799999.0,23425391.9800099,40208.0,19934.76281
06/08/2018 00:00,605.2,608.45,593.33,598.68,49228.00755,1528502399999.0,29570758.3831474,49881.0,23316.17774
06/07/2018 00:00,606.68,618.0,598.24,605.16,60174.1888,1528415999999.0,36622061.3957984,61247.0,26952.13447
06/06/2018 00:00,609.29,613.35,593.4,607.4,70152.92117,1528329599999.0,42406036.3359788,71275.0,32056.28186
06/05/2018 00:00,591.02,614.0,570.36,609.05,89053.74351,1528243199999.0,52918830.2092289,86957.0,44401.6694
06/04/2018 00:00,619.66,625.47,580.15,591.02,96339.44507,1528156799999.0,57791317.7268969,86009.0,49160.85834
06/03/2018 00:00,590.85,628.81,590.1,619.66,84123.33235,1528070399999.0,51660963.9070336,83803.0,40226.93765
06/02/2018 00:00,579.0,599.17,572.9,590.85,80258.14719,1527983999999.0,47346968.1318188,81067.0,34652.44538
06/01/2018 00:00,577.81,590.26,564.93,579.0,83840.84162,1527897599999.0,48334174.7645864,85475.0,43154.5206
05/31/2018 00:00,557.87,586.73,552.98,577.81,100101.52276,1527811199999.0,57312700.8700542,88463.0,52802.56771
05/30/2018 00:00,567.09,585.83,541.2,557.19,122132.2701,1527724799999.0,68698935.1823503,94311.0,62301.91063
05/29/2018 00:00,511.5,573.43,510.0,567.36,189082.83788,1527638399999.0,103113233.70003,128067.0,98238.0377
05/28/2018 00:00,570.81,576.2,506.11,511.5,153197.83278,1527551999999.0,81950608.3901462,136137.0,72896.6593
05/27/2018 00:00,586.03,592.0,557.43,570.4,97097.26713,1527465599999.0,55737244.5191023,90855.0,49860.49139
05/26/2018 00:00,585.56,607.62,578.32,586.0,77654.12532,1527379199999.0,46205282.6853549,76446.0,39888.62561
05/25/2018 00:00,602.08,617.46,568.7,585.55,118076.26273,1527292799999.0,70118224.9343135,115243.0,58137.51406
05/24/2018 00:00,577.19,612.1,550.0,602.18,195854.62497,1527206399999.0,114324332.2609641,159755.0,97510.70429
05/23/2018 00:00,640.86,669.0,560.0,577.19,257099.77096,1527119999999.0,155638543.7608657,203100.0,120864.87161
05/22/2018 00:00,697.1,699.6,637.32,640.99,107059.5769,1527033599999.0,72112726.836348,110915.0,50607.50277
05/21/2018 00:00,716.16,720.46,688.0,696.7,96085.15451,1526947199999.0,67799023.5499843,89438.0,43697.4856
05/20/2018 00:00,697.0,729.88,688.4,716.16,86004.7409,1526860799999.0,61227466.2924883,91685.0,43571.09472
05/19/2018 00:00,693.26,717.8,682.31,697.0,88828.85641,1526774399999.0,62026599.8097705,99860.0,45052.07989
05/18/2018 00:00,667.62,694.9,656.0,692.6,106541.66307,1526687999999.0,72118376.5238014,114419.0,54699.90084
05/17/2018 00:00,706.8,719.25,662.0,667.62,106723.38375,1526601599999.0,74320001.2537688,109610.0,51643.55118
05/16/2018 00:00,704.91,712.84,673.52,706.29,118902.46895,1526515199999.0,82315246.5132033,121956.0,59502.98405
05/15/2018 00:00,727.49,740.0,695.0,704.91,127191.21863,1526428799999.0,91869541.8424722,115906.0,65194.99165
05/14/2018 00:00,729.08,743.9,686.0,727.49,183466.9224,1526342399999.0,131397089.1149141,152787.0,89358.81076
05/13/2018 00:00,684.56,742.0,666.31,729.08,136022.39207,1526255999999.0,96516164.9841859,116733.0,70003.23059
05/12/2018 00:00,676.96,690.2,633.2,684.11,166801.07487,1526169599999.0,111101666.3239263,159177.0,78843.94356
05/11/2018 00:00,722.52,737.23,663.0,676.96,216953.54991,1526083199999.0,150336847.8280685,192008.0,101003.74344
05/10/2018 00:00,752.4,769.88,720.0,722.52,102019.29933,1525996799999.0,76658823.4630308,99850.0,51561.01377
05/09/2018 00:00,748.99,760.74,710.26,751.75,112353.37758,1525910399999.0,82933836.454514,104593.0,56905.42297
05/08/2018 00:00,753.0,777.0,720.02,748.99,135106.19621,1525823999999.0,101156197.2573318,126971.0,65785.64028
05/07/2018 00:00,794.3,799.14,701.0,752.49,284237.06328,1525737599999.0,210066185.2861295,232411.0,128638.27791
05/06/2018 00:00,819.5,839.99,752.49,794.3,166871.16002,1525651199999.0,132187629.450689,154829.0,83663.13801
05/05/2018 00:00,785.8,832.66,781.56,819.5,128631.18764,1525564799999.0,104594301.6093639,121136.0,68646.32685
05/04/2018 00:00,779.0,810.0,756.91,785.99,179924.40215,1525478399999.0,141283262.9241322,161690.0,90632.87892
05/03/2018 00:00,688.55,792.08,685.39,779.0,229419.209,1525391999999.0,169982888.3383364,210459.0,118584.02308
05/02/2018 00:00,671.99,691.99,663.0,688.56,86185.5033,1525305599999.0,58547697.5057035,97534.0,47460.1733
05/01/2018 00:00,670.78,675.6,627.58,672.0,133123.66675,1525219199999.0,87065924.8511483,120421.0,60363.54848
04/30/2018 00:00,690.85,695.3,662.2,670.78,112494.9172,1525132799999.0,76654028.9797539,109155.0,56599.46199
04/29/2018 00:00,683.5,700.49,665.28,690.85,110020.23869,1525046399999.0,75235079.3018448,121177.0,52218.32161
04/28/2018 00:00,643.41,694.9,638.76,682.86,113128.36337,1524959999999.0,76596615.4329475,114761.0,58734.58851
04/27/2018 00:00,661.51,686.82,635.73,643.46,134803.48389,1524873599999.0,89621495.4179006,132051.0,65494.83214
04/26/2018 00:00,617.73,666.19,600.0,661.51,155754.00815,1524787199999.0,98084636.5776993,150017.0,76481.83444
04/25/2018 00:00,701.16,703.3,593.83,618.0,341439.50428,1524700799999.0,218497368.193498,309129.0,168602.81904
04/24/2018 00:00,644.58,712.99,643.76,701.58,171437.66972,1524614399999.0,118180314.7165787,159888.0,91426.36964
04/23/2018 00:00,620.67,649.11,618.02,645.09,77475.70793,1524527999999.0,49473079.4449478,88353.0,39248.30497
04/22/2018 00:00,604.87,643.49,589.0,620.92,120127.3728,1524441599999.0,74788729.8493192,122258.0,61246.48956
04/21/2018 00:00,616.8,624.5,570.23,604.87,159364.95353,1524355199999.0,95664939.9408183,159407.0,78153.60888
04/20/2018 00:00,568.14,622.17,556.5,617.09,160209.03951,1524268799999.0,93907683.4773283,153184.0,74320.28896
04/19/2018 00:00,526.49,571.61,521.03,568.14,112235.77328,1524182399999.0,61044208.3175114,100508.0,58720.48369
04/18/2018 00:00,502.56,526.99,501.12,526.09,73161.95251,1524095999999.0,37673780.8368876,68912.0,40719.86775
04/17/2018 00:00,512.09,521.2,500.02,502.56,96541.96382,1524009599999.0,49273622.8530706,91563.0,46910.09255
04/16/2018 00:00,533.88,538.0,497.31,511.46,130359.52549,1523923199999.0,66652300.8067962,103147.0,60079.00406
04/15/2018 00:00,502.68,535.0,502.51,533.88,108739.15395,1523836799999.0,56506254.9725316,93171.0,57139.99073
04/14/2018 00:00,494.69,515.0,485.58,502.68,121283.3338,1523750399999.0,60727364.2740579,98631.0,60998.98842
04/13/2018 00:00,494.3,530.0,480.22,495.11,251752.08782,1523663999999.0,127274585.0424597,206506.0,123872.45036
04/12/2018 00:00,429.9,499.0,412.88,495.67,249766.38316,1523577599999.0,113968625.2863396,202769.0,121547.23979
04/11/2018 00:00,415.53,433.54,410.38,429.52,86706.68627,1523491199999.0,36371404.2251047,76885.0,44672.00021
04/10/2018 00:00,399.25,418.68,391.4,416.07,81394.29605,1523404799999.0,32805764.1019723,73634.0,39654.82636
04/09/2018 00:00,400.4,431.99,387.1,399.44,151653.50413,1523318399999.0,61605245.8672748,122647.0,81164.60858
04/08/2018 00:00,384.51,404.05,384.0,400.4,57395.52936,1523231999999.0,22720923.5470005,61290.0,31269.11717
04/07/2018 00:00,368.89,394.75,368.28,384.51,71463.42848,1523145599999.0,27442723.6552181,65341.0,39310.3431
04/06/2018 00:00,381.56,385.91,362.54,368.89,74458.69141,1523059199999.0,27645272.516507,69396.0,36948.37773
04/05/2018 00:00,378.15,387.03,365.61,381.22,120314.05875,1522972799999.0,45411126.8956174,103370.0,60702.0822
04/04/2018 00:00,415.0,416.5,370.0,378.16,140598.39668,1522886399999.0,54594624.7569424,132792.0,69080.32064
04/03/2018 00:00,385.0,419.08,380.13,415.01,137897.55565,1522799999999.0,55385110.1548381,118778.0,72741.86375
04/02/2018 00:00,378.58,394.87,375.0,385.05,113242.14191,1522713599999.0,43596858.5024712,95810.0,60918.09989
04/01/2018 00:00,393.93,399.91,356.9,378.58,150493.99422,1522627199999.0,56620178.3543407,119329.0,71969.4459
03/31/2018 00:00,392.4,419.4,388.52,393.92,167833.59399,1522540799999.0,67461541.5886628,134396.0,85749.94972
03/30/2018 00:00,383.87,412.04,366.0,392.43,292254.79437,1522454399999.0,112316125.3267166,232555.0,139653.28026
03/29/2018 00:00,446.07,449.43,380.0,384.0,225341.94316,1522367999999.0,91719449.9304218,176576.0,105223.74466
03/28/2018 00:00,448.5,466.0,440.14,446.67,89895.47885,1522281599999.0,40547475.9536683,90706.0,43268.16083
03/27/2018 00:00,485.0,491.55,446.0,448.5,138188.76042,1522195199999.0,63816245.4274086,139179.0,61442.73325
03/26/2018 00:00,523.95,527.67,465.56,485.0,151084.23688,1522108799999.0,74104022.1300024,144216.0,76715.81596
03/25/2018 00:00,521.17,536.0,512.0,523.74,71903.1713,1522022399999.0,37482165.1820822,90242.0,33854.54926
03/24/2018 00:00,543.2,545.99,518.63,520.22,87710.78945,1521935999999.0,46963103.4507316,104841.0,41522.36464
03/23/2018 00:00,539.78,544.72,506.71,543.03,106416.06746,1521849599999.0,55542669.0430983,122067.0,53573.84272
03/22/2018 00:00,559.15,578.6,516.0,539.92,111106.19916,1521763199999.0,60459505.6065908,123941.0,55271.47004
03/21/2018 00:00,557.0,590.52,545.11,559.17,117019.17321,1521676799999.0,66572210.6709511,139151.0,57668.25343
03/20/2018 00:00,556.88,567.87,515.0,557.0,135426.91549,1521590399999.0,73696454.5594795,141920.0,67726.94222
03/19/2018 00:00,537.39,560.0,515.8,556.88,184798.77062,1521503999999.0,99812549.6389014,190236.0,91723.14578
03/18/2018 00:00,547.98,560.0,450.0,537.0,248817.226,1521417599999.0,125170992.0632535,273110.0,114393.25553
03/17/2018 00:00,599.03,609.26,544.0,546.95,68022.4592,1521331199999.0,39167671.2478979,85603.0,32527.71191
03/16/2018 00:00,608.83,625.3,584.15,599.05,64720.20994,1521244799999.0,39356556.4721097,84631.0,33403.29506
03/15/2018 00:00,610.1,621.12,570.0,608.83,94426.72453,1521158399999.0,56487242.0087846,139923.0,46470.38535
03/14/2018 00:00,690.16,703.54,585.0,610.1,89904.25415,1521071999999.0,57785217.4853055,139296.0,39532.62564
03/13/2018 00:00,696.52,713.76,680.0,689.94,55735.18315,1520985599999.0,38651705.8540196,110481.0,26716.95139
03/12/2018 00:00,721.0,740.5,676.31,697.11,67732.85988,1520899199999.0,48042091.346384,107566.0,31034.85323
03/11/2018 00:00,680.58,735.0,659.15,720.85,73967.35869,1520812799999.0,51773437.8671232,108011.0,38421.73903
03/10/2018 00:00,723.65,745.0,673.06,680.58,63012.67972,1520726399999.0,45345997.5042329,98429.0,31800.29863
03/09/2018 00:00,695.48,727.92,640.0,723.71,116545.37303,1520639999999.0,79262060.7540076,174238.0,60668.11131
03/08/2018 00:00,749.02,772.07,684.0,695.46,76312.77819,1520553599999.0,55751521.7845615,124325.0,36044.5051
03/07/2018 00:00,813.31,826.2,718.4,749.9,109013.2838,1520467199999.0,83030975.9043689,157657.0,48470.06648
03/06/2018 00:00,849.81,853.18,803.01,813.11,48658.06883,1520380799999.0,40340972.8329127,90220.0,22191.73389
03/05/2018 00:00,866.61,871.75,847.2,849.84,30567.79813,1520294399999.0,26391332.1546758,61568.0,12799.98986
03/04/2018 00:00,856.51,868.0,836.24,866.66,29735.01829,1520207999999.0,25364732.8643644,64562.0,15317.96521
03/03/2018 00:00,856.27,870.78,852.3,856.02,34170.2942,1520121599999.0,29487108.37488,65375.0,15376.6757
03/02/2018 00:00,870.63,876.22,850.0,856.28,39436.26006,1520035199999.0,34068626.3832595,77178.0,18068.41456
03/01/2018 00:00,853.5,879.96,848.65,870.63,43785.00503,1519948799999.0,37976139.7517369,89476.0,22585.284
02/28/2018 00:00,871.84,891.0,850.3,853.5,53620.45209,1519862399999.0,46744924.419776,102553.0,27052.02562
02/27/2018 00:00,867.98,897.49,860.69,870.11,63487.68425,1519775999999.0,55793476.980172,113151.0,31371.55804
02/26/2018 00:00,841.46,882.0,833.0,867.98,74911.4656,1519689599999.0,64498089.203572,135463.0,40273.49778
02/25/2018 00:00,833.92,849.5,813.18,841.19,59431.26474,1519603199999.0,49520472.1940726,134040.0,30059.73273
02/24/2018 00:00,851.59,875.0,805.0,833.94,89311.5794,1519516799999.0,75082869.2722153,180745.0,42475.83266
02/23/2018 00:00,801.47,885.0,785.99,851.6,154507.41338,1519430399999.0,130147658.0064479,283445.0,78138.49259
02/22/2018 00:00,836.35,871.96,786.6,801.49,137561.85113,1519343999999.0,112939926.7169096,265430.0,66047.98885
02/21/2018 00:00,882.99,908.88,812.87,835.89,176200.55151,1519257599999.0,151739402.984687,324214.0,87081.7441
02/20/2018 00:00,939.17,961.0,873.0,882.99,120056.67502,1519171199999.0,111258169.9826999,225795.0,51589.65011
02/19/2018 00:00,911.0,956.22,906.04,938.11,80099.49534,1519084799999.0,75083849.3754466,188985.0,39939.92617
02/18/2018 00:00,969.99,978.5,897.0,911.0,160129.79518,1518998399999.0,149501060.8539962,287445.0,76779.45418
02/17/2018 00:00,938.6,974.0,933.48,969.99,110091.03618,1518911999999.0,105637458.5323033,224139.0,55838.89511
02/16/2018 00:00,924.55,948.48,901.36,938.67,115540.16349,1518825599999.0,107292023.6432389,247188.0,58076.47841
02/15/2018 00:00,919.09,946.66,895.59,924.55,155637.78524,1518739199999.0,143817533.1415603,308893.0,75296.76352
02/14/2018 00:00,841.57,924.99,841.3,919.09,150342.85558,1518652799999.0,133514830.8970484,297425.0,77859.33104
02/13/2018 00:00,866.39,871.0,820.0,841.57,110305.93537,1518566399999.0,92966057.3765568,234604.0,52069.10892
02/12/2018 00:00,808.58,877.56,807.46,866.66,143586.93121,1518479999999.0,122610007.8569921,300970.0,71318.44048
02/11/2018 00:00,851.15,857.0,768.28,808.99,189323.408,1518393599999.0,154647315.018998,318895.0,93816.64268
02/10/2018 00:00,876.3,911.2,800.0,851.15,214818.06768,1518307199999.0,184921264.9754071,342039.0,106790.73578
02/09/2018 00:00,781.66,882.2,781.66,877.0,95447.67289,1518220799999.0,81316368.0204354,196544.0,48219.20627
02/08/2018 00:00,753.19,786.93,751.0,781.66,10516.2619,1518049694799.0,8110366.5479331,8507.0,5608.73717
02/07/2018 00:00,779.99,849.0,714.18,754.0,356403.4441,1518047999999.0,282259408.6878273,394597.0,175794.37713
02/06/2018 00:00,697.93,798.0,570.1,779.25,648944.4204,1517961599999.0,435291131.0454776,685832.0,322992.49713
02/05/2018 00:00,821.6,862.47,634.94,697.92,365516.52899,1517875199999.0,270801309.654192,430516.0,172545.91147
02/04/2018 00:00,971.0,975.0,789.0,823.56,186446.0316,1517788799999.0,163419119.0113931,291397.0,85023.08997
02/03/2018 00:00,923.67,998.0,851.0,971.0,160037.88129,1517702399999.0,150132852.1698307,277958.0,81177.46937
02/02/2018 00:00,1041.89,1047.2,783.67,922.3,377375.22874,1517615999999.0,348077470.8172215,501434.0,181803.82775
02/01/2018 00:00,1125.96,1164.99,981.0,1041.94,203355.29052,1517529599999.0,220810878.7313509,343466.0,103607.53527
01/31/2018 00:00,1084.63,1135.0,1029.0,1124.81,100372.03783,1517443199999.0,109226169.403087,191394.0,50640.76647
01/30/2018 00:00,1177.01,1186.85,1051.0,1085.5,155278.55404,1517356799999.0,173857602.7647266,257484.0,69602.77847
01/29/2018 00:00,1251.96,1258.89,1161.65,1177.01,105292.76808,1517270399999.0,126282956.2386049,172601.0,48840.57937
01/28/2018 00:00,1118.99,1277.0,1112.0,1251.96,143510.73586,1517183999999.0,173283524.8751675,191653.0,75218.37986
01/27/2018 00:00,1051.03,1127.99,1032.2,1118.99,96894.33839,1517097599999.0,105043056.376824,130125.0,45766.53699
01/26/2018 00:00,1055.29,1082.0,986.0,1051.03,145113.638,1517011199999.0,150237011.3005197,168271.0,65457.65737
01/25/2018 00:00,1060.34,1115.0,1030.26,1056.52,119415.93495,1516924799999.0,127855243.1699191,140455.0,51616.93186
01/24/2018 00:00,981.2,1074.0,953.09,1061.0,134257.7947,1516838399999.0,135793371.3035906,164024.0,65704.16239
01/23/2018 00:00,993.0,1030.0,909.0,980.0,160159.63958,1516751999999.0,156053774.3099319,188114.0,77990.7803
01/22/2018 00:00,1049.0,1090.15,908.0,993.0,185212.52002,1516665599999.0,185276703.3811457,200594.0,85196.91919
01/21/2018 00:00,1150.37,1152.69,998.0,1049.0,175031.00789,1516579199999.0,186353755.5731615,189013.0,84495.91903
01/20/2018 00:00,1032.5,1165.4,1031.0,1152.75,123352.58362,1516492799999.0,137333158.1283754,139129.0,59469.5144
01/19/2018 00:00,993.3,1079.0,941.0,1032.5,167954.11253,1516406399999.0,171217738.3162249,171662.0,87251.7821
01/18/2018 00:00,1000.0,1075.2,924.21,994.0,294545.71207,1516319999999.0,296964713.7063301,278162.0,148139.9152
01/17/2018 00:00,999.99,1075.51,755.0,1000.0,436333.67326,1516233599999.0,398063123.6629532,391331.0,215412.88029
01/16/2018 00:00,1268.67,1275.01,780.0,1000.0,343889.36509,1516147199999.0,355819297.4570526,304696.0,158932.38241
01/15/2018 00:00,1347.99,1383.13,1258.12,1271.0,69236.70476,1516060799999.0,90732886.2410553,105410.0,32880.54134
01/14/2018 00:00,1388.1,1391.89,1220.89,1347.0,98391.19585,1515974399999.0,128517479.7160451,124920.0,49243.39136
01/13/2018 00:00,1253.87,1427.01,1252.0,1388.02,75893.43201,1515887999999.0,101824625.2584041,115872.0,40759.98465
01/12/2018 00:00,1136.45,1288.5,1069.01,1253.87,93763.47261,1515801599999.0,113367281.7651159,117851.0,47727.57553
01/11/2018 00:00,1249.03,1332.49,1021.0,1138.93,194546.29387,1515715199999.0,230792205.8753742,210914.0,90313.17614
01/10/2018 00:00,1291.0,1440.0,1201.1,1247.0,160185.0129,1515628799999.0,210902815.468832,191352.0,80897.55541
01/09/2018 00:00,1133.18,1326.5,1104.85,1291.0,118702.88684,1515542399999.0,143246762.0845697,152628.0,63819.94883
01/08/2018 00:00,1123.09,1239.18,910.0,1133.18,158831.54798,1515455999999.0,176599793.2112688,171664.0,80909.60102
01/07/2018 00:00,1003.71,1125.0,999.9,1123.09,65278.81957,1515369599999.0,70126945.1735654,89192.0,34849.04095
01/06/2018 00:00,958.0,1017.56,950.0,1004.11,71954.27895,1515283199999.0,71196052.3406679,91685.0,37424.43173
01/05/2018 00:00,940.0,1045.0,930.0,959.3,97374.0163,1515196799999.0,95739901.4760194,124438.0,46202.53716
01/04/2018 00:00,934.03,1009.72,890.01,940.0,102894.47384,1515110399999.0,97740086.5903057,132633.0,56497.66029
01/03/2018 00:00,855.13,950.01,810.0,934.03,89041.45688,1515023999999.0,78173093.7121992,118866.0,46899.16696
01/02/2018 00:00,754.99,899.5,749.06,855.28,113257.78355,1514937599999.0,95749946.0604656,142511.0,59298.38305
01/01/2018 00:00,733.01,763.55,716.8,754.99,53909.25885,1514851199999.0,40049370.5949261,75314.0,27993.21701
12/31/2017 00:00,680.01,740.0,672.86,733.98,62628.24458,1514764799999.0,44570894.7990617,92610.0,32109.79685
12/30/2017 00:00,732.9,735.0,635.82,681.06,89879.99994,1514678399999.0,61752153.6610781,123765.0,41572.44573
12/29/2017 00:00,709.5,757.87,703.0,733.99,64028.12647,1514591999999.0,46838775.8175808,89024.0,31777.71602
12/28/2017 00:00,739.89,744.93,645.88,707.89,72679.61288,1514505599999.0,50030889.1110455,94413.0,35865.49648
12/27/2017 00:00,750.0,766.05,693.18,739.89,51339.2782,1514419199999.0,38102246.9866603,72364.0,25938.69371
12/26/2017 00:00,713.12,750.0,712.56,750.0,60052.47905,1514332799999.0,44216631.9019637,78690.0,31422.6779
12/25/2017 00:00,659.4,744.0,599.99,714.95,78544.84102,1514246399999.0,55108579.6840084,86060.0,43032.9593
12/24/2017 00:00,640.33,667.64,563.49,658.0,95431.94156,1514159999999.0,59101715.1506293,108808.0,46121.82453
12/23/2017 00:00,635.15,714.99,627.97,640.34,79001.05634,1514073599999.0,53738833.8806143,79260.0,42804.08114
12/22/2017 00:00,784.0,796.0,504.99,635.97,154630.49482,1513987199999.0,98661808.4822484,113138.0,72411.90221
12/21/2017 00:00,794.62,845.99,705.98,782.41,78222.53998,1513900799999.0,62052521.6509025,57627.0,42391.625
12/20/2017 00:00,798.0,828.0,661.0,790.21,72526.28416,1513814399999.0,55604509.7531012,58344.0,31819.17997
12/19/2017 00:00,784.0,864.9,729.01,798.0,69423.62125,1513727999999.0,55123972.0160901,57020.0,35335.29681
12/18/2017 00:00,707.62,798.88,638.0,784.0,45673.70777,1513641599999.0,32799947.5744694,40460.0,25894.22216
12/17/2017 00:00,681.8,728.0,680.33,707.64,31398.4476,1513555199999.0,22242667.2153362,36094.0,16831.51917
12/16/2017 00:00,673.75,712.0,669.22,682.81,26866.0533,1513468799999.0,18466770.7325109,25236.0,12518.18939
12/15/2017 00:00,679.76,689.0,594.6,674.95,39778.16165,1513382399999.0,25891535.6969439,38469.0,17125.09695
12/14/2017 00:00,683.98,747.6,630.5,679.76,60919.26902,1513295999999.0,41882857.095261,51279.0,30685.47276
12/13/2017 00:00,622.0,705.69,539.93,683.99,57694.18773,1513209599999.0,36344921.4647994,55759.0,28508.57887
12/12/2017 00:00,508.44,639.27,494.89,620.0,59387.02259,1513123199999.0,33241867.0335295,66420.0,30066.72168
12/11/2017 00:00,427.35,512.0,427.35,508.7,29763.16644,1513036799999.0,13776239.5826501,28773.0,14163.91481
12/10/2017 00:00,460.0,460.05,403.2,427.35,34919.25938,1512950399999.0,15125760.6157025,32416.0,15317.92712
12/09/2017 00:00,442.56,488.0,426.4,460.0,41918.34044,1512863999999.0,19341744.4130386,35517.0,20439.87165
12/08/2017 00:00,406.52,456.78,390.0,442.56,41064.60305,1512777599999.0,17430991.9590521,42348.0,17149.6329
12/07/2017 00:00,413.5,427.61,375.01,406.33,41343.73269,1512691199999.0,16842079.0919012,30163.0,17174.99356
12/06/2017 00:00,452.26,455.1,400.0,411.01,38638.76036,1512604799999.0,16767914.2566097,24522.0,16000.21644
12/05/2017 00:00,466.66,468.67,445.21,452.26,25387.11695,1512518399999.0,11663673.2864895,19373.0,12902.22244
12/04/2017 00:00,460.3,470.98,445.0,466.67,23182.65949,1512431999999.0,10662508.8497644,20049.0,11708.14715
12/03/2017 00:00,457.31,485.9,440.11,460.3,24490.05997,1512345599999.0,11436416.9241977,21404.0,12239.10293
12/02/2017 00:00,457.53,471.91,445.0,457.63,25796.14,1512259199999.0,11883272.7996642,18388.0,12336.59141
12/01/2017 00:00,428.05,465.97,413.74,457.51,33072.21995,1512172799999.0,14471054.869735,19944.0,19043.24922
11/30/2017 00:00,421.92,460.0,387.01,427.43,45184.22265,1512086399999.0,19125706.0007665,22805.0,24018.42012
11/29/2017 00:00,466.17,515.0,385.0,421.7,51313.49571,1511999999999.0,23657537.251193,23835.0,23825.39377
11/28/2017 00:00,472.32,477.5,453.5,466.17,23967.24816,1511913599999.0,11224970.9334287,12944.0,10904.08622
11/27/2017 00:00,462.84,486.94,453.0,472.31,23761.11416,1511827199999.0,11199192.4016095,15797.0,10794.57638
11/26/2017 00:00,461.0,465.0,436.14,462.84,21691.11759,1511740799999.0,9854650.9432016,13955.0,9455.95178
11/25/2017 00:00,467.57,484.47,450.0,461.82,21428.63117,1511654399999.0,9958206.2564553,13282.0,9560.74839
11/24/2017 00:00,405.03,475.0,392.8,469.0,30398.35831,1511567999999.0,13089282.2114721,15706.0,15383.97249
11/23/2017 00:00,380.63,425.0,370.02,405.0,25409.00111,1511481599999.0,10084943.0895568,12731.0,14505.14543
11/22/2017 00:00,362.12,384.84,359.0,380.65,18121.58484,1511395199999.0,6654403.0898495,10386.0,9745.17516
11/21/2017 00:00,367.42,375.5,350.02,362.12,26237.64398,1511308799999.0,9556690.2312402,14762.0,12579.43792
11/20/2017 00:00,355.15,372.5,353.9,367.42,18277.0194,1511222399999.0,6600961.958264,11553.0,9171.44481
11/19/2017 00:00,346.66,373.56,343.07,354.15,19397.74898,1511135999999.0,6895884.0624029,10509.0,9931.92637
11/18/2017 00:00,331.2,349.9,326.01,346.66,14361.4973,1511049599999.0,4780354.335408,10690.0,7672.43904
11/17/2017 00:00,331.49,334.6,323.84,331.23,18042.02544,1510963199999.0,5954175.9400211,11548.0,9389.65878
11/16/2017 00:00,330.98,334.75,321.41,331.49,14145.71696,1510876799999.0,4638262.2625835,9493.0,6014.42341
11/15/2017 00:00,335.6,339.0,324.0,331.33,15597.16131,1510790399999.0,5178507.4572747,10036.0,7036.5064
11/14/2017 00:00,313.0,337.54,312.94,335.61,17709.2227,1510703999999.0,5756893.4527936,11711.0,8919.59659
11/13/2017 00:00,304.0,318.88,303.7,312.99,15551.67434,1510617599999.0,4852265.3955649,9066.0,7170.70938
11/12/2017 00:00,310.87,316.99,281.01,305.24,21123.15319,1510531199999.0,6345603.7706789,13661.0,9589.62986
11/11/2017 00:00,293.52,318.0,291.91,310.02,10850.16279,1510444799999.0,3282643.0277861,8646.0,5001.69556
11/10/2017 00:00,318.5,322.65,285.82,293.5,15597.16557,1510358399999.0,4762536.5850516,9253.0,7799.9111
11/09/2017 00:00,303.6,329.0,299.5,317.87,11151.29946,1510271999999.0,3527294.7503346,8208.0,5438.08042
11/08/2017 00:00,291.31,320.0,290.02,303.02,15961.85772,1510185599999.0,4839176.806813,14402.0,7621.19678
11/07/2017 00:00,297.25,303.52,287.0,291.78,9418.57881,1510099199999.0,2765345.5827772,8788.0,3541.77071
11/06/2017 00:00,295.19,305.58,290.11,297.97,7515.50103,1510012799999.0,2233482.6122626,7898.0,2768.12495
11/05/2017 00:00,298.1,302.14,293.13,295.53,6638.42119,1509926399999.0,1974433.013513,7513.0,3403.76089
11/04/2017 00:00,304.09,304.99,292.11,298.04,7828.41744,1509839999999.0,2333944.7608054,9036.0,3652.33313
11/03/2017 00:00,283.12,307.0,282.0,304.08,8194.03465,1509753599999.0,2400297.6347816,8973.0,3439.34248
11/02/2017 00:00,287.3,293.0,274.73,283.12,13423.8572,1509667199999.0,3810829.6596733,13600.0,4726.14435
11/01/2017 00:00,304.89,305.9,286.34,287.01,9843.1666,1509580799999.0,2948801.7063006,12038.0,3264.6181
10/31/2017 00:00,305.95,309.99,304.01,304.9,7640.41182,1509494399999.0,2347542.8648317,7744.0,3070.74748
10/30/2017 00:00,305.0,316.0,302.1,307.25,8946.12026,1509407999999.0,2751568.6365363,6421.0,4751.89487
10/29/2017 00:00,291.86,309.4,291.86,305.0,9019.13315,1509321599999.0,2716332.8153886,6947.0,3673.09724
10/28/2017 00:00,296.14,297.0,290.1,291.87,5848.86589,1509235199999.0,1715796.7941936,5589.0,2343.52663
10/27/2017 00:00,294.72,298.1,292.03,296.33,6272.14802,1509148799999.0,1852704.4161056,5899.0,2478.34843
10/26/2017 00:00,294.1,299.76,291.03,294.71,7813.02717,1509062399999.0,2306446.3337328,6557.0,3502.44576
10/25/2017 00:00,295.43,300.0,281.0,294.49,9703.09261,1508975999999.0,2840747.3846263,6796.0,4062.96246
10/24/2017 00:00,282.27,310.0,275.5,297.38,14066.67924,1508889599999.0,4253110.3195806,8026.0,8185.36518
10/23/2017 00:00,293.78,294.6,272.2,281.09,9658.78404,1508803199999.0,2743010.9877028,6524.0,5255.49466
10/22/2017 00:00,298.99,306.99,290.0,293.79,7173.06893,1508716799999.0,2120546.5470225,5828.0,3305.51785
10/21/2017 00:00,304.51,305.34,290.0,298.94,8591.63121,1508630399999.0,2558677.4115428,6343.0,4286.76965
10/20/2017 00:00,308.66,311.18,302.0,304.51,8739.31764,1508543999999.0,2667391.8997551,6812.0,3042.73881
10/19/2017 00:00,311.52,315.0,300.0,308.66,8678.74739,1508457599999.0,2675399.8602425,6769.0,4110.58984
10/18/2017 00:00,315.19,318.0,284.68,309.7,12908.0454,1508371199999.0,3915770.1544675,9801.0,6592.08304
10/17/2017 00:00,335.18,336.58,312.65,315.19,8146.74356,1508284799999.0,2638150.8892904,6837.0,3297.06736
10/16/2017 00:00,337.5,354.0,332.78,335.19,8663.47097,1508198399999.0,2956522.0417874,6586.0,4424.03339
10/15/2017 00:00,342.0,348.0,316.17,337.96,10011.34708,1508111999999.0,3326752.5971166,6822.0,4957.44824
10/14/2017 00:00,337.96,349.8,335.0,342.0,7731.96469,1508025599999.0,2655702.1145455,5703.0,3790.50687
10/13/2017 00:00,303.52,353.96,297.0,337.96,17925.36585,1507939199999.0,5832987.2559101,9898.0,7538.17104
10/12/2017 00:00,304.01,310.0,302.71,303.99,7827.75596,1507852799999.0,2397065.1633671,4956.0,3436.20226
10/11/2017 00:00,300.88,305.5,298.02,304.01,3724.6863,1507766399999.0,1125331.5033572,4079.0,1923.79902
10/10/2017 00:00,297.35,308.56,293.0,298.64,6749.27468,1507679999999.0,2028540.4729273,9392.0,3979.8636
10/09/2017 00:00,311.13,312.13,286.65,297.19,4885.37863,1507593599999.0,1462524.6249531,8680.0,1575.93338
10/08/2017 00:00,311.08,317.07,309.0,311.07,2960.93198,1507507199999.0,923989.787554,6247.0,1069.23508
10/07/2017 00:00,309.9,318.5,303.6,311.01,2165.79076,1507420799999.0,672026.6685328,4289.0,1031.34817
10/06/2017 00:00,294.78,310.8,293.78,310.8,3541.02359,1507334399999.0,1063779.3539251,6064.0,1965.17959
10/05/2017 00:00,290.0,297.44,285.53,294.81,3412.39016,1507247999999.0,994768.4954065,6125.0,1684.82069
10/04/2017 00:00,292.47,297.97,288.0,291.99,4014.88792,1507161599999.0,1176260.2171869,7233.0,2030.795
10/03/2017 00:00,298.15,301.99,283.18,292.48,5546.85702,1507075199999.0,1622460.7267746,9327.0,2105.27684
10/02/2017 00:00,303.94,305.0,295.0,296.5,3710.83747,1506988799999.0,1116501.2248122,7454.0,1398.52021
10/01/2017 00:00,305.13,306.0,294.0,303.95,5060.05758,1506902399999.0,1518988.30299,8900.0,1496.73509
09/30/2017 00:00,292.62,307.49,292.22,304.36,4020.60795,1506815999999.0,1214456.8380462,8168.0,1645.11941
09/29/2017 00:00,302.44,303.0,274.0,292.22,11089.19902,1506729599999.0,3213725.0903979,13098.0,5176.62946
09/28/2017 00:00,309.81,311.81,296.89,302.44,6600.90922,1506643199999.0,2009233.8887105,10534.0,2210.54916
09/27/2017 00:00,289.91,313.0,286.13,309.74,5518.10382,1506556799999.0,1641896.8743651,8208.0,1276.45702
09/26/2017 00:00,294.42,296.81,286.24,287.9,4566.92804,1506470399999.0,1332125.1654396,7329.0,1073.93969
09/25/2017 00:00,282.0,299.0,281.34,294.42,5870.48035,1506383999999.0,1705551.9921018,9165.0,1950.58866
09/24/2017 00:00,286.5,294.61,275.0,282.0,5575.54422,1506297599999.0,1582877.4871329,8022.0,1314.52754
09/23/2017 00:00,259.99,286.23,255.11,285.93,2824.33572,1506211199999.0,788810.3244239,3901.0,841.43467
09/22/2017 00:00,258.0,272.97,253.01,264.0,1464.5125,1506124799999.0,382962.217943,2144.0,612.61937
09/21/2017 00:00,285.1,287.0,252.1,257.0,1912.55583,1506038399999.0,516193.1970608,2751.0,579.77742
09/20/2017 00:00,284.01,294.0,275.91,282.0,1060.56734,1505951999999.0,302739.7337531,1431.0,566.64637
09/19/2017 00:00,296.0,300.0,277.41,284.0,1869.90852,1505865599999.0,535773.5652001,1896.0,789.82937
09/18/2017 00:00,257.53,306.22,257.11,294.57,4125.97051,1505779199999.0,1182937.633574,3440.0,2342.68408
09/17/2017 00:00,249.32,264.39,239.02,257.55,4614.53337,1505692799999.0,1149704.2949294,5277.0,1442.00382
09/16/2017 00:00,255.99,271.81,235.51,249.31,10362.06011,1505606399999.0,2647152.3723708,8859.0,3866.60141
09/15/2017 00:00,217.0,270.93,192.0,253.0,14223.8953,1505519999999.0,3319311.826735,9198.0,5945.8076
09/14/2017 00:00,275.76,283.77,215.0,215.21,12601.95676,1505433599999.0,3110767.7805647,8166.0,4455.23882
09/13/2017 00:00,293.93,294.5,257.05,276.91,6451.22836,1505347199999.0,1761080.8976069,4527.0,3264.55673
09/12/2017 00:00,297.78,316.46,286.01,293.96,5176.31402,1505260799999.0,1573452.4124519,5279.0,2207.60465
09/11/2017 00:00,293.51,304.98,285.21,297.3,4829.64647,1505174399999.0,1436811.8161569,3490.0,2412.24221
09/10/2017 00:00,296.72,302.78,261.03,293.5,4156.45099,1505087999999.0,1181903.7721999,2494.0,2282.40311
09/09/2017 00:00,300.01,307.0,281.66,296.74,2740.58822,1505001599999.0,813750.3589359,1956.0,1755.91508
09/08/2017 00:00,334.49,335.1,272.0,302.99,4915.75693,1504915199999.0,1494309.8866163,3227.0,2306.94838
09/07/2017 00:00,335.01,342.5,320.17,334.49,3103.89745,1504828799999.0,1027135.6869524,2635.0,1321.09841
09/06/2017 00:00,313.29,336.34,312.09,335.0,5486.30988,1504742399999.0,1793962.8584994,7089.0,2183.65363
09/05/2017 00:00,286.81,321.52,235.55,312.09,8344.41924,1504655999999.0,2397490.9178386,8999.0,4312.97282
09/04/2017 00:00,339.29,344.55,267.94,283.77,6737.81061,1504569599999.0,2002446.181802,7403.0,2954.16805
09/03/2017 00:00,343.56,367.28,320.08,341.77,5253.62211,1504483199999.0,1801702.6178029,6153.0,2240.91753
09/02/2017 00:00,388.58,394.32,320.08,343.14,8240.32724,1504396799999.0,2904008.4613861,8217.0,2460.66776
09/01/2017 00:00,386.44,394.39,383.18,388.46,4198.68434,1504310399999.0,1635227.6137661,4124.0,1564.05531
08/31/2017 00:00,384.64,389.36,377.78,384.79,4435.86855,1504223999999.0,1704441.3942666,4574.0,1432.19381
08/30/2017 00:00,374.7,393.71,362.05,385.93,4446.59608,1504137599999.0,1679526.2125115,4812.0,1285.37799
08/29/2017 00:00,347.0,377.6,346.0,374.7,3032.13425,1504051199999.0,1102069.6205809,3265.0,923.16784
08/28/2017 00:00,348.11,351.0,331.95,346.0,4279.1817,1503964799999.0,1463758.1691041,4526.0,1114.26279
08/27/2017 00:00,332.18,348.13,330.73,348.13,4635.43715,1503878399999.0,1554477.3581603,4973.0,1166.20029
08/26/2017 00:00,327.24,335.44,323.41,330.79,4877.68521,1503791999999.0,1601994.3773166,4400.0,941.99655
08/25/2017 00:00,323.42,338.28,323.42,327.24,7125.96962,1503705599999.0,2354162.038294,7452.0,2595.82561
08/24/2017 00:00,315.74,328.04,314.01,323.42,6753.27192,1503619199999.0,2159417.1141537,6495.0,1901.90029
08/23/2017 00:00,312.25,324.99,309.41,315.74,8665.72569,1503532799999.0,2753464.9450408,8540.0,2282.23633
08/22/2017 00:00,321.04,330.41,144.21,309.8,7956.35088,1503446399999.0,2454425.8033137,6577.0,4433.78132
08/21/2017 00:00,299.1,346.52,294.6,323.29,5219.44542,1503359999999.0,1689472.341214,3925.0,4004.19967
08/20/2017 00:00,289.41,300.53,282.85,299.1,2510.13871,1503273599999.0,742847.8945599,2038.0,2186.68739
08/19/2017 00:00,293.31,299.9,278.0,290.91,2146.19773,1503187199999.0,620022.5898617,1795.0,1537.9755
08/18/2017 00:00,302.0,311.79,283.94,293.96,9537.84646,1503100799999.0,2858946.5093539,5658.0,7452.43542
08/17/2017 00:00,301.13,312.18,298.0,302.0,7030.71034,1503014399999.0,2154655.3003566,4522.0,6224.58999
