# -*- coding: utf-8 -*-

# Resource object code
#
# Created by: The Resource Compiler for PyQt5 (Qt v5.15.2)
#
# WARNING! All changes made in this file will be lost!

from PyQt5 import QtCore

qt_resource_data = b"\
\x00\x01\x0e\xcd\
\x89\
\x50\x4e\x47\x0d\x0a\x1a\x0a\x00\x00\x00\x0d\x49\x48\x44\x52\x00\
\x00\x06\x1b\x00\x00\x06\x1b\x08\x06\x00\x00\x00\x06\xb1\x0b\x2c\
\x00\x00\x00\x09\x70\x48\x59\x73\x00\x00\x2e\x23\x00\x00\x2e\x23\
\x01\x78\xa5\x3f\x76\x00\x00\x04\xd0\x69\x54\x58\x74\x58\x4d\x4c\
\x3a\x63\x6f\x6d\x2e\x61\x64\x6f\x62\x65\x2e\x78\x6d\x70\x00\x00\
\x00\x00\x00\x3c\x3f\x78\x70\x61\x63\x6b\x65\x74\x20\x62\x65\x67\
\x69\x6e\x3d\x27\xef\xbb\xbf\x27\x20\x69\x64\x3d\x27\x57\x35\x4d\
\x30\x4d\x70\x43\x65\x68\x69\x48\x7a\x72\x65\x53\x7a\x4e\x54\x63\
\x7a\x6b\x63\x39\x64\x27\x3f\x3e\x0a\x3c\x78\x3a\x78\x6d\x70\x6d\
\x65\x74\x61\x20\x78\x6d\x6c\x6e\x73\x3a\x78\x3d\x27\x61\x64\x6f\
\x62\x65\x3a\x6e\x73\x3a\x6d\x65\x74\x61\x2f\x27\x3e\x0a\x3c\x72\
\x64\x66\x3a\x52\x44\x46\x20\x78\x6d\x6c\x6e\x73\x3a\x72\x64\x66\
\x3d\x27\x68\x74\x74\x70\x3a\x2f\x2f\x77\x77\x77\x2e\x77\x33\x2e\
\x6f\x72\x67\x2f\x31\x39\x39\x39\x2f\x30\x32\x2f\x32\x32\x2d\x72\
\x64\x66\x2d\x73\x79\x6e\x74\x61\x78\x2d\x6e\x73\x23\x27\x3e\x0a\
\x0a\x20\x3c\x72\x64\x66\x3a\x44\x65\x73\x63\x72\x69\x70\x74\x69\
\x6f\x6e\x20\x72\x64\x66\x3a\x61\x62\x6f\x75\x74\x3d\x27\x27\x0a\
\x20\x20\x78\x6d\x6c\x6e\x73\x3a\x41\x74\x74\x72\x69\x62\x3d\x27\
\x68\x74\x74\x70\x3a\x2f\x2f\x6e\x73\x2e\x61\x74\x74\x72\x69\x62\
\x75\x74\x69\x6f\x6e\x2e\x63\x6f\x6d\x2f\x61\x64\x73\x2f\x31\x2e\
\x30\x2f\x27\x3e\x0a\x20\x20\x3c\x41\x74\x74\x72\x69\x62\x3a\x41\
\x64\x73\x3e\x0a\x20\x20\x20\x3c\x72\x64\x66\x3a\x53\x65\x71\x3e\
\x0a\x20\x20\x20\x20\x3c\x72\x64\x66\x3a\x6c\x69\x20\x72\x64\x66\
\x3a\x70\x61\x72\x73\x65\x54\x79\x70\x65\x3d\x27\x52\x65\x73\x6f\
\x75\x72\x63\x65\x27\x3e\x0a\x20\x20\x20\x20\x20\x3c\x41\x74\x74\
\x72\x69\x62\x3a\x43\x72\x65\x61\x74\x65\x64\x3e\x32\x30\x32\x35\
\x2d\x30\x34\x2d\x31\x31\x3c\x2f\x41\x74\x74\x72\x69\x62\x3a\x43\
\x72\x65\x61\x74\x65\x64\x3e\x0a\x20\x20\x20\x20\x20\x3c\x41\x74\
\x74\x72\x69\x62\x3a\x45\x78\x74\x49\x64\x3e\x66\x35\x38\x33\x64\
\x64\x30\x35\x2d\x61\x66\x33\x66\x2d\x34\x66\x32\x38\x2d\x39\x36\
\x39\x39\x2d\x36\x31\x63\x35\x64\x30\x65\x64\x66\x66\x32\x61\x3c\
\x2f\x41\x74\x74\x72\x69\x62\x3a\x45\x78\x74\x49\x64\x3e\x0a\x20\
\x20\x20\x20\x20\x3c\x41\x74\x74\x72\x69\x62\x3a\x46\x62\x49\x64\
\x3e\x35\x32\x35\x32\x36\x35\x39\x31\x34\x31\x37\x39\x35\x38\x30\
\x3c\x2f\x41\x74\x74\x72\x69\x62\x3a\x46\x62\x49\x64\x3e\x0a\x20\
\x20\x20\x20\x20\x3c\x41\x74\x74\x72\x69\x62\x3a\x54\x6f\x75\x63\
\x68\x54\x79\x70\x65\x3e\x32\x3c\x2f\x41\x74\x74\x72\x69\x62\x3a\
\x54\x6f\x75\x63\x68\x54\x79\x70\x65\x3e\x0a\x20\x20\x20\x20\x3c\
\x2f\x72\x64\x66\x3a\x6c\x69\x3e\x0a\x20\x20\x20\x3c\x2f\x72\x64\
\x66\x3a\x53\x65\x71\x3e\x0a\x20\x20\x3c\x2f\x41\x74\x74\x72\x69\
\x62\x3a\x41\x64\x73\x3e\x0a\x20\x3c\x2f\x72\x64\x66\x3a\x44\x65\
\x73\x63\x72\x69\x70\x74\x69\x6f\x6e\x3e\x0a\x0a\x20\x3c\x72\x64\
\x66\x3a\x44\x65\x73\x63\x72\x69\x70\x74\x69\x6f\x6e\x20\x72\x64\
\x66\x3a\x61\x62\x6f\x75\x74\x3d\x27\x27\x0a\x20\x20\x78\x6d\x6c\
\x6e\x73\x3a\x64\x63\x3d\x27\x68\x74\x74\x70\x3a\x2f\x2f\x70\x75\
\x72\x6c\x2e\x6f\x72\x67\x2f\x64\x63\x2f\x65\x6c\x65\x6d\x65\x6e\
\x74\x73\x2f\x31\x2e\x31\x2f\x27\x3e\x0a\x20\x20\x3c\x64\x63\x3a\
\x74\x69\x74\x6c\x65\x3e\x0a\x20\x20\x20\x3c\x72\x64\x66\x3a\x41\
\x6c\x74\x3e\x0a\x20\x20\x20\x20\x3c\x72\x64\x66\x3a\x6c\x69\x20\
\x78\x6d\x6c\x3a\x6c\x61\x6e\x67\x3d\x27\x78\x2d\x64\x65\x66\x61\
\x75\x6c\x74\x27\x3e\x50\x72\x6f\x66\x69\x74\x72\x6f\x6e\x20\x2d\
\x20\x31\x3c\x2f\x72\x64\x66\x3a\x6c\x69\x3e\x0a\x20\x20\x20\x3c\
\x2f\x72\x64\x66\x3a\x41\x6c\x74\x3e\x0a\x20\x20\x3c\x2f\x64\x63\
\x3a\x74\x69\x74\x6c\x65\x3e\x0a\x20\x3c\x2f\x72\x64\x66\x3a\x44\
\x65\x73\x63\x72\x69\x70\x74\x69\x6f\x6e\x3e\x0a\x0a\x20\x3c\x72\
\x64\x66\x3a\x44\x65\x73\x63\x72\x69\x70\x74\x69\x6f\x6e\x20\x72\
\x64\x66\x3a\x61\x62\x6f\x75\x74\x3d\x27\x27\x0a\x20\x20\x78\x6d\
\x6c\x6e\x73\x3a\x70\x64\x66\x3d\x27\x68\x74\x74\x70\x3a\x2f\x2f\
\x6e\x73\x2e\x61\x64\x6f\x62\x65\x2e\x63\x6f\x6d\x2f\x70\x64\x66\
\x2f\x31\x2e\x33\x2f\x27\x3e\x0a\x20\x20\x3c\x70\x64\x66\x3a\x41\
\x75\x74\x68\x6f\x72\x3e\x74\x6f\x6f\x6c\x3c\x2f\x70\x64\x66\x3a\
\x41\x75\x74\x68\x6f\x72\x3e\x0a\x20\x3c\x2f\x72\x64\x66\x3a\x44\
\x65\x73\x63\x72\x69\x70\x74\x69\x6f\x6e\x3e\x0a\x0a\x20\x3c\x72\
\x64\x66\x3a\x44\x65\x73\x63\x72\x69\x70\x74\x69\x6f\x6e\x20\x72\
\x64\x66\x3a\x61\x62\x6f\x75\x74\x3d\x27\x27\x0a\x20\x20\x78\x6d\
\x6c\x6e\x73\x3a\x78\x6d\x70\x3d\x27\x68\x74\x74\x70\x3a\x2f\x2f\
\x6e\x73\x2e\x61\x64\x6f\x62\x65\x2e\x63\x6f\x6d\x2f\x78\x61\x70\
\x2f\x31\x2e\x30\x2f\x27\x3e\x0a\x20\x20\x3c\x78\x6d\x70\x3a\x43\
\x72\x65\x61\x74\x6f\x72\x54\x6f\x6f\x6c\x3e\x43\x61\x6e\x76\x61\
\x20\x28\x52\x65\x6e\x64\x65\x72\x65\x72\x29\x20\x64\x6f\x63\x3d\
\x44\x41\x47\x6a\x7a\x67\x44\x61\x74\x61\x77\x20\x75\x73\x65\x72\
\x3d\x55\x41\x47\x53\x4f\x56\x49\x75\x64\x33\x6f\x20\x62\x72\x61\
\x6e\x64\x3d\x42\x41\x45\x4d\x39\x4b\x42\x77\x50\x2d\x38\x20\x74\
\x65\x6d\x70\x6c\x61\x74\x65\x3d\x42\x6c\x61\x63\x6b\x20\x47\x72\
\x65\x65\x6e\x20\x4d\x69\x6e\x69\x6d\x61\x6c\x69\x73\x74\x20\x46\
\x69\x6e\x61\x6e\x63\x65\x20\x4c\x6f\x67\x6f\x3c\x2f\x78\x6d\x70\
\x3a\x43\x72\x65\x61\x74\x6f\x72\x54\x6f\x6f\x6c\x3e\x0a\x20\x3c\
\x2f\x72\x64\x66\x3a\x44\x65\x73\x63\x72\x69\x70\x74\x69\x6f\x6e\
\x3e\x0a\x3c\x2f\x72\x64\x66\x3a\x52\x44\x46\x3e\x0a\x3c\x2f\x78\
\x3a\x78\x6d\x70\x6d\x65\x74\x61\x3e\x0a\x3c\x3f\x78\x70\x61\x63\
\x6b\x65\x74\x20\x65\x6e\x64\x3d\x27\x72\x27\x3f\x3e\x64\xa6\xaf\
\xe2\x00\x01\x09\xa3\x49\x44\x41\x54\x78\x9c\xec\xd9\x31\x0d\x00\
\x30\x0c\xc0\xb0\x95\x3f\xe9\x81\xc8\x51\x55\xb2\x11\xe4\xcf\x3c\
\x00\x00\x00\x00\x00\x80\x60\xb6\x03\x00\x00\x00\x00\x00\x80\xdb\
\xcc\x06\x00\x00\x00\x00\x00\x20\x31\x1b\x00\x00\x00\x00\x00\x80\
\xc4\x6c\x00\x00\x00\x00\x00\x00\x12\xb3\x01\x00\x00\x00\x00\x00\
\x48\xcc\x06\x00\x00\x00\x00\x00\x20\x31\x1b\x00\x00\x00\x00\x00\
\x80\xc4\x6c\x00\x00\x00\x00\x00\x00\x12\xb3\x01\x00\x00\x00\x00\
\x00\x48\xcc\x06\x00\x00\x00\x00\x00\x20\x31\x1b\x00\x00\x00\x00\
\x00\x80\xc4\x6c\x00\x00\x00\x00\x00\x00\x12\xb3\x01\x00\x00\x00\
\x00\x00\x48\xcc\x06\x00\x00\x00\x00\x00\x20\x31\x1b\x00\x00\x00\
\x00\x00\x80\xc4\x6c\x00\x00\x00\x00\x00\x00\x12\xb3\x01\x00\x00\
\x00\x00\x00\x48\xcc\x06\x00\x00\x00\x00\x00\x20\x31\x1b\x00\x00\
\x00\x00\x00\x80\xc4\x6c\x00\x00\x00\x00\x00\x00\x12\xb3\x01\x00\
\x00\x00\x00\x00\x48\xcc\x06\x00\x00\x00\x00\x00\x20\x31\x1b\x00\
\x00\x00\x00\x00\x80\xc4\x6c\x00\x00\x00\x00\x00\x00\x12\xb3\x01\
\x00\x00\x00\x00\x00\x48\xcc\x06\x00\x00\x00\x00\x00\x20\x31\x1b\
\x00\x00\x00\x00\x00\x80\xc4\x6c\x00\x00\x00\x00\x00\x00\x12\xb3\
\x01\x00\x00\x00\x00\x00\x48\xcc\x06\x00\x00\x00\x00\x00\x20\x31\
\x1b\x00\x00\x00\x00\x00\x80\xc4\x6c\x00\x00\x00\x00\x00\x00\x12\
\xb3\x01\x00\x00\x00\x00\x00\x48\xcc\x06\x00\x00\x00\x00\x00\x20\
\x31\x1b\x00\x00\x00\x00\x00\x80\xc4\x6c\x00\x00\x00\x00\x00\x00\
\x12\xb3\x01\x00\x00\x00\x00\x00\x48\xcc\x06\x00\x00\x00\x00\x00\
\x20\x31\x1b\x00\x00\x00\x00\x00\x80\xc4\x6c\x00\x00\x00\x00\x00\
\x00\x12\xb3\x01\x00\x00\x00\x00\x00\x48\x3e\x00\x00\x00\xff\xff\
\xec\xd9\xb1\x00\x00\x00\x00\xc0\x20\x7f\xeb\x41\xec\x2d\x8d\x64\
\x03\x00\x00\x00\x00\x00\xb0\xc8\x06\x00\x00\x00\x00\x00\x60\x91\
\x0d\x00\x00\x00\x00\x00\xc0\x22\x1b\x00\x00\x00\x00\x00\x80\x45\
\x36\x00\x00\x00\x00\x00\x00\x8b\x6c\x00\x00\x00\x00\x00\x00\x16\
\xd9\x00\x00\x00\x00\x00\x00\x2c\xb2\x01\x00\x00\x00\x00\x00\x58\
\x64\x03\x00\x00\x00\x00\x00\xb0\xc8\x06\x00\x00\x00\x00\x00\x60\
\x91\x0d\x00\x00\x00\x00\x00\xc0\x22\x1b\x00\x00\x00\x00\x00\x80\
\x45\x36\x00\x00\x00\x00\x00\x00\x8b\x6c\x00\x00\x00\x00\x00\x00\
\x16\xd9\x00\x00\x00\x00\x00\x00\x2c\xb2\x01\x00\x00\x00\x00\x00\
\x58\x64\x03\x00\x00\x00\x00\x00\xb0\xc8\x06\x00\x00\x00\x00\x00\
\x60\x91\x0d\x00\x00\x00\x00\x00\xc0\x22\x1b\x00\x00\x00\x00\x00\
\x80\x45\x36\x00\x00\x00\x00\x00\x00\x8b\x6c\x00\x00\x00\x00\x00\
\x00\x16\xd9\x00\x00\x00\x00\x00\x00\x2c\xb2\x01\x00\x00\x00\x00\
\x00\x58\x64\x03\x00\x00\x00\x00\x00\xb0\xc8\x06\x00\x00\x00\x00\
\x00\x60\x91\x0d\x00\x00\x00\x00\x00\xc0\x22\x1b\x00\x00\x00\x00\
\x00\x80\x45\x36\x00\x00\x00\x00\x00\x00\x8b\x6c\x00\x00\x00\x00\
\x00\x00\x16\xd9\x00\x00\x00\x00\x00\x00\x2c\xb2\x01\x00\x00\x00\
\x00\x00\x58\x64\x03\x00\x00\x00\x00\x00\xb0\xc8\x06\x00\x00\x00\
\x00\x00\x60\x91\x0d\x00\x00\x00\x00\x00\xc0\x22\x1b\x00\x00\x00\
\x00\x00\x80\x45\x36\x00\x00\x00\x00\x00\x00\x8b\x6c\x00\x00\x00\
\x00\x00\x00\x16\xd9\x00\x00\x00\x00\x00\x00\x2c\xb2\x01\x00\x00\
\x00\x00\x00\x58\x64\x03\x00\x00\x00\x00\x00\xb0\xc8\x06\x00\x00\
\x00\x00\x00\x60\x09\x00\x00\xff\xff\xec\xd9\xb1\x00\x00\x00\x00\
\xc0\x20\x7f\xeb\x41\xec\x2d\x8d\x64\x03\x00\x00\x00\x00\x00\xb0\
\xc8\x06\x00\x00\x00\x00\x00\x60\x91\x0d\x00\x00\x00\x00\x00\xc0\
\x22\x1b\x00\x00\x00\x00\x00\x80\x45\x36\x00\x00\x00\x00\x00\x00\
\x8b\x6c\x00\x00\x00\x00\x00\x00\x16\xd9\x00\x00\x00\x00\x00\x00\
\x2c\xb2\x01\x00\x00\x00\x00\x00\x58\x64\x03\x00\x00\x00\x00\x00\
\xb0\xc8\x06\x00\x00\x00\x00\x00\x60\x91\x0d\x00\x00\x00\x00\x00\
\xc0\x22\x1b\x00\x00\x00\x00\x00\x80\x45\x36\x00\x00\x00\x00\x00\
\x00\x8b\x6c\x00\x00\x00\x00\x00\x00\x16\xd9\x00\x00\x00\x00\x00\
\x00\x2c\xb2\x01\x00\x00\x00\x00\x00\x58\x64\x03\x00\x00\x00\x00\
\x00\xb0\xc8\x06\x00\x00\x00\x00\x00\x60\x91\x0d\x00\x00\x00\x00\
\x00\xc0\x22\x1b\x00\x00\x00\x00\x00\x80\x45\x36\x00\x00\x00\x00\
\x00\x00\x8b\x6c\x00\x00\x00\x00\x00\x00\x16\xd9\x00\x00\x00\x00\
\x00\x00\x2c\xb2\x01\x00\x00\x00\x00\x00\x58\x64\x03\x00\x00\x00\
\x00\x00\xb0\xc8\x06\x00\x00\x00\x00\x00\x60\x91\x0d\x00\x00\x00\
\x00\x00\xc0\x22\x1b\x00\x00\x00\x00\x00\x80\x45\x36\x00\x00\x00\
\x00\x00\x00\x8b\x6c\x00\x00\x00\x00\x00\x00\x16\xd9\x00\x00\x00\
\x00\x00\x00\x2c\xb2\x01\x00\x00\x00\x00\x00\x58\x64\x03\x00\x00\
\x00\x00\x00\xb0\xc8\x06\x00\x00\x00\x00\x00\x60\x91\x0d\x00\x00\
\x00\x00\x00\xc0\x22\x1b\x00\x00\x00\x00\x00\x80\x45\x36\x00\x00\
\x00\x00\x00\x00\x8b\x6c\x00\x00\x00\x00\x00\x00\x16\xd9\x00\x00\
\x00\x00\x00\x00\x2c\xb2\x01\x00\x00\x00\x00\x00\x58\x64\x03\x00\
\x00\x00\x00\x00\xb0\xc8\x06\x00\x00\x00\x00\x00\x60\x09\x00\x00\
\xff\xff\xec\xd9\xb1\x00\x00\x00\x00\xc0\x20\x7f\xeb\x41\xec\x2d\
\x8d\x64\x03\x00\x00\x00\x00\x00\xb0\xc8\x06\x00\x00\x00\x00\x00\
\x60\x91\x0d\x00\x00\x00\x00\x00\xc0\x22\x1b\x00\x00\x00\x00\x00\
\x80\x45\x36\x00\x00\x00\x00\x00\x00\x8b\x6c\x00\x00\x00\x00\x00\
\x00\x16\xd9\x00\x00\x00\x00\x00\x00\x2c\xb2\x01\x00\x00\x00\x00\
\x00\x58\x64\x03\x00\x00\x00\x00\x00\xb0\xc8\x06\x00\x00\x00\x00\
\x00\x60\x91\x0d\x00\x00\x00\x00\x00\xc0\x22\x1b\x00\x00\x00\x00\
\x00\x80\x45\x36\x00\x00\x00\x00\x00\x00\x8b\x6c\x00\x00\x00\x00\
\x00\x00\x16\xd9\x00\x00\x00\x00\x00\x00\x2c\xb2\x01\x00\x00\x00\
\x00\x00\x58\x64\x03\x00\x00\x00\x00\x00\xb0\xc8\x06\x00\x00\x00\
\x00\x00\x60\x91\x0d\x00\x00\x00\x00\x00\xc0\x22\x1b\x00\x00\x00\
\x00\x00\x80\x45\x36\x00\x00\x00\x00\x00\x00\x8b\x6c\x00\x00\x00\
\x00\x00\x00\x16\xd9\x00\x00\x00\x00\x00\x00\x2c\xb2\x01\x00\x00\
\x00\x00\x00\x58\x64\x03\x00\x00\x00\x00\x00\xb0\xc8\x06\x00\x00\
\x00\x00\x00\x60\x91\x0d\x00\x00\x00\x00\x00\xc0\x22\x1b\x00\x00\
\x00\x00\x00\x80\x45\x36\x00\x00\x00\x00\x00\x00\x8b\x6c\x00\x00\
\x00\x00\x00\x00\x16\xd9\x00\x00\x00\x00\x00\x00\x2c\xb2\x01\x00\
\x00\x00\x00\x00\x58\x64\x03\x00\x00\x00\x00\x00\xb0\xc8\x06\x00\
\x00\x00\x00\x00\x60\x91\x0d\x00\x00\x00\x00\x00\xc0\x22\x1b\x00\
\x00\x00\x00\x00\x80\x45\x36\x00\x00\x00\x00\x00\x00\x8b\x6c\x00\
\x00\x00\x00\x00\x00\x16\xd9\x00\x00\x00\x00\x00\x00\x2c\xb2\x01\
\x00\x00\x00\x00\x00\x58\x64\x03\x00\x00\x00\x00\x00\xb0\xc8\x06\
\x00\x00\x00\x00\x00\x60\x09\x00\x00\xff\xff\xec\xd9\xb1\x00\x00\
\x00\x00\xc0\x20\x7f\xeb\x41\xec\x2d\x8d\x64\x03\x00\x00\x00\x00\
\x00\xb0\xc8\x06\x00\x00\x00\x00\x00\x60\x91\x0d\x00\x00\x00\x00\
\x00\xc0\x22\x1b\x00\x00\x00\x00\x00\x80\x45\x36\x00\x00\x00\x00\
\x00\x00\x8b\x6c\x00\x00\x00\x00\x00\x00\x16\xd9\x00\x00\x00\x00\
\x00\x00\x2c\xb2\x01\x00\x00\x00\x00\x00\x58\x64\x03\x00\x00\x00\
\x00\x00\xb0\xc8\x06\x00\x00\x00\x00\x00\x60\x91\x0d\x00\x00\x00\
\x00\x00\xc0\x22\x1b\x00\x00\x00\x00\x00\x80\x45\x36\x00\x00\x00\
\x00\x00\x00\x8b\x6c\x00\x00\x00\x00\x00\x00\x16\xd9\x00\x00\x00\
\x00\x00\x00\x2c\xb2\x01\x00\x00\x00\x00\x00\x58\x64\x03\x00\x00\
\x00\x00\x00\xb0\xc8\x06\x00\x00\x00\x00\x00\x60\x91\x0d\x00\x00\
\x00\x00\x00\xc0\x22\x1b\x00\x00\x00\x00\x00\x80\x45\x36\x00\x00\
\x00\x00\x00\x00\x8b\x6c\x00\x00\x00\x00\x00\x00\x16\xd9\x00\x00\
\x00\x00\x00\x00\x2c\xb2\x01\x00\x00\x00\x00\x00\x58\x64\x03\x00\
\x00\x00\x00\x00\xb0\xc8\x06\x00\x00\x00\x00\x00\x60\x91\x0d\x00\
\x00\x00\x00\x00\xc0\x22\x1b\x00\x00\x00\x00\x00\x80\x45\x36\x00\
\x00\x00\x00\x00\x00\x8b\x6c\x00\x00\x00\x00\x00\x00\x16\xd9\x00\
\x00\x00\x00\x00\x00\x2c\xb2\x01\x00\x00\x00\x00\x00\x58\x64\x03\
\x00\x00\x00\x00\x00\xb0\xc8\x06\x00\x00\x00\x00\x00\x60\x91\x0d\
\x00\x00\x00\x00\x00\xc0\x22\x1b\x00\x00\x00\x00\x00\x80\x45\x36\
\x00\x00\x00\x00\x00\x00\x8b\x6c\x00\x00\x00\x00\x00\x00\x16\xd9\
\x00\x00\x00\x00\x00\x00\x2c\xb2\x01\x00\x00\x00\x00\x00\x58\x64\
\x03\x00\x00\x00\x00\x00\xb0\xc8\x06\x00\x00\x00\x00\x00\x60\x91\
\x0d\x00\x00\x00\x00\x00\xc0\x12\x00\x00\x00\xff\xff\xec\xdd\xdd\
\x8f\x5d\x55\x1d\x80\xe1\xf7\x24\x12\xab\x21\x5a\x51\xf1\xb3\x0a\
\x6a\x62\x85\xa8\x08\x35\x26\xc6\x6f\xf1\xda\xbf\x16\x6e\xc0\x1a\
\x12\x50\x51\xb0\x60\x44\x9a\x80\x8a\x14\x1b\x6b\xfd\x00\xd2\xd0\
\x0b\x35\xdb\x8b\xb5\xc7\x39\x14\x6a\x98\xee\x96\x7d\x66\xe6\x79\
\x92\x95\xb5\xce\x39\x93\xcc\xef\xfe\xcd\xda\x5b\x6c\x00\x00\x00\
\x00\x00\x00\x16\x11\x1b\x00\x00\x00\x00\x00\x80\x45\xc4\x06\x00\
\x00\x00\x00\x00\x60\x11\xb1\x01\x00\x00\x00\x00\x00\x58\x44\x6c\
\x00\x00\x00\x00\x00\x00\x16\x11\x1b\x00\x00\x00\x00\x00\x80\x45\
\xc4\x06\x00\x00\x00\x00\x00\x60\x11\xb1\x01\x00\x00\x00\x00\x00\
\x58\x44\x6c\x00\x00\x00\x00\x00\x00\x16\x11\x1b\x00\x00\x00\x00\
\x00\x80\x45\xc4\x06\x00\x00\x00\x00\x00\x60\x11\xb1\x01\x00\x00\
\x00\x00\x00\x58\x44\x6c\x00\x00\x00\x00\x00\x00\x16\x11\x1b\x00\
\x00\x00\x00\x00\x80\x45\xc4\x06\x00\x00\x00\x00\x00\x60\x11\xb1\
\x01\x00\x00\x00\x00\x00\x58\x44\x6c\x00\x00\x00\x00\x00\x00\x16\
\x11\x1b\x00\x00\x00\x00\x00\x80\x45\xc4\x06\x00\x00\x00\x00\x00\
\x60\x11\xb1\x01\x00\x00\x00\x00\x00\x58\x44\x6c\x00\x00\x00\x00\
\x00\x00\x16\x11\x1b\x00\x00\xe0\x16\x9b\xea\xf6\xea\x8e\xea\x43\
\xd5\xc9\xea\xfd\xd5\xfb\xae\x59\x27\xde\xc1\xe7\xdb\xaa\xf7\x56\
\xef\x99\xd7\x6d\xd7\xec\x6f\xf7\xdd\x89\x6b\xc6\xb9\x5a\xfd\xa7\
\xfa\xf7\xff\xd9\xaf\xf7\xdb\xbf\xaa\x2b\xd5\xeb\xf3\x7a\xed\x6d\
\xce\xaf\xce\x7f\xf3\xbf\xdf\x36\xe3\x7f\x02\x00\x00\x47\x98\xd8\
\x00\x00\x00\x07\x30\xd5\xa7\xab\x4f\x56\x1f\x6d\x3f\x20\x6c\xef\
\x77\x34\x82\xc2\x87\xe7\xef\xee\x5c\x67\xd2\x9d\xf3\xf7\xf6\xc3\
\xc4\x3f\xe7\xcf\x97\xab\xbf\x6e\xed\x7b\xe7\xcb\x9b\x71\x06\x00\
\x00\x0e\x09\xb1\x01\x00\x00\xaa\xa9\x3e\xd2\x88\x08\x9f\x68\x3f\
\x28\x7c\x6a\xde\x3f\x5e\x9d\x9a\x77\xde\x3d\x7f\x6b\x44\x87\x4b\
\xf3\xf9\xda\x38\x71\xa9\x7a\x65\x53\x7f\x5c\x6d\x42\x00\x00\xa0\
\x12\x1b\x00\x00\x38\x06\xa6\xf1\x18\xa2\xcf\x57\x9f\xad\x3e\xd3\
\x88\x09\x77\xcf\xfb\xa9\xea\xae\xd5\x86\xe3\x66\xb9\x54\xbd\x54\
\x5d\xac\x2e\x54\xaf\xcc\xfb\x85\xea\xc2\xa6\x5e\x5e\x6f\x34\x00\
\x00\x38\xfa\xc4\x06\x00\x00\x0e\xbd\xf9\x9d\x08\xa7\xab\xcf\xb5\
\x1f\x14\xb6\xf7\x93\xeb\x4d\xc7\x0e\xb9\x58\xfd\xa9\xfa\x73\x6f\
\x8e\x11\x2f\x57\xe7\x37\xe3\x3d\x13\x00\x00\xc0\x0d\x10\x1b\x00\
\x00\x38\x34\xa6\xfa\x58\x23\x2a\x7c\x69\x6b\x9d\x6e\xdc\x4e\x80\
\xa5\xfe\x51\xbd\x38\xaf\x17\xb6\xce\x2f\x6e\xc6\x63\x9c\x00\x00\
\x80\xeb\x10\x1b\x00\x00\xd8\x39\xd3\xb8\xa1\x70\xba\xba\xa7\xfd\
\xa0\x70\x4f\x6e\x28\xb0\x9e\x2b\xd5\xf3\x8d\xf7\x43\xec\x85\x88\
\x17\xaa\xdf\x6f\xea\x2f\x6b\x0e\x06\x00\x00\xbb\x40\x6c\x00\x00\
\x60\x35\x53\x7d\xb9\x11\x13\xbe\x58\xdd\x3b\xef\xf7\xad\x3a\x14\
\x1c\xdc\x1b\xd5\xf9\x79\x3d\x53\x3d\x5b\x3d\xb5\x19\x37\x25\x00\
\x00\xe0\x58\x10\x1b\x00\x00\xb8\xe5\xa6\xfa\x7a\x23\x26\x6c\x3f\
\xfe\xe8\x0b\xab\x0e\x05\xb7\xde\xa5\xea\x5c\xf5\x9b\x46\x80\xf8\
\xed\x66\x9c\x01\x00\xe0\xc8\x11\x1b\x00\x00\xb8\xa9\xa6\x3a\x53\
\x3d\x30\xaf\x33\xd5\xd7\xd6\x9d\x08\x76\xca\xd5\xea\xb9\xf6\x6f\
\x40\x3c\x5b\x9d\xdb\x8c\xc7\x34\x01\x00\xc0\xa1\x25\x36\x00\x00\
\x70\xc3\xb6\xc2\xc2\xde\x2e\x2c\xc0\x8d\x79\xa9\x11\x1e\x9e\xae\
\x9e\xaa\x7e\xb6\xa9\xd7\x56\x9d\x08\x00\x00\x0e\x40\x6c\x00\x00\
\xe0\x1d\x99\xf6\x6f\x2b\xdc\xd7\x78\x2c\xd2\x99\x75\x27\x82\x23\
\xef\xf9\xea\xd7\xd5\x93\xd5\x93\x9b\xfa\xe5\xca\xf3\x00\x00\xc0\
\x75\x89\x0d\x00\x00\xbc\xc5\x34\x82\xc2\xf6\xad\x05\x61\x01\x76\
\xc3\x2f\x9a\xe3\x43\x23\x40\xfc\x61\xe5\x79\x00\x00\xa0\x12\x1b\
\x00\x00\x8e\xbd\xa9\xbe\xd2\xb8\xa9\xf0\x40\x75\x7f\xf5\x8d\x75\
\x27\x02\x0e\xe0\xd5\xea\x89\xc6\xad\x87\x9f\x37\x02\xc4\xeb\xeb\
\x8e\x04\x00\xc0\x71\x24\x36\x00\x00\x1c\x33\xf3\x7b\x16\xbe\x5d\
\x7d\x7f\xde\x4f\xae\x3b\x11\x70\x93\xfd\xae\x11\x20\x7e\x5a\x3d\
\xba\xa9\xcb\x2b\xcf\x03\x00\xc0\x31\x20\x36\x00\x00\x1c\x71\x53\
\x7d\xb3\xfa\x4e\xf5\xdd\xc6\xf9\x03\xeb\x4e\x04\xbc\xcb\x9e\xab\
\x7e\x32\xaf\xc7\xbc\x78\x1a\x00\x80\x5b\x41\x6c\x00\x00\x38\x62\
\xa6\x71\x63\xe1\x7b\xed\xdf\x5e\x00\xd8\xf6\xab\xea\x6c\x23\x3e\
\x3c\xbe\xa9\xab\x2b\xcf\x03\x00\xc0\x11\x20\x36\x00\x00\x1c\x72\
\xd3\x78\xdf\xc2\x0f\xe7\xf5\xad\xea\xc4\xba\x13\x01\x87\xcc\x63\
\x8d\xf0\x70\x76\x33\x1e\xbf\x04\x00\x00\x07\x26\x36\x00\x00\x1c\
\x32\x53\x9d\x6e\x84\x85\x1f\xcc\xfb\x07\xd7\x9d\x08\x38\x42\xde\
\x68\xc4\x87\xbd\xf7\x3d\x9c\x5b\x79\x1e\x00\x00\x0e\x09\xb1\x01\
\x00\x60\xc7\x4d\x75\x67\xf5\xa3\xea\xc1\x46\x5c\x38\xb5\xee\x44\
\xc0\x31\x72\xb1\x7a\x78\x5e\x8f\x6c\xea\xca\xca\xf3\x00\x00\xb0\
\xa3\xc4\x06\x00\x80\x1d\x34\xd5\x57\xab\x1f\xcf\xeb\xfe\x95\xc7\
\x01\xd8\x73\xb6\x7a\xa8\x7a\x78\x53\xe7\xd7\x1e\x06\x00\x80\xdd\
\xf1\x5f\x00\x00\x00\xff\xff\xec\xdd\x79\xb0\xd6\x55\x1d\xc7\xf1\
\xf7\xf9\xa3\x06\xdc\x20\x17\x0c\x2b\x41\x93\x6c\xdc\x02\x97\xb4\
\xc4\xa5\x29\x13\x17\x4c\x33\x4d\xa3\x18\x17\xb2\xb1\x26\xdb\x67\
\xd4\xb2\x69\x99\xfe\x2c\x9b\xb1\x19\xad\x06\xd0\x70\x09\x97\x44\
\x13\x25\x37\x64\x26\x15\xc4\x50\x46\xc5\xd1\x14\x05\x8b\x4c\x11\
\xd4\x20\xcc\xa6\x39\xfd\xf1\xfd\xe1\xbd\x5c\x91\xcb\xbd\xf7\xf7\
\x3c\xe7\x59\xde\xaf\x99\x33\xf7\xb9\x2c\xe7\xf7\xf9\x87\xe7\xce\
\x3c\x1f\xbe\xe7\x58\x36\x48\x92\x24\xb5\x88\x1c\x53\x0b\x27\x11\
\x05\xc3\x98\xc2\x71\x24\xa9\x3f\xcf\xd1\x33\xf5\x30\xdf\x8b\xa6\
\x25\x49\x92\xba\x9b\x65\x83\x24\x49\x52\x21\x19\xb6\x05\x8e\x03\
\x4e\x26\x4a\x86\xed\xcb\x26\x52\x17\xda\x00\xbc\xd6\x6b\xad\x07\
\xde\xec\x67\xfd\xb7\xfa\x7b\xff\xdb\x8a\x3f\xfb\x26\xf0\x9f\x01\
\x66\x7a\x37\xf0\xae\x6a\xf5\x7e\xdd\xf7\xfb\x8d\xaf\x47\x54\x6b\
\x64\xf5\xf5\x3d\xd5\xeb\x91\xd5\x6b\x35\xcf\x1d\xd5\xfa\x63\x82\
\xe7\x0b\x67\x91\x24\x49\x52\x93\x59\x36\x48\x92\x24\x35\x51\x8e\
\xfb\x16\x26\x13\xe5\xc2\xb1\x85\xe3\xa8\xbd\xad\xa7\xa7\x24\x78\
\xa5\xcf\xf7\x1b\xd7\xeb\xbd\x5e\xbf\xda\xfb\xfb\x04\xab\x0b\x64\
\x6e\xba\x1c\x25\xde\xc6\xf2\xa1\x6f\x19\x31\xa2\xd7\xeb\xbe\xbf\
\x3f\x02\xd8\xb9\x40\xe4\x4e\xf1\x04\x30\x8f\x38\x6e\xe9\xde\xd2\
\x61\x24\x49\x92\xd4\x78\x96\x0d\x92\x24\x49\x0d\x96\xe1\x68\x62\
\x82\xe1\x78\x60\xbf\xb2\x69\xd4\x06\x36\x00\x7f\xdf\xd2\x4a\xb0\
\xb2\x5c\xbc\xee\x92\xa3\x7c\x78\x1f\xb0\x5b\xaf\xaf\xbb\x6d\xe6\
\xd7\xf4\xce\x5e\x03\xee\x24\x8e\x5b\x9a\x9b\xe0\xe5\xc2\x79\x24\
\x49\x92\xd4\x00\x96\x0d\x92\x24\x49\x35\xcb\x30\x1a\x98\x04\x9c\
\x08\x1c\x83\xc7\x23\xa9\xc7\x4b\xc0\x2a\xde\x5e\x20\xbc\x00\xfc\
\x83\x28\x12\xd6\x94\x8b\xa7\xc1\xca\x3d\xa5\xc3\xee\xc0\x58\xe2\
\xde\x95\xb1\xbd\x96\xef\x03\x3d\x16\xd3\x53\x3c\x2c\x2e\x1d\x46\
\x92\x24\x49\xf5\xb0\x6c\x90\x24\x49\xaa\x41\x86\x89\xc0\x09\x44\
\xc9\x30\xbe\x70\x1c\x95\xb3\x06\x78\x1a\x58\x0e\x3c\x53\xad\x67\
\x89\x12\x61\x45\xc9\x60\x2a\xab\x9a\x90\x18\xdb\x67\x8d\xa9\x56\
\x37\xbf\x67\x3c\x0b\xdc\x08\x5c\x9f\x60\x49\xe9\x30\x92\x24\x49\
\x1a\x3c\xcb\x06\x49\x92\xa4\x41\xc8\x30\x8c\x38\x16\xe9\x54\x62\
\x82\x61\x87\xb2\x89\xd4\x44\xab\xe9\x29\x12\x9e\x26\x3e\x2c\x7d\
\x16\x78\x32\xc5\x9d\x08\xd2\x80\x55\xf7\xb9\xec\x05\xec\x0d\xec\
\x09\x7c\x18\x18\x57\x7d\xed\x16\x7f\x05\x66\x03\x37\x26\x58\x5a\
\x3a\x8c\x24\x49\x92\x06\xc6\xb2\x41\x92\x24\x69\x2b\x65\xd8\x86\
\x28\x16\x3e\x03\x9c\x02\x0c\x2f\x9b\x48\x0d\xf4\x4f\x36\x2d\x14\
\x96\x13\x1f\x84\x3e\x95\x60\x5d\xc9\x60\xea\x3e\x39\xca\x87\x71\
\xbd\xd6\xfe\xc0\xbe\xc0\xa8\x92\xb9\x1a\x6c\x39\x70\x35\x70\x43\
\x82\xc7\x4b\x87\x91\x24\x49\x52\xff\x2c\x1b\x24\x49\x92\xfa\x91\
\x63\x82\xe1\x2c\xe0\xb4\xc2\x51\x54\xbf\x67\x88\x0f\x32\x97\x01\
\x4f\x00\x4f\x11\x13\x0a\xff\x2e\x9a\x4a\xda\x0a\xd5\xd1\x4c\x1b\
\x8b\x87\x7d\xaa\xb5\x1f\x9d\x57\x42\x2c\x03\xae\x07\xae\x4d\x51\
\xfa\x49\x92\x24\xa9\x05\x59\x36\x48\x92\x24\x6d\x46\x8e\xa3\x4c\
\xce\x26\x4a\x86\x5d\xcb\xa6\x51\x0d\x96\x13\x65\xc2\x63\xc0\x93\
\xc0\x13\x09\x1e\x29\x1b\x49\x6a\x8c\x5e\x25\xc4\x3e\x44\x11\x71\
\x20\x70\x00\xb0\x5d\xc9\x5c\x35\x79\x98\x98\x78\xb8\x26\xc5\x91\
\x66\x92\x24\x49\x6a\x11\x96\x0d\x92\x24\x49\x95\xea\x03\xba\x33\
\x81\xa9\xc0\xa1\x85\xe3\x68\xf0\x1e\x03\x1e\x22\x2e\x9b\x5d\x44\
\x14\x0b\x6f\x94\x8d\x24\x95\x97\xe3\x08\xa6\x03\x80\x09\xd5\x1a\
\x0f\xec\x56\x34\xd4\xd0\xcc\x03\xae\x21\xee\x78\xf0\xdf\xb8\x24\
\x49\x52\x61\x96\x0d\x92\x24\xa9\xab\xe5\xb8\x77\x61\x32\x51\x30\
\x9c\x50\x38\x8e\x06\x6e\x05\x51\x2c\x6c\x5c\x8b\x13\x6c\x28\x1b\
\x49\x6a\x1f\x19\x76\xa2\xa7\x78\x98\x40\x94\x11\xfb\x15\x0d\x35\
\x70\xeb\x81\x39\xc0\x95\x09\xee\x2e\x1d\x46\x92\x24\xa9\x5b\x59\
\x36\x48\x92\xa4\xae\x94\xe1\x38\xa2\x60\x38\x89\xb8\xf8\x59\xad\
\xef\x75\xe0\x01\xe2\x18\x95\x85\xc0\xc2\x04\xaf\x94\x8d\x24\x75\
\x9e\x0c\xdb\x02\x1f\xed\xb3\xde\x5f\x34\xd4\xd6\x5b\x05\x5c\x47\
\xdc\xef\xb0\xa4\x74\x18\x49\x92\xa4\x6e\x62\xd9\x20\x49\x92\xba\
\x46\x86\x8f\x03\x53\x88\x8b\x9e\x77\x29\x1c\x47\xfd\x5b\x44\x4c\
\x2b\x2c\x02\x1e\xf2\x62\x58\xa9\x9c\x1c\xef\x99\x87\x11\xc5\xc3\
\x21\xd5\xda\xb1\x68\xa8\xfe\x3d\x0a\x4c\x07\xae\x4e\xf0\x6a\xe9\
\x30\x92\x24\x49\x9d\xce\xb2\x41\x92\x24\x75\xb4\xea\xa2\xe7\xb3\
\x88\xbb\x18\xc6\x94\x4d\xa3\x2d\x58\x06\xfc\x85\xea\x38\xa4\x14\
\x5f\x25\xb5\xb0\xea\x0e\x88\x43\x80\x23\x89\x32\x77\xff\xb2\x89\
\xb6\xe8\xf7\xc0\x74\x8f\x59\x92\x24\x49\x6a\x1c\xcb\x06\x49\x92\
\xd4\x91\x72\x1c\x91\x34\x0d\x38\xa2\x74\x16\x6d\xd6\x62\xe0\x1e\
\x60\x01\x70\x7f\x82\x7f\x15\xce\x23\x69\x88\x32\xec\x00\x4c\x24\
\x8a\x87\x23\x88\x29\x88\x61\x45\x43\xbd\xdd\x0a\x60\x06\x30\x33\
\xc1\x0b\xa5\xc3\x48\x92\x24\x75\x12\xcb\x06\x49\x92\xd4\x31\x32\
\xec\x09\x9c\x4f\x4c\x32\xec\x5c\x36\x8d\xfa\x58\x0a\xcc\x07\xee\
\x05\xee\xb3\x5c\x90\xba\x43\x8e\xc2\x61\x22\x70\x78\xb5\x76\x2d\
\x9b\x68\x13\x7f\x22\xa6\x1d\x6e\x28\x1d\x44\x92\x24\xa9\x13\x58\
\x36\x48\x92\xa4\xb6\x97\xe1\x8b\xc0\x39\xc0\x27\x4a\x67\xd1\x5b\
\x9e\x22\x26\x17\xe6\x03\xf7\x26\x58\x53\x38\x8f\xa4\x16\x90\x61\
\x5f\xe0\xd3\xc0\xb1\xc0\x51\xb4\xc6\xe4\xc3\x5a\xe0\x2a\xe0\x8a\
\x14\xef\x5d\x92\x24\x49\x1a\x04\xcb\x06\x49\x92\xd4\x96\x72\xdc\
\xbf\x70\x3e\x70\x36\x30\xaa\x70\x1c\xc1\xf3\xc0\x5d\xf4\x4c\x2e\
\xbc\x58\x36\x8e\xa4\x76\x90\xe1\x18\x62\x4d\xa2\x35\xee\x7c\x98\
\x0f\xfc\x36\xc1\x75\xa5\x83\x48\x92\x24\xb5\x1b\xcb\x06\x49\x92\
\xd4\x56\x32\x9c\x0a\x7c\x85\xf8\x70\x4a\xe5\xbc\x48\xcf\xb1\x48\
\x77\x26\x58\x59\x38\x8f\xa4\x36\x97\x61\x17\x60\x32\xf0\x49\xe2\
\x3d\x7e\x97\x82\x71\x5e\x06\xae\x20\xa6\x1d\x56\x15\xcc\x21\x49\
\x92\xd4\x36\x2c\x1b\x24\x49\x52\xcb\xcb\x71\xff\xc2\x34\x62\x92\
\x61\xf7\xc2\x71\xba\xd5\x5a\xe0\x3e\xaa\xa3\x91\x12\x2c\x2b\x1b\
\x47\x52\xa7\xcb\x70\x10\x9b\x1e\xb9\x54\xca\x2d\xc0\xe5\x29\xee\
\x78\x90\x24\x49\xd2\x3b\xb0\x6c\x90\x24\x49\x2d\x2b\xc3\xa1\xc0\
\xd7\x80\x2f\x95\xce\xd2\xa5\x1e\x26\x3e\x64\xbb\x3d\xc1\x92\xd2\
\x61\x24\x75\xaf\x0c\xdb\x00\x47\x13\xc5\xc3\xf1\xc0\x5e\x05\x62\
\x2c\x27\xa6\x1d\xa6\x7b\x0f\x8d\x24\x49\xd2\xdb\x59\x36\x48\x92\
\xa4\x96\x92\x61\x24\x51\x2e\x4c\x03\x0e\x28\x1c\xa7\xdb\xbc\x41\
\x4c\x2e\xcc\x01\x6e\x49\x71\x8c\x88\x24\xb5\x9c\x0c\x7b\x10\xa5\
\xc3\xa7\x88\x63\x97\xb6\x6f\x72\x84\xab\x80\x9f\x27\x78\xac\xc9\
\xcf\x95\x24\x49\x6a\x59\x96\x0d\x92\x24\xa9\x25\xe4\x38\x2a\x63\
\x2a\x30\xa5\x74\x96\x2e\xb3\x1a\xf8\x03\x70\x3b\x71\xf7\xc2\x86\
\xc2\x79\x24\x69\xc0\x32\x1c\x41\xfc\x1c\x39\x89\xe6\x16\xd5\x0b\
\x80\xcb\x12\xdc\xd4\xc4\x67\x4a\x92\x24\xb5\x24\xcb\x06\x49\x92\
\x54\x4c\x86\xe1\xc4\x04\xc3\x77\x80\x31\x85\xe3\x74\x93\xa5\xc0\
\x5c\xe0\xb6\x04\x0f\x96\x0e\x23\x49\x75\xca\xf0\x01\xe2\xa2\xe9\
\x13\x88\xe9\x87\x66\x78\x0e\xb8\x14\x98\x99\x60\x5d\x93\x9e\x29\
\x49\x92\xd4\x52\x2c\x1b\x24\x49\x52\xd3\x55\x47\x25\x5d\x50\xad\
\x9d\x0a\xc7\xe9\x16\xf7\x00\xb7\x02\x37\x27\x78\xa1\x74\x18\x49\
\x6a\x86\xea\xae\x87\x63\x80\x13\xab\xf5\xde\x06\x3f\xf2\x75\x60\
\x06\xf0\xcb\x04\x2b\x1a\xfc\x2c\x49\x92\xa4\x96\x62\xd9\x20\x49\
\x92\x9a\x26\xc3\x68\xe0\xbb\xc0\x79\xc0\x76\x85\xe3\x74\xba\xd7\
\x80\x3b\x88\x82\x61\x6e\x8a\x0f\xc0\x24\xa9\xab\x65\x38\x98\x98\
\x7a\x98\x0c\x4c\x68\xf0\xe3\xe6\x10\xa5\xc3\x82\x06\x3f\x47\x92\
\x24\xa9\x25\x58\x36\x48\x92\xa4\x86\xcb\xb0\x17\x70\x21\x70\x6e\
\xe9\x2c\x1d\xee\x6f\xc4\xb9\xe1\xb7\x25\xb8\xbb\x74\x18\x49\x6a\
\x65\x39\x8e\xef\x9b\x02\x9c\x0e\x7c\xa4\x81\x8f\x5a\x4a\x5c\x26\
\x3d\xab\x81\xcf\x90\x24\x49\x2a\xce\xb2\x41\x92\x24\x35\x4c\x86\
\xfd\x81\x4b\x80\xd3\x4a\x67\xe9\x60\x2b\x89\x0f\xb0\x6e\x4c\xf0\
\x68\xe9\x30\x92\xd4\x8e\x32\xec\x4d\x14\x0f\x67\x00\xe3\x1a\xf4\
\x98\x15\x44\xe9\x70\x59\x83\xf6\x97\x24\x49\x2a\xca\xb2\x41\x92\
\x24\xd5\x2e\xc3\x91\xc0\x45\xc0\xa4\xd2\x59\x3a\xd4\x5a\x60\x36\
\x30\x2b\xc1\x03\xa5\xc3\x48\x52\x27\xc9\x70\x20\xf0\xf9\x6a\x8d\
\x69\xc0\x23\x5e\x26\x0a\x87\x5f\xa5\x78\x3f\x97\x24\x49\xea\x08\
\x96\x0d\x92\x24\xa9\x36\x19\x8e\x07\x2e\x06\x0e\x2f\x9d\xa5\x03\
\xad\x27\xce\xff\xbe\x26\xc5\x5d\x0c\x92\xa4\x06\xcb\x70\x18\x31\
\xed\x70\x3a\x71\xef\x50\x9d\xd6\x01\xbf\x21\xa6\x1d\x56\xd5\xbc\
\xb7\x24\x49\x52\xd3\x59\x36\x48\x92\xa4\x21\xcb\xf1\x21\xcc\x45\
\xc0\xf8\xd2\x59\x3a\xd0\x6d\xc0\xb5\xc0\x9c\x04\x1b\x4a\x87\x91\
\xa4\x6e\x95\xe1\x68\xe0\x4c\xe0\x73\xc0\x8e\x35\x6f\x7f\x25\xf0\
\xb3\x04\xcf\xd4\xbc\xaf\x24\x49\x52\xd3\x58\x36\x48\x92\xa4\x41\
\xc9\x30\x1c\x38\x0b\xf8\x36\x71\x01\xb4\xea\xf3\x08\x30\x1d\xb8\
\x2e\xc1\x9a\xd2\x61\x24\x49\x9b\xca\x70\x22\x71\x1f\xd1\xa9\xc0\
\xb6\x35\x6e\x7d\x0b\xf0\xe3\x14\x3f\x07\x24\x49\x92\xda\x8a\x65\
\x83\x24\x49\x1a\x90\x0c\x63\x81\x6f\x02\xe7\x00\xdb\x97\x4d\xd3\
\x51\x5e\x22\x26\x18\xa6\x27\x78\xbc\x74\x18\x49\x52\xff\x32\x0c\
\x23\x8a\x87\x29\xc0\xc9\x35\x6e\x3d\x0f\xf8\x51\x82\x45\x35\xee\
\x29\x49\x92\xd4\x50\x96\x0d\x92\x24\x69\xab\x64\x98\x08\x7c\x0b\
\xf8\x6c\xe9\x2c\x1d\x66\x0e\x70\x65\x8a\xff\xcd\x2a\x49\x6a\x53\
\x39\x0a\xf8\x53\x88\xa3\x96\x26\xd5\xb4\xed\x5d\xc0\x0f\x13\x2c\
\xac\x69\x3f\x49\x92\xa4\x86\xb1\x6c\x90\x24\x49\x5b\x94\xe1\x60\
\xe0\x52\xa2\x6c\x50\x3d\x96\x12\xe7\x73\x5f\x9d\x60\x75\xe1\x2c\
\x92\xa4\x9a\x65\x18\x45\x1c\x35\x78\x2e\xf0\xa1\x1a\xb6\x9c\x4f\
\x1c\xaf\xb4\xa0\x86\xbd\x24\x49\x92\x1a\xc2\xb2\x41\x92\x24\x6d\
\x56\x86\x7d\x80\x9f\x10\xe7\x51\x6b\xe8\xd6\x01\x33\x89\x29\x86\
\x25\xa5\xc3\x48\x92\x9a\x23\xc3\x51\xc4\xd1\x83\x53\x6b\xd8\x6e\
\x11\x71\xbc\xd2\xbc\x1a\xf6\x92\x24\x49\xaa\x95\x65\x83\x24\x49\
\xda\x44\x86\x3d\x80\x9f\x12\xe7\x4f\x6b\xe8\x16\x03\xbf\x06\xae\
\x4d\xb0\xa1\x74\x18\x49\x52\x19\x19\x46\x10\x3f\x5b\xa7\x01\x13\
\x86\xb8\xdd\xfd\xc4\xa4\xc3\x5d\x43\x0e\x26\x49\x92\x54\x13\xcb\
\x06\x49\x92\x04\x40\x86\xd1\xc4\x24\xc3\xb4\xd2\x59\x3a\xc0\x3a\
\x60\x36\x70\x59\x8a\x23\x93\x24\x49\x7a\x4b\x86\x83\x80\xf3\x80\
\x2f\x00\xdb\x0d\x61\xab\x85\xc0\xf7\x12\xfc\xb9\x96\x60\x92\x24\
\x49\x43\x60\xd9\x20\x49\x52\x97\xcb\x30\x12\xb8\x18\xf8\x3a\x30\
\xac\x70\x9c\x76\x77\x2b\x31\xc1\x30\xbb\x74\x10\x49\x52\xeb\xcb\
\x30\x1c\x38\x03\xf8\x32\xf0\xb1\x21\x6c\x35\x17\xb8\x24\xc1\x23\
\xb5\x04\x93\x24\x49\x1a\x04\xcb\x06\x49\x92\xba\x54\x86\x6d\x80\
\x0b\x80\x0b\x89\xa3\x1d\x34\x38\x0f\x02\x33\x80\x9b\x12\xac\x2d\
\x1d\x46\x92\xd4\x9e\x32\x8c\x07\xbe\x41\x5c\x2c\x3d\x58\x37\x03\
\xdf\x4f\xf0\x64\x2d\xa1\x24\x49\x92\x06\xc0\xb2\x41\x92\xa4\x2e\
\x94\x63\x8a\xe1\x07\xc0\xa8\xd2\x59\xda\xd8\x2c\xe0\x17\x09\x1e\
\x2d\x1d\x44\x92\xd4\x39\xaa\x89\xc3\x73\x80\xaf\x02\x1f\x1c\xe4\
\x36\xbf\x23\x26\x1d\x56\xd6\x16\x4c\x92\x24\xa9\x1f\xff\x07\x00\
\x00\xff\xff\xec\xdd\x6d\xac\xd6\x75\x1d\xc7\xf1\xf7\xaf\x47\x46\
\xd3\x92\x9a\xca\x5a\xb5\x39\x40\x97\xb8\x5c\xd1\xd4\x42\x6b\xb3\
\x66\x69\xb3\x8d\x8a\x81\x37\xb4\x99\x0c\x15\xc2\x20\xe2\xce\xc5\
\x81\xb8\x39\x41\x04\x0a\xa1\xa8\x15\x95\xca\x03\xcd\xb3\xd5\x72\
\x3d\x40\xed\x06\xe7\x70\xc2\xa6\xa1\x0d\xb2\xe1\x4a\x27\xca\x0c\
\x4a\x42\xeb\xd1\xaf\x07\xbf\x53\x1d\x0f\x9c\x9b\xcb\x73\xae\xeb\
\xfb\xff\x5f\xd7\xfb\xf5\x84\xed\x5c\xd7\x71\xef\x87\x67\x7e\xfe\
\xbf\xff\xcf\xb1\x41\x92\xa4\x0e\x92\xe1\x3a\x60\x25\xe5\x12\x68\
\x35\xee\x15\x60\x1b\xb0\x35\xc1\x6b\xd1\x31\x92\xa4\xf6\x96\xe1\
\xf3\xc0\x5c\xe0\x8a\xb7\xf9\x9f\xb8\x83\x72\x91\xf4\xe1\xd1\xab\
\x92\x24\x49\x3a\x39\xc7\x06\x49\x92\x3a\x40\x2e\xff\x93\x62\x1d\
\x30\x29\xba\xa5\xa6\xf6\x00\xb7\x25\xb8\x3f\x3a\x44\x92\xd4\x79\
\x72\x79\x48\xe0\xbf\xaf\x58\x6a\xf4\xd5\x87\xff\xa2\x0c\xe5\xdf\
\xf1\x75\x7f\x92\x24\xa9\x99\x1c\x1b\x24\x49\x6a\x63\x19\x2e\x02\
\xd6\x03\x97\x44\xb7\xd4\xd4\x0e\x60\x4b\x82\xdd\xd1\x21\x92\x24\
\x65\x38\x05\xb8\x1a\x98\x4f\xe3\x0f\x10\x1c\x01\xba\x12\xfc\x60\
\xd4\xc3\x24\x49\x92\x70\x6c\x90\x24\xa9\x2d\x65\xf8\x30\xd0\x0d\
\x5c\x15\xdd\x52\x43\xaf\x03\x5b\x81\xcd\xa9\xbc\x36\x49\x92\xa4\
\xca\xc9\x30\x05\xb8\x89\x32\x3e\x34\xe2\x00\x30\x27\xc1\xa3\xa3\
\x5f\x25\x49\x92\x3a\x99\x63\x83\x24\x49\x6d\x24\xc3\x07\x81\x35\
\xc0\xb5\xd1\x2d\x35\xf4\x17\x60\x13\x70\x4f\x82\x37\xa2\x63\x24\
\x49\x1a\x8e\x0c\x67\x50\x46\x87\xd9\xc0\xb8\x06\x7e\xf5\x17\xc0\
\x82\x04\x07\x9b\x12\x26\x49\x92\x3a\x8e\x63\x83\x24\x49\x6d\x20\
\xc3\x69\x40\x17\xb0\x20\xba\xa5\x86\x9e\x06\xbe\x97\xca\x2b\x93\
\x24\x49\xaa\xad\x0c\xd3\x29\x17\x4a\x7f\xb2\x81\x5f\x5b\x4f\xb9\
\xcf\xe1\x78\x73\xaa\x24\x49\x52\xa7\x70\x6c\x90\x24\xa9\xe6\x32\
\xcc\x03\x96\x03\xef\x8d\x6e\xa9\x99\x9d\x94\x91\x61\x67\x74\x88\
\x24\x49\xa3\x29\xc3\xf9\xc0\x37\x80\x19\xc0\x3b\x87\xf1\x2b\xaf\
\x02\xcb\x12\xfc\xb8\xa9\x61\x92\x24\xa9\xad\x39\x36\x48\x92\x54\
\x53\x19\xbe\x48\x79\x1a\x71\x62\x74\x4b\xcd\xec\x00\xbe\x9b\x60\
\x5f\x74\x88\x24\x49\xcd\x94\x61\x2c\x65\x74\x98\x0b\x9c\x3e\x8c\
\x5f\x79\x06\x98\x9d\xe0\xc9\xa6\x86\x49\x92\xa4\xb6\xe4\xd8\x20\
\x49\x52\xcd\x64\x98\x04\x6c\x01\x3e\x1d\x9c\x52\x27\x6f\x02\x77\
\x01\xdf\x4f\xf0\x52\x74\x8c\x24\x49\xad\x94\xe1\x5d\x94\xc1\x61\
\x01\xe5\x8e\x87\xa1\xec\x00\x16\x26\x38\xd4\xd4\x30\x49\x92\xd4\
\x56\x1c\x1b\x24\x49\xaa\x89\x0c\x67\x02\xeb\x80\xaf\x46\xb7\xd4\
\xc8\x61\xca\x30\xb3\x25\xc1\x3f\xa2\x63\x24\x49\x8a\x96\x61\x16\
\xb0\x08\x18\x3f\xc4\x57\x8f\x03\x6b\x13\xac\x6d\x7e\x95\x24\x49\
\x6a\x07\x8e\x0d\x92\x24\x55\x5c\x2e\xef\x5a\x5e\x02\x2c\x04\xc6\
\x04\xe7\xd4\xc5\xf3\x94\x53\x0c\x77\x45\x87\x48\x92\x54\x45\x19\
\xa6\x01\x4b\x81\x0b\x86\xf8\xea\x41\x60\x7e\x82\x5f\x36\xbf\x4a\
\x92\x24\xd5\x99\x63\x83\x24\x49\x15\x96\xcb\x29\x86\x6e\x60\x5c\
\x74\x4b\x4d\xec\xa5\x3c\x85\xd9\x13\x1d\x22\x49\x52\x1d\x64\xb8\
\x02\x58\x0c\x5c\x3a\xc4\x57\x77\x02\x73\x52\x19\xf4\x25\x49\x92\
\x4e\xe0\xd8\x20\x49\x52\x05\x65\x38\x0f\xd8\x06\x4c\x89\x6e\xa9\
\x89\x1e\xe0\xf6\x04\xbf\x8f\x0e\x91\x24\xa9\x8e\x32\x5c\x0c\x74\
\x01\x97\x0f\xf1\xd5\xdb\x80\xe5\x09\x8e\x35\xbf\x4a\x92\x24\xd5\
\x89\x63\x83\x24\x49\x15\x92\xe1\xdd\xc0\x1a\x60\x4e\x74\x4b\x4d\
\xdc\x0b\xac\x49\x70\x20\x3a\x44\x92\xa4\x76\x90\xe1\x22\x60\x05\
\x83\x8f\x0e\x7f\x03\x16\x27\xf8\x51\x4b\xa2\x24\x49\x52\x2d\x38\
\x36\x48\x92\x54\x11\x19\x6e\xa4\x0c\x0d\x63\xa3\x5b\x6a\xe0\x01\
\xa0\x2b\xc1\xfe\xe8\x10\x49\x92\xda\x51\x86\x8f\x53\x4e\x3a\x5c\
\x39\xc8\xd7\x9e\x02\x6e\x48\xf0\x87\xd6\x54\x49\x92\xa4\x2a\x73\
\x6c\x90\x24\x29\x58\x86\x0b\x29\x17\x19\x7f\x24\xba\xa5\x06\x7e\
\x05\x2c\x4b\xb0\x2f\x3a\x44\x92\xa4\x4e\x90\x61\x32\xb0\x92\x72\
\xb7\xc3\x40\x36\x03\xb7\x26\xf8\x67\x6b\xaa\x24\x49\x52\x15\x39\
\x36\x48\x92\x14\x24\xc3\x19\xc0\x06\xe0\xba\xe8\x96\x1a\x78\x14\
\x58\x92\x60\x4f\x74\x88\x24\x49\x9d\xa8\x77\x74\x58\xc1\xc0\x27\
\x1d\x5e\x06\x6e\x49\xf0\xf3\x96\x45\x49\x92\xa4\x4a\x71\x6c\x90\
\x24\x29\x40\x86\x79\xc0\x6a\xe0\xd4\xe8\x96\x8a\xdb\x4d\x19\x19\
\x7e\x17\x1d\x22\x49\x92\xfe\x37\x3a\x74\x01\x5f\x18\xe0\x2b\x3b\
\x81\xd9\x09\x5e\x68\x5d\x95\x24\x49\xaa\x02\xc7\x06\x49\x92\x5a\
\x28\xc3\xf9\xc0\xfd\x94\x7f\x35\xb0\xbd\xc0\xb7\x13\xfc\x3a\x3a\
\x44\x92\x24\x9d\xa8\x77\x74\xd8\x04\x4c\x39\xc9\xc7\x6f\x02\xab\
\x12\x74\xb7\xb6\x4a\x92\x24\x45\x72\x6c\x90\x24\xa9\x45\x32\xac\
\x03\x16\x45\x77\x54\xdc\xb3\x94\x8b\x9f\x7b\xa2\x43\x24\x49\xd2\
\xd0\x32\x7c\x16\x58\x4b\x19\x1f\xfa\x3b\x00\x5c\x9f\xe0\x89\xd6\
\x56\x49\x92\xa4\x08\x8e\x0d\x92\x24\x35\x59\x2e\x4f\xfc\x6d\x07\
\xc6\x47\xb7\x54\xd8\x01\xca\x49\x86\x07\xa3\x43\x24\x49\x52\xe3\
\x32\x4c\xa5\x8c\x0e\xe7\x9c\xe4\xe3\xfb\x28\xf7\x39\x1c\x69\x6d\
\x95\x24\x49\x6a\xa5\x77\x44\x07\x48\x92\xd4\xae\x32\x9c\x96\xe1\
\x87\xc0\x2e\x1c\x1a\x06\x72\x10\x98\x99\xe0\x5c\x87\x06\x49\x92\
\xea\x2b\x41\x4f\x82\x73\x81\x99\xc0\x5f\xfb\x7d\x7c\x2d\xb0\x3f\
\xc3\xb4\xd6\x97\x49\x92\xa4\x56\xf1\x64\x83\x24\x49\x4d\x90\xe1\
\x4a\xe0\x1e\x60\x5c\x74\x4b\x45\x1d\x05\x56\x27\xd8\x18\x1d\x22\
\x49\x92\x46\x5f\x86\xaf\x03\xb7\x02\x67\xf6\xfb\xe8\x61\xca\xab\
\x95\x0e\xb7\xbe\x4a\x92\x24\x35\x93\x63\x83\x24\x49\xa3\x28\xc3\
\xfb\x80\x2d\xc0\xf4\xe8\x96\x0a\xdb\x4a\x79\x65\xd2\xd1\xe8\x10\
\x49\x92\xd4\x3c\x19\xc6\x00\xb7\x00\x4b\x81\x53\xfb\x7c\xf4\x77\
\x60\x51\x2a\x0f\x66\x48\x92\xa4\x36\xe1\xd8\x20\x49\xd2\x28\xc9\
\x70\x0d\xb0\x19\x18\x1b\xdd\x52\x51\xbb\x80\x9b\x53\xb9\x04\x5a\
\x92\x24\x75\x88\x5c\xfe\x36\x5a\x06\x7c\xb3\xdf\x47\x8f\x00\x5f\
\x4b\x27\xbe\x76\x49\x92\x24\xd5\x90\x77\x36\x48\x92\x34\x42\x19\
\xc6\x65\x78\x8c\x72\xf9\xa1\x43\xc3\x89\xf6\x03\x57\x25\xb8\xd4\
\xa1\x41\x92\xa4\xce\x93\xe0\x48\x82\x85\xc0\xfb\x79\xeb\x69\x86\
\xcf\x00\xcf\x65\x98\x1b\x53\x26\x49\x92\x46\x93\x27\x1b\x24\x49\
\x1a\x81\x0c\x37\x02\xeb\x79\xeb\xab\x01\x54\x1c\x06\x56\x24\xb8\
\x33\x3a\x44\x92\x24\x55\x47\x86\x89\xc0\x6a\xe0\x2b\x7d\x7e\xbc\
\x1b\xb8\x26\xc1\xc1\x98\x2a\x49\x92\x34\x52\x8e\x0d\x92\x24\xbd\
\x0d\x19\x3e\x04\xfc\x14\xf8\x54\x74\x4b\x45\x75\x03\xdd\x09\x8e\
\x45\x87\x48\x92\xa4\x6a\xca\x70\x01\xe5\x6f\x86\xcf\xf5\xf9\xf1\
\xe2\x54\x1e\xe4\x90\x24\x49\x35\xe3\xd8\x20\x49\x52\x83\x32\xcc\
\xa7\x3c\x8d\x37\x26\xba\xa5\x82\x7e\x06\x2c\x4d\xf0\x72\x74\x88\
\x24\x49\xaa\x87\x5c\x1e\xde\xd8\x00\x4c\xee\xfd\xd1\x6f\x28\xa7\
\x1c\x0e\xc5\x55\x49\x92\xa4\x46\x39\x36\x48\x92\x34\x4c\x19\x26\
\x50\x4e\x33\x5c\x1c\xdd\x52\x41\x8f\x01\x0b\x12\x3c\x13\x1d\x22\
\x49\x92\xea\x29\x97\xd7\x2a\x6d\xa2\xdc\xed\x70\x14\xb8\x21\x41\
\x4f\x6c\x95\x24\x49\x1a\x2e\x2f\x88\x96\x24\x69\x18\x32\x2c\x05\
\xfe\x84\x43\x43\x7f\x7f\x06\xa6\x26\xb8\xcc\xa1\x41\x92\x24\x8d\
\x44\x82\x07\x81\xf1\xc0\x72\xe0\x74\xe0\xa1\x0c\xdb\xb3\xa7\x49\
\x25\x49\xaa\x05\x4f\x36\x48\x92\x34\x88\x0c\x93\x80\x7b\x29\xef\
\x14\xd6\xff\xbd\x0e\xac\x4c\xb0\x31\x3a\x44\x92\x24\xb5\x9f\x0c\
\x1f\xa0\x9c\x72\xf8\x12\xe5\xe1\x86\x19\x09\xf6\xc4\x56\x49\x92\
\xa4\xc1\x78\xb2\x41\x92\xa4\x01\xf4\x9e\x66\xd8\x87\x43\x43\x7f\
\x3f\x01\x26\x38\x34\x48\x92\xa4\x66\x49\xf0\x62\x82\x2f\x03\x53\
\x80\x7f\x03\x4f\x65\x58\x12\x9c\x25\x49\x92\x06\xe1\xc9\x06\x49\
\x92\xfa\xc9\x70\x36\xe5\x34\xc3\x27\xa2\x5b\x2a\x66\x2f\x30\x3b\
\x95\x7f\x25\x49\x92\x5a\x26\xc3\xcd\xc0\x2a\xe0\x8f\xc0\xd5\x09\
\x5e\x0c\x4e\x92\x24\x49\xfd\x78\xb2\x41\x92\xa4\x3e\x32\xdc\x04\
\x3c\x8b\x43\x43\x5f\xaf\x02\x33\x13\x4c\x76\x68\x90\x24\x49\x11\
\x12\xdc\x01\x4c\xa0\xfc\x9d\xf6\x74\x86\xa9\xc1\x49\x92\x24\xa9\
\x1f\x4f\x36\x48\x92\x04\x64\x38\x8b\xf2\x7a\xa0\xcb\x83\x53\xaa\
\x66\x03\xb0\x22\xc1\xf1\xe8\x10\x49\x92\x24\x80\x0c\xe7\x01\xdb\
\x28\x77\x39\xcc\x49\xf0\x46\x70\x92\x24\x49\xc2\x93\x0d\x92\x24\
\x91\x61\x1a\xb0\x1f\x87\x86\xbe\x1e\x01\x26\x26\xf8\x96\x43\x83\
\x24\x49\xaa\x92\x04\xcf\x25\xb8\x04\x78\x1c\xf8\x6d\x86\x8f\x45\
\x37\x49\x92\x24\x4f\x36\x48\x92\x3a\x58\x86\xf7\x00\x77\x02\xd3\
\xa3\x5b\x2a\xe4\x08\xb0\x30\xc1\xf6\xe8\x10\x49\x92\xa4\xa1\xf4\
\xfe\x3d\xb7\x0a\x78\x21\xc1\xc6\xe8\x1e\x49\x92\x3a\x99\x63\x83\
\x24\xa9\x23\x65\xb8\x0c\xb8\x8f\xf2\xfa\x24\x15\x0f\x50\x5e\x45\
\xf0\x5a\x74\x88\x24\x49\x52\x23\x32\x7c\x14\x98\x09\x74\xa7\x72\
\xdf\x94\x24\x49\x6a\x31\xc7\x06\x49\x52\xc7\xc9\x70\x3b\x30\x2f\
\xba\xa3\x42\x0e\x01\xb3\x12\x3c\x1c\x1d\x22\x49\x92\x34\x12\x19\
\x66\x00\x2f\x25\xd8\x15\xdd\x22\x49\x52\xa7\x71\x6c\x90\x24\x75\
\x8c\x0c\xe7\x00\x0f\x51\x2e\x15\x54\xb1\x0d\x58\x94\xe0\x58\x74\
\x88\x24\x49\xd2\x68\xc8\xe5\xe4\xea\xd9\x09\x9e\x88\x6e\x91\x24\
\xa9\x93\x38\x36\x48\x92\x3a\x42\x86\x59\xc0\xdd\xd1\x1d\x15\xf2\
\x3c\x70\x7d\x2a\x17\x2b\x4a\x92\x24\xb5\x9d\x0c\x67\x25\x78\x25\
\xba\x43\x92\xa4\x4e\xf1\x1f\x00\x00\x00\xff\xff\xec\xdd\x4b\xa8\
\xae\x65\x1d\xc6\xe1\xdf\xdb\x50\x24\x21\x12\x2d\x8a\x82\x44\x1a\
\x84\x61\x27\xd4\x4a\x2a\x24\x3a\x41\x1e\x20\xcd\xad\x83\x88\xa2\
\x83\x03\xb3\x20\xa4\xa2\x74\x90\xa0\x34\x88\x6a\x62\x08\x06\x41\
\xd9\xb9\x48\x22\xca\x48\x77\x65\x58\x54\x68\x41\xc2\x2e\x76\x60\
\x18\x94\x46\x56\xd4\xec\x69\xf0\x2a\x88\x79\xd8\x6e\xf7\x5a\xcf\
\xb7\xd6\x77\x5d\x93\x05\x9b\x75\xb8\xa7\x9b\xfb\xbb\xff\x8f\xb2\
\x01\x80\x7d\x6d\xd4\x09\xd5\x8d\xd5\xb9\x93\xa3\x6c\x92\x4f\x2e\
\xf5\x91\xd9\x21\x00\x00\x00\x80\xfd\x43\xd9\x00\xc0\xbe\x35\xea\
\x8c\xd6\x47\x8f\x9f\x3b\x3b\xcb\x86\xb8\xab\x3a\xb0\xac\x5f\x01\
\x00\x00\x00\x8e\x99\xa7\xcd\x0e\x00\x00\x3b\x61\xd4\x27\xaa\xdb\
\x53\x34\x3c\xe4\xca\xa5\x4e\x53\x34\x00\x00\x00\x00\x3b\xc1\xb2\
\x01\x80\x7d\x65\xac\xe5\xc2\x57\x5a\x57\x0d\xd4\x2f\xab\x8b\x97\
\xf5\x8d\x06\x00\x00\x00\x80\x1d\x61\xd9\x00\xc0\xbe\x31\xd6\x77\
\x19\x7e\x9b\xa2\xa1\xea\xbf\xd5\xe5\x4b\xbd\x5c\xd1\x00\x00\x00\
\x00\xec\x34\xcb\x06\x00\xf6\x85\x51\x9f\xaa\xae\x98\x9d\x63\x43\
\x1c\xac\x2e\x5d\xea\x4f\xb3\x83\x00\x00\x00\x00\xdb\x41\xd9\x00\
\xc0\x9e\x36\xea\xe4\xea\xeb\xd5\x59\xb3\xb3\x6c\x80\x7f\x54\x1f\
\x5c\xea\x86\xd9\x41\x00\x00\x00\x80\xed\xa2\x6c\x00\x60\xcf\x1a\
\xf5\xba\xea\xa6\xea\x99\xb3\xb3\x6c\x80\xef\x55\xef\x5c\xea\xde\
\xd9\x41\x00\x00\x00\x80\xed\xe3\xcd\x06\x00\xf6\xa4\x51\x1f\xad\
\x6e\x49\xd1\xf0\xaf\xea\xdd\x4b\xbd\x49\xd1\x00\x00\x00\x00\xcc\
\x62\xd9\x00\xc0\x9e\x32\xea\x84\xea\x6b\xd5\x39\xb3\xb3\x6c\x80\
\x9f\x55\x17\x7b\x9b\x01\x00\x00\x00\x98\xcd\xb2\x01\x80\x3d\x63\
\xd4\xe9\xd5\x9d\x29\x1a\xaa\x3e\xbc\xd4\x2b\x15\x0d\x00\x00\x00\
\xc0\x26\xb0\x6c\x00\x60\x4f\x18\xf5\xfe\xea\xb3\xb3\x73\x6c\x80\
\xbb\xaa\x03\xcb\xfa\x15\x00\x00\x00\x60\x23\x58\x36\x00\xb0\xf1\
\x46\x7d\x31\x45\x43\xd5\x35\x4b\x9d\xa6\x68\x00\x00\x00\x00\x36\
\x8d\x65\x03\x00\x1b\x6b\xd4\x73\xaa\xef\x56\x2f\x9e\x9d\x65\xb2\
\x3f\x56\x97\x2e\xeb\x1b\x0d\x00\x00\x00\x00\x1b\xc7\xb2\x01\x80\
\x8d\x34\xea\xec\xea\xd7\x29\x1a\x6e\x6c\x5d\x33\x28\x1a\x00\x00\
\x00\x80\x8d\xa5\x6c\x00\x60\xe3\x8c\xfa\x40\x75\x6b\xf5\xcc\xd9\
\x59\x26\x7a\xa0\xba\x68\xa9\x77\x2c\xf5\xef\xd9\x61\x00\x00\xd8\
\xbf\x46\x5d\xf4\xe0\xaa\x18\x00\x8e\x9a\x33\x4a\x00\x6c\x94\x51\
\x5f\xae\x2e\x9c\x9d\x63\xb2\x9f\x57\x6f\x5f\xea\xf0\xec\x20\x00\
\x00\xec\x6f\xa3\x4e\xaa\x0e\x55\x7f\xab\x5e\xbd\xd4\x3d\x93\x23\
\x01\xb0\x47\x59\x36\x00\xb0\x11\x46\x3d\x6b\xd4\x2f\x53\x34\x5c\
\xb3\xd4\x99\x8a\x06\x00\x00\x76\xc9\xf5\xd5\xf1\xd5\xf3\xab\x83\
\x16\x0e\x00\x1c\x2d\xcb\x06\x00\xa6\x1b\x75\x46\xf5\x9d\xea\xc4\
\xd9\x59\x26\xba\xb7\x7a\xdb\x52\x3f\x99\x1d\x04\x00\x80\xed\x30\
\xea\x82\xea\x6b\x8f\xf8\xe7\xc3\x59\x38\x00\x70\x14\x94\x0d\x00\
\x4c\x35\xea\x7d\xd5\xe7\x66\xe7\x98\xec\xe6\xea\xd2\xa5\xfe\x3e\
\x3b\x08\x00\x00\xdb\x61\xd4\x09\xd5\xdd\xad\x67\x94\x1e\xe9\x70\
\x0a\x07\x00\x9e\x24\x67\x94\x00\x98\x66\xd4\xe7\x53\x34\x5c\xb6\
\xd4\x5b\x14\x0d\x00\x00\xec\xb2\x6b\x7b\xf4\xa2\xa1\xd6\x93\x4a\
\x3f\x76\x52\x09\x80\x27\xc3\xb2\x01\x80\x5d\x37\xea\xe9\xd5\xb7\
\xaa\xd7\xce\xce\x32\xd1\xe1\xea\xad\x4b\xdd\x39\x3b\x08\x00\x00\
\xdb\x65\xd4\xab\xaa\x83\x47\xf0\xad\x7f\xa8\x5e\x63\xe1\x00\xc0\
\x91\x50\x36\x00\xb0\xab\xc6\xfa\x29\xa9\x1f\x54\xa7\x4c\x8e\x32\
\xd3\x77\xaa\x4b\x96\xfa\xe7\xec\x20\x00\x00\x6c\x9f\xb1\x9e\x4f\
\x3a\xf5\x08\xbf\xfd\x70\x75\xe6\x52\x7f\xd9\xb9\x44\x00\xec\x07\
\xce\x28\x01\xb0\x6b\x46\x9d\x55\xfd\xaa\xed\x2e\x1a\xae\x58\xd6\
\x45\x83\xa2\x01\x00\x80\x5d\x37\xea\xaa\x8e\xbc\x68\xa8\xf5\xc3\
\x42\x07\x47\x9d\xbc\x33\x89\x00\xd8\x2f\x2c\x1b\x00\xd8\x15\xa3\
\x0e\x54\x5f\x9c\x9d\x63\xa2\x3f\x57\xe7\x2f\x75\xc7\xec\x20\x00\
\x00\x6c\xa7\xb1\x96\x0c\x77\x1f\xe5\x8f\x1f\x6a\x7d\x34\xda\xc2\
\x01\x80\x47\x65\xd9\x00\xc0\x8e\x1b\x75\x5d\xdb\x5d\x34\xdc\x5a\
\x9d\xa6\x68\x00\x00\x60\xb2\x2f\x3c\x85\x9f\x3d\x25\x0b\x07\x00\
\x1e\x87\xb2\x01\x80\x1d\x33\xea\xb8\x51\x37\x57\x1f\x9a\x9d\x65\
\xa2\xab\x97\xf5\x51\xbd\xfb\x67\x07\x01\x00\x60\x7b\x8d\x7a\x6f\
\x75\xc6\x53\xfc\x35\x0a\x07\x00\x1e\x93\x33\x4a\x00\xec\x88\x51\
\xcf\xae\xbe\x5f\xbd\x68\x76\x96\x49\xee\xaf\x2e\x5c\xea\x87\xb3\
\x83\x00\x00\xb0\xdd\x46\x9d\xd4\x7a\x06\xe9\xf8\x63\xf4\x2b\x9d\
\x54\x02\xe0\xff\x58\x36\x00\x70\xcc\x8d\x7a\x49\xf5\x9b\xb6\xb7\
\x68\xf8\x45\xeb\xd9\x24\x45\x03\x00\x00\x9b\xe0\x86\x8e\x5d\xd1\
\x50\xeb\xc2\xe1\x56\x0b\x07\x00\x1e\x4e\xd9\x00\xc0\x31\x35\xea\
\x9c\xea\x60\x75\xe2\xec\x2c\x93\xdc\xb4\xd4\x2b\x96\xf5\x41\x68\
\x00\x00\x98\x6a\xd4\x79\xd5\x9b\x77\xe0\x57\x9f\x9a\x93\x4a\x00\
\x3c\x8c\x33\x4a\x00\x1c\x33\xa3\x0e\xb4\xdd\x0f\x41\x5f\xbe\xd4\
\xa7\x67\x87\x00\x00\x80\xaa\xb1\xae\x19\x0e\xb5\x9e\x51\xda\x29\
\x4e\x2a\x01\x50\x59\x36\x00\x70\x8c\x8c\xba\xaa\xed\x2d\x1a\xee\
\xab\xce\x56\x34\x00\x00\xb0\x61\xae\x6b\x67\x8b\x86\xf2\x68\x34\
\x00\x0f\xb2\x6c\x00\xe0\x29\x1b\x6b\xc9\x70\x60\x76\x8e\x49\x7e\
\x57\xbd\x61\xa9\x7b\x66\x07\x01\x00\x80\x87\x8c\x3a\xa3\xba\x7d\
\x17\xff\xa4\x85\x03\xc0\x96\x53\x36\x00\x70\xd4\x46\x1d\x57\x7d\
\xbb\xf5\x9d\x86\x6d\xf4\x8d\xea\x92\xa5\xfe\x33\x3b\x08\x00\x00\
\x3c\xdc\xa8\xbb\x5b\xdf\x55\xd8\x4d\x87\xaa\xb3\x96\xfa\xeb\x2e\
\xff\x5d\x00\x36\x80\x33\x4a\x00\x1c\x95\xb1\x3e\x00\xfd\xd3\xb6\
\xb7\x68\xb8\x72\xa9\x0b\x14\x0d\x00\x00\x6c\x9a\x51\x1f\x6f\xf7\
\x8b\x86\x5a\x4f\x2a\xdd\xf6\xe0\xff\x15\x00\xd8\x32\x96\x0d\x00\
\x3c\x69\xa3\x5e\x50\xdd\x52\x3d\x6f\x76\x96\x09\x1e\xa8\xce\x5b\
\xea\x47\xb3\x83\x00\x00\xc0\x23\x8d\xb5\x64\xb8\x7b\x72\x8c\xdf\
\xb7\xbe\x69\x66\xe1\x00\xb0\x45\x2c\x1b\x00\x78\x52\x46\xbd\xac\
\xba\xa3\xed\x2c\x1a\x0e\x57\x2f\x55\x34\x00\x00\xb0\xc1\xbe\x30\
\x3b\x40\xf5\xc2\x2c\x1c\x00\xb6\x8e\xb2\x01\x80\x23\x36\xea\xf5\
\xd5\x6d\xd5\x33\x66\x67\x99\xe0\x17\xd5\x4b\x96\xf5\x0e\x2d\x00\
\x00\x6c\x9c\x51\xef\x69\x7d\x18\x7a\x13\x28\x1c\x00\xb6\x8c\x33\
\x4a\x00\x1c\x91\x51\xe7\x57\x5f\x9f\x9d\x63\x92\xaf\x2e\xf5\xb6\
\xd9\x21\x00\x00\xe0\xb1\x8c\x3a\xa9\xf5\x83\x31\xc7\xcf\xce\xf2\
\x08\x4e\x2a\x01\x6c\x09\xcb\x06\x00\x9e\xd0\xa8\x77\xb5\xbd\x45\
\xc3\x27\x14\x0d\x00\x00\xec\x01\xd7\xb7\x79\x45\x43\x59\x38\x00\
\x6c\x0d\xcb\x06\x00\x1e\xd7\xa8\x8f\x55\x57\xcf\xce\x31\xc9\xb9\
\x4b\x7d\x7b\x76\x08\x00\x00\x78\x3c\xa3\xce\xad\xbe\x39\x3b\xc7\
\x13\xb0\x70\x00\xd8\xe7\x94\x0d\x00\x3c\xa6\x51\x9f\xa9\x2e\x9b\
\x9d\x63\x82\xfb\xaa\x37\x2e\xeb\x3b\x0d\x00\x00\xb0\xb1\xc6\xba\
\x66\x38\xd4\x7a\x46\x69\xd3\x29\x1c\x00\xf6\x31\x67\x94\x00\x78\
\x54\xa3\xbe\xd4\x76\x16\x0d\x87\xaa\xd3\x15\x0d\x00\x00\xec\x11\
\xd7\xb6\x37\x8a\x86\x72\x52\x09\x60\x5f\xfb\x1f\x00\x00\x00\xff\
\xff\xec\xdd\x5f\xc8\xf7\x77\x5d\xc7\xf1\xe7\xf7\xcc\x9a\xa8\x0c\
\x51\x64\x98\xe0\xbf\x74\x8a\x49\xab\x9c\xff\x45\x9b\x81\x4b\x50\
\xdc\xb0\x09\x11\x09\xa6\x8d\x45\x0c\x22\xba\x03\x07\x92\xe4\x14\
\x0f\x14\x34\x09\x45\x09\x35\xe7\x3f\x50\xcb\xf9\xaf\x6d\xb5\xad\
\x4d\x87\x07\x63\xa0\xdd\xb6\x3a\x32\x28\x50\x82\x8d\xd2\x9d\x7d\
\x3a\xf8\xdd\x28\xe6\x74\xf7\xee\xfb\xba\x7e\x9f\xeb\xf7\xfd\x3e\
\x1e\x27\xf7\xe9\xf3\xf0\xba\xaf\xd7\xf5\xfe\x7c\x5d\x36\x00\xf0\
\x53\xc6\xee\x04\xfb\x35\xb3\x3b\x26\xb8\xb9\x7a\xed\x52\xf7\xcf\
\x0e\x01\x00\x80\x87\x32\xea\xf9\xd5\x1d\xb3\x3b\xce\xc1\xb7\xaa\
\x97\x2e\xbb\x8b\x62\x00\x56\xc2\xd8\x00\xc0\x8f\x8c\xba\xa0\xfa\
\x4a\xf5\xc2\xd9\x2d\x13\xdc\xb0\xd4\x55\xb3\x23\x00\x00\xe0\x6c\
\x8d\xfa\x4e\xf5\xf4\xd9\x1d\xe7\xe8\x9e\x76\x4f\x2a\xdd\x37\x3b\
\x04\x80\xa3\xe1\x19\x25\x00\xaa\x1a\x75\x61\x75\x6b\xdb\x1c\x1a\
\xde\x6a\x68\x00\x00\xe0\x90\x8c\xba\xae\xc3\x1d\x1a\xaa\x9e\x53\
\xdd\x74\xe6\x9b\x13\x00\xac\x80\xcb\x06\x00\x1a\xf5\xd8\xea\x1f\
\xab\x67\x4d\x4e\x99\xe1\xaa\xa5\x6e\x98\x1d\x01\x00\x00\x67\x6b\
\xec\x46\x86\xef\xcc\xee\x38\x22\x5f\xaf\x5e\xb1\xd4\x0f\x66\x87\
\x00\x70\x7e\x5c\x36\x00\x6c\xdc\xd8\x7d\x4c\xee\xf6\xb6\x37\x34\
\xdc\x57\xbd\xd8\xd0\x00\x00\xc0\x01\xfa\x9b\xd9\x01\x47\xe8\xd2\
\xea\x4b\xb3\x23\x00\x38\x7f\xc6\x06\x80\x0d\x1b\x75\x51\x75\x5b\
\xf5\xcb\xb3\x5b\xf6\xec\xbb\xd5\xa5\xcb\x6e\x64\x01\x00\x80\x83\
\x31\xea\xcd\xed\x7e\x41\xbf\x26\x2f\x19\x75\xe3\xec\x08\x00\xce\
\x8f\x67\x94\x00\x36\x6a\xd4\x93\xaa\x9b\xab\x27\xcf\x6e\xd9\xb3\
\xbb\xaa\xcb\x97\xfa\xfe\xec\x10\x00\x00\x78\x38\x46\x3d\xa1\xba\
\xb7\xba\x60\x76\xcb\x31\xf9\xec\x52\x57\xcc\x8e\x00\xe0\xdc\xb8\
\x6c\x00\xd8\xa0\x33\x43\xc3\x3f\xb7\xbd\xa1\xe1\xef\xab\x97\x1a\
\x1a\x00\x00\x38\x50\x1f\x6c\xbd\x43\x43\xd5\xeb\x86\x67\x4e\x01\
\x0e\x96\xb1\x01\x60\x63\x46\x3d\xad\xba\xa3\xdd\x13\x4a\x5b\xf2\
\xde\xa5\x5e\xbd\xd4\x03\xb3\x43\x00\x00\xe0\xe1\x1a\xbb\xbf\xf8\
\xbf\x7c\x76\xc7\x1e\xbc\x7e\xd4\x07\x66\x47\x00\xf0\xf0\x79\x46\
\x09\x60\x43\xc6\xee\xdb\x0c\xff\xd4\xee\xa3\xd0\x5b\x72\x6a\xa9\
\xeb\x67\x47\x00\x00\xc0\xb9\x18\xf5\xe8\xea\x5f\xab\xc7\xcd\x6e\
\xd9\xa3\xf7\x2d\xf5\x47\xb3\x23\x00\x38\x7b\x2e\x1b\x00\x36\x62\
\xd4\xb3\xdb\x7d\x0c\x7a\x6b\x43\xc3\xef\x19\x1a\x00\x00\x38\x70\
\xef\x6d\x5b\x43\x43\xd5\x35\xa3\xde\x3a\x3b\x02\x80\xb3\xe7\xb2\
\x01\x60\x03\x46\x3d\xa7\xba\xa5\xba\x70\x76\xcb\x1e\xfd\xb0\xba\
\x62\xa9\x1b\x67\x87\x00\x00\xc0\xb9\x1a\x75\x59\xf5\xd5\xd9\x1d\
\x13\x5d\xb3\xd4\xfb\x67\x47\x00\xf0\xd0\x8c\x0d\x00\x2b\x37\xea\
\xb9\xed\x9e\x4e\x7a\xd4\xec\x96\x3d\xba\xaf\xfa\xcd\xa5\xbe\x39\
\x3b\x04\x00\x00\xce\xd5\xa8\x47\x56\xa7\xdb\xde\xf7\xd6\xfe\xbf\
\x37\x2c\xf5\x89\xd9\x11\x00\xfc\x7c\x9e\x51\x02\x58\xb1\x8d\x0e\
\x0d\xff\x55\x3d\xcf\xd0\x00\x00\xc0\x0a\xfc\x65\x86\x86\xaa\xbf\
\x1d\xf5\xca\xd9\x11\x00\xfc\x7c\x2e\x1b\x00\x56\x6a\xa3\x43\xc3\
\xbf\x57\x2f\x5b\xea\x3f\x66\x87\x00\x00\xc0\xf9\x18\xf5\x1b\xd5\
\x37\x66\x77\x9c\x20\x0f\x54\xaf\x58\xea\x8e\xd9\x21\x00\x3c\x38\
\x63\x03\xc0\x0a\x6d\x74\x68\xb8\xbb\xdd\x7f\x3e\xfe\x7b\x76\x08\
\x00\x00\x9c\xaf\x51\xf7\x56\x4f\x9d\xdd\x71\xc2\xdc\xdf\xee\x8a\
\xf9\xf4\xec\x10\x00\x7e\x9a\x67\x94\x00\x56\x66\xd4\x25\xd5\xad\
\x6d\x6b\x68\xb8\xb9\x7a\xa1\xa1\x01\x00\x80\x35\x18\xf5\xf6\x0c\
\x0d\x0f\xe6\x51\xd5\xd7\x86\xa7\xa5\x00\x4e\x24\x97\x0d\x00\x2b\
\xb2\xd1\x8b\x86\x2f\x2d\xf5\xaa\xd9\x11\x00\x00\x70\x14\x46\x5d\
\x5c\x7d\x6b\x76\xc7\x09\x77\xba\xdd\x85\xc3\xfd\xb3\x43\x00\xf8\
\x31\x97\x0d\x00\x2b\xb1\xd1\xa1\xe1\xf3\x86\x06\x00\x00\x56\xe6\
\xe3\xb3\x03\x0e\xc0\x33\xaa\xbf\x9b\x1d\x01\xc0\x4f\x32\x36\x00\
\xac\xc0\x46\x87\x86\x4f\x2f\xf5\x9a\xd9\x11\x00\x00\x70\x54\x46\
\xfd\x69\xbb\x9f\xed\x79\x68\x2f\x19\x75\xc3\xec\x08\x00\x7e\xcc\
\x33\x4a\x00\x07\x6e\xd4\xaf\xb6\xfb\x66\xc1\xa3\x67\xb7\xec\xd1\
\x87\x96\x7a\xd3\xec\x08\x00\x00\x38\x2a\xa3\x9e\xdc\xee\xf9\xa4\
\x47\xcc\x6e\x39\x30\xd7\x2f\x75\x6a\x76\x04\x00\xc6\x06\x80\x83\
\x36\xea\x59\xd5\xed\xd5\x63\x66\xb7\xec\xd1\x07\x96\xba\x7a\x76\
\x04\x00\x00\x1c\xa5\x51\xb7\x55\x2f\x9a\xdd\x71\xa0\xde\xb8\xd4\
\x47\x66\x47\x00\x6c\x9d\x67\x94\x00\x0e\xd4\xa8\x27\xb6\xbb\x68\
\xd8\xd2\xd0\xf0\x1e\x43\x03\x00\x00\x6b\x33\xea\x2d\x19\x1a\xce\
\xc7\x87\x47\x5d\x36\x3b\x02\x60\xeb\x5c\x36\x00\x1c\xa0\x51\x8f\
\xab\xee\x6c\x77\x6a\xbd\x15\xd7\x2d\xf5\x17\xb3\x23\x00\x00\xe0\
\x28\x8d\xba\xa8\x3a\x5d\x3d\x72\x76\xcb\x81\xfb\xdf\xea\x05\x4b\
\xdd\x33\x3b\x04\x60\xab\x5c\x36\x00\x1c\x98\xb1\xbb\x64\xb8\xa5\
\x6d\x0d\x0d\xd7\x1a\x1a\x00\x00\x58\xa9\xbf\xce\xd0\x70\x14\x2e\
\xa8\x6e\x1c\xf5\x84\xd9\x21\x00\x5b\x65\x6c\x00\x38\x20\xa3\x7e\
\xb1\xfa\x6a\x75\xf1\xec\x96\x3d\xba\x7a\xa9\xf7\xcc\x8e\x00\x00\
\x80\xa3\x36\xea\x0d\xd5\xe5\xb3\x3b\x56\xe4\xa2\xea\xcb\x63\x37\
\x3c\x00\xb0\x67\x9e\x51\x02\x38\x20\x63\x77\xd1\xf0\xb2\xd9\x1d\
\x7b\x74\xad\xa1\x01\x00\x80\x35\x1a\x75\x61\x75\x6f\xbb\x7f\x39\
\x5a\x5f\x5b\xea\x95\xb3\x23\x00\xb6\xc6\x65\x03\xc0\x81\x18\xf5\
\x99\x0c\x0d\x00\x00\xb0\x16\xef\xcb\xd0\x70\x5c\x2e\x1b\xf5\xe1\
\xd9\x11\x00\x5b\x63\x6c\x00\x38\x00\xa3\x3e\x52\xbd\x6e\x76\xc7\
\x1e\x9d\x32\x34\x00\x00\xb0\x56\x63\xf7\x74\xd2\x55\xb3\x3b\x56\
\xee\xf7\x47\xfd\xc9\xec\x08\x80\x2d\xf1\x8c\x12\xc0\x09\x37\x76\
\xbf\x74\xff\xe3\xd9\x1d\x7b\x74\x6a\xa9\xeb\x67\x47\x00\x00\xc0\
\x71\x18\xbb\x8f\x41\x9f\x6e\xf7\x7d\x01\x8e\xdf\x15\x4b\x7d\x76\
\x76\x04\xc0\x16\xb8\x6c\x00\x38\xc1\xce\xfc\x25\xce\x96\x86\x86\
\xeb\x0c\x0d\x00\x00\xac\xdc\xbb\x33\x34\xec\xd3\xc7\x46\xfd\xda\
\xec\x08\x80\x2d\x70\xd9\x00\x70\x42\x8d\xba\xb2\xfa\xd4\xec\x8e\
\x3d\xba\x7e\xa9\x53\xb3\x23\x00\x00\xe0\xb8\x8c\x7a\x51\x75\xdb\
\xec\x8e\x0d\xfa\x5e\xf5\x2b\x4b\xfd\xe7\xec\x10\x80\x35\x33\x36\
\x00\x9c\x40\xa3\x5e\x5e\xdd\x34\xbb\x63\x8f\x0c\x0d\x00\x00\xac\
\xda\xa8\x5f\xa8\xfe\xa5\x7a\xd2\xec\x96\x8d\xba\xbb\x7a\xc1\x52\
\x3f\x9c\x1d\x02\xb0\x56\x9e\x51\x02\x38\x61\xce\x9c\xf8\x7e\x61\
\x76\xc7\x1e\xbd\xcb\xd0\x00\x00\xc0\x06\xbc\x2d\x43\xc3\x4c\xcf\
\xad\x3e\x31\x3b\x02\x60\xcd\x5c\x36\x00\x9c\x20\xa3\x9e\x5a\x7d\
\xa3\xba\x70\x76\xcb\x9e\xbc\x7f\xa9\x6b\x66\x47\x00\x00\xc0\x71\
\x1a\x75\x49\xf5\xcd\xd9\x1d\x54\xf5\x8e\xa5\xfe\x7c\x76\x04\xc0\
\x1a\x19\x1b\x00\x4e\x88\x51\x8f\xaf\xee\xaa\x7e\x69\x76\xcb\x9e\
\x7c\x70\xa9\x3f\x98\x1d\x01\x00\x00\xc7\x6d\xd4\xb7\xab\x67\xce\
\xee\xe0\x47\x7e\x77\xa9\x8f\xcd\x8e\x00\x58\x1b\xcf\x28\x01\x9c\
\x00\xa3\x2e\xa8\xfe\xa1\xed\x0c\x0d\x1f\x35\x34\x00\x00\xb0\x05\
\xa3\xde\x91\xa1\xe1\xa4\xf9\xe8\xa8\x5f\x9f\x1d\x01\xb0\x36\x2e\
\x1b\x00\x4e\x80\xb1\xfb\x18\xf4\xcb\x67\x77\xec\xc9\x27\x97\xfa\
\x9d\xd9\x11\x00\x00\x70\xdc\xce\xfc\x42\xfb\xae\xd9\x1d\x3c\xa8\
\xef\x55\x97\x2c\xf5\xdd\xd9\x21\x00\x6b\x61\x6c\x00\x98\x6c\xd4\
\xa7\xaa\x2b\x67\x77\xec\xc9\xe7\x96\x7a\xed\xec\x08\x00\x00\xd8\
\x87\x51\xff\x56\x3d\x65\x76\x07\x3f\xd3\xb7\xab\xe7\x2d\xf5\x3f\
\xb3\x43\x00\xd6\xc0\x33\x4a\x00\x13\x8d\x7a\x77\xdb\x19\x1a\xbe\
\x68\x68\x00\x00\x60\x2b\x46\xbd\x33\x43\xc3\x49\x77\x71\x75\xc3\
\xec\x08\x80\xb5\x70\xd9\x00\x30\xc9\xa8\x3f\xac\xfe\x6a\x76\xc7\
\x9e\xdc\x54\xfd\xf6\x52\x0f\xcc\x0e\x01\x00\x80\xe3\x36\xea\xd2\
\xea\xce\xd9\x1d\x9c\xb5\x77\x2e\xf5\x67\xb3\x23\x00\x0e\x9d\xb1\
\x01\x60\x82\x51\xaf\xaa\xbe\x38\xbb\x63\x4f\x6e\xaf\x7e\x6b\xa9\
\x1f\xcc\x0e\x81\xf3\xf5\xfc\xf1\xd8\x2b\xab\xab\x67\x77\xfc\x0c\
\x77\xdf\xb9\x7c\xff\xda\xd9\x11\x00\xb0\x75\xa3\x1e\x51\xdd\x53\
\x3d\x6d\x76\x0b\x0f\xcb\x95\x4b\x7d\x66\x76\x04\xc0\x21\xfb\x3f\
\x00\x00\x00\xff\xff\xec\xdd\x6f\xac\xd6\x65\x1d\xc7\xf1\xf7\xb5\
\xf9\xa0\x04\x21\x07\x0d\x85\x28\x91\xad\xac\xd9\x9f\x07\xea\x62\
\x44\x01\x22\x26\xb4\x98\x38\xad\xe9\x2a\x56\x2b\xad\xb5\x48\xb2\
\xf2\x01\xd9\x94\x99\x4d\x93\x30\xb7\xdc\x32\x47\x44\x76\x86\xc0\
\x2c\xe5\x81\x69\x6b\xab\xd5\x8e\xad\xf5\x67\x0a\x61\x5b\x73\x2b\
\x21\x5c\x31\xad\xd0\xec\xd9\xb7\x07\xbf\xdb\x75\x56\x20\x87\x73\
\xee\xdf\xf5\xbd\x7f\xf7\xfd\x7e\x6d\xf7\x0e\x9c\x73\x1e\xbc\x9f\
\xde\xf7\xe7\xfc\xae\xeb\xb4\xec\x00\x49\x1a\x35\x01\x6f\xa5\xb9\
\xa7\x61\x14\x1c\x00\xd6\x38\x34\x68\x88\x2c\x04\x96\x67\x47\x9c\
\x40\x64\x07\x48\x92\x24\x00\x6e\xc5\xa1\xa1\x8b\x76\x04\xec\x2f\
\xf0\x54\x76\x88\x24\x75\x95\x77\x36\x48\x52\x45\x01\x0b\x80\xc7\
\x80\x19\xd9\x2d\x15\x3c\x0d\xac\x2c\x70\x2c\x3b\x44\x92\x24\x49\
\xaa\x21\xe0\x42\x60\x53\x76\x87\xa6\xe4\x74\x60\x5f\xc0\xec\xec\
\x10\x49\xea\x2a\xc7\x06\x49\xaa\x24\x9a\x81\xe1\xc7\xc0\xbc\xec\
\x96\x0a\xfe\x0a\x2c\x2f\xcd\x57\x49\x92\x24\x69\xe8\xf5\x8e\x4f\
\x1a\xcb\xee\xd0\xb4\x2c\xc6\xa3\x94\x24\x69\xca\x1c\x1b\x24\xa9\
\x9e\x1f\x00\xe7\x65\x47\x54\x70\x8c\xe6\x89\x86\x67\xb2\x43\x24\
\x49\x92\xa4\x8a\xbe\x4a\xf3\x61\xb5\xba\x6d\x55\xc0\x2d\xd9\x11\
\x92\xd4\x45\x8e\x0d\x92\x54\x41\xc0\x3d\xc0\xaa\xec\x8e\x0a\xfe\
\x4d\x73\x19\xf4\x81\xec\x10\x49\x92\x24\xa9\x96\x80\x65\xc0\xc6\
\xec\x0e\xf5\xcd\x97\x02\xde\x9f\x1d\x21\x49\x5d\xe3\xd8\x20\x49\
\x2d\x0b\xf8\x1c\x70\x5d\x76\x47\x25\xeb\x0a\x8c\x67\x47\x48\x92\
\x24\x49\xb5\xf4\x8e\x4f\xda\x99\xdd\xa1\xbe\xbb\x3f\x46\xe3\xc9\
\x74\x49\xea\x1b\xc7\x06\x49\x6a\x51\xc0\x1a\xe0\x6b\xd9\x1d\x95\
\x5c\x5d\xe0\xd1\xec\x08\x49\x92\x24\xa9\xb2\x3b\x80\x37\x64\x47\
\xa8\xef\x66\xd2\x5c\x18\x3d\x33\x3b\x44\x92\xba\xc2\xb1\x41\x92\
\x5a\x12\x70\x01\xb0\x37\xbb\xa3\x92\x2f\x14\x2f\xc3\x93\x24\x49\
\xd2\x88\x09\x58\x0e\x7c\x3a\xbb\x43\xad\x59\x8c\xef\x73\x24\x69\
\xd2\x1c\x1b\x24\xa9\x05\x01\x67\x01\x3f\xa4\x79\xa4\x7a\xd8\xdd\
\x59\x9a\xbf\xe6\x92\x24\x49\x92\x46\x46\xc0\x0c\x60\x7b\x76\x87\
\x5a\xf7\xbe\x80\x1b\xb3\x23\x24\xa9\x0b\x1c\x1b\x24\xa9\x1d\x0f\
\x01\xf3\xb3\x23\x2a\x78\xb0\xc0\x0d\xd9\x11\x92\x24\x49\x52\x82\
\x3b\x80\x73\xb2\x23\x54\xc5\x6d\x01\x4b\xb3\x23\x24\x69\xd0\x39\
\x36\x48\x52\x9f\x05\x3c\x00\x5c\x98\xdd\x51\xc1\xe3\x05\xd6\x67\
\x47\x48\x92\x24\x49\xb5\x05\xac\x04\x3e\x99\xdd\xa1\xaa\xf6\x06\
\xcc\xc9\x8e\x90\xa4\x41\xe6\xd8\x20\x49\x7d\x14\x70\x3d\x70\x65\
\x76\x47\x05\x7f\xa2\xb9\xfc\x5a\x92\x24\x49\x1a\x29\xbd\xe3\x93\
\x76\x66\x77\xa8\xba\x79\xc0\xee\xec\x08\x49\x1a\x64\x8e\x0d\x92\
\xd4\x27\x01\x97\x00\x5b\xb3\x3b\x2a\x78\x0e\x58\x55\xe0\xf9\xec\
\x10\x49\x92\x24\x29\xc1\x56\x46\xe3\xc8\x54\xfd\xbf\x15\x01\x37\
\x65\x47\x48\xd2\xa0\x72\x6c\x90\xa4\x3e\x08\x58\x04\xec\xc9\xee\
\xa8\x64\x6d\x81\x3f\x66\x47\x48\x92\x24\x49\xb5\xf5\x8e\x4f\xfa\
\x44\x76\x87\x52\xdd\x1c\xb0\x22\x3b\x42\x92\x06\x91\x63\x83\x24\
\x4d\x53\xc0\x4c\xe0\x11\x60\x56\x76\x4b\x05\xeb\x0b\x3c\x9e\x1d\
\x21\x49\x92\x24\xd5\xe6\xf1\x49\x9a\x60\x77\x34\xc7\x2a\x49\x92\
\x26\x70\x6c\x90\xa4\xe9\xdb\x03\xbc\x31\x3b\xa2\x82\x2f\x16\x78\
\x30\x3b\x42\x92\x24\x49\x4a\x72\x17\x1e\x9f\xa4\xc6\x1c\x60\x6f\
\x76\x84\x24\x0d\x1a\xc7\x06\x49\x9a\x86\x80\xdb\x80\x4b\xb3\x3b\
\x2a\xd8\x51\xe0\xf6\xec\x08\x49\x92\x24\x29\x43\xef\xf8\xa4\x8f\
\x65\x77\x68\xa0\x2c\x0d\xd8\x92\x1d\x21\x49\x83\xc4\xb1\x41\x92\
\xa6\x28\xe0\x03\xc0\x8d\xd9\x1d\x15\x3c\x5a\x60\x43\x76\x84\x24\
\x49\x92\x94\x21\x9a\xe3\x52\xbf\x9b\xdd\xa1\x81\xb4\x39\x60\x55\
\x76\x84\x24\x0d\x0a\xc7\x06\x49\x9a\x82\x80\xb7\x01\xdb\xb3\x3b\
\x2a\x38\x08\x5c\x99\x1d\x21\x49\x92\x24\x25\xfa\x06\xb0\x20\x3b\
\x42\x03\x6b\x2c\xe0\xac\xec\x08\x49\x1a\x04\x8e\x0d\x92\x74\x8a\
\x02\x66\x03\x0f\x03\xaf\xce\x6e\x69\xd9\xf3\xc0\xea\x02\xff\xcc\
\x0e\x91\x24\x49\x92\x32\x04\x5c\x06\x7c\x24\xbb\x43\x03\x6d\x2e\
\xb0\x2b\x3b\x42\x92\x06\x81\x63\x83\x24\x9d\xba\xdd\xc0\xeb\xb3\
\x23\x2a\x58\x5b\xe0\x50\x76\x84\x24\x49\x92\x94\x21\xe0\x4c\xe0\
\xdb\xd9\x1d\xea\x84\x77\x07\x6c\xce\x8e\x90\xa4\x6c\x8e\x0d\x92\
\x74\x0a\x7a\x17\x42\x5f\x92\xdd\x51\xc1\xd5\x05\xc6\xb3\x23\x24\
\x49\x92\xa4\x44\xf7\x01\xf3\xb3\x23\xd4\x19\x5b\x02\x96\x66\x47\
\x48\x52\x26\xc7\x06\x49\x9a\xa4\x80\xf5\x8c\xc6\x85\xd0\xb7\x16\
\x18\xcb\x8e\x90\x24\x49\x92\xb2\x04\x5c\x03\x5c\x9e\xdd\xa1\xce\
\x19\xeb\x3d\x11\x23\x49\x23\xc9\xb1\x41\x92\x26\x21\xe0\x3c\x60\
\x67\x76\x47\x05\xfb\x8a\x8f\xff\x4a\x92\x24\x69\x84\x05\x9c\x0d\
\x7c\x33\xbb\x43\x9d\xb4\x90\xd1\x78\xdf\x28\x49\xc7\xe5\xd8\x20\
\x49\x27\xd1\xbb\x10\x7a\x1f\x70\x7a\x76\x4b\xcb\x9e\x00\xae\xca\
\x8e\x90\x24\x49\x92\x92\x8d\x01\xb3\xb2\x23\xd4\x59\x6b\x03\xae\
\xcd\x8e\x90\xa4\x0c\x8e\x0d\x92\x74\x72\x7b\x80\xc5\xd9\x11\x2d\
\x7b\x16\xb8\xb4\xc0\x4b\xd9\x21\x92\x24\x49\x52\x96\x80\x8d\xc0\
\x7b\xb2\x3b\xd4\x79\xdb\x02\xce\xcf\x8e\x90\xa4\xda\x1c\x1b\x24\
\xe9\x15\x04\xdc\x0c\xac\xca\xee\xa8\x60\x4d\x69\x06\x07\x49\x92\
\x24\x69\x24\x05\xbc\x19\xd8\x96\xdd\xa1\xa1\xf0\x2a\x60\x57\x34\
\x5f\x25\x69\x64\x38\x36\x48\xd2\x09\x04\xac\x01\x6e\xca\xee\xa8\
\xe0\x9a\x02\xbf\xcd\x8e\x90\x24\x49\x92\x92\x7d\x3f\x3b\x40\x43\
\xe5\x2d\xc0\xd7\xb3\x23\x24\xa9\x26\xc7\x06\x49\x3a\x8e\x80\x05\
\xc0\xfd\xd9\x1d\x15\xdc\x55\x7c\x53\x25\x49\x92\xa4\x11\x17\xb0\
\x05\x78\x47\x76\x87\x86\xce\x75\x01\x57\x64\x47\x48\x52\x2d\x8e\
\x0d\x92\x74\x7c\x63\xc0\x6b\xb2\x23\x5a\xf6\xd3\x02\x9f\xcd\x8e\
\x90\x24\x49\x92\x32\x05\x2c\x01\x36\x67\x77\x68\x68\xdd\x1b\x30\
\x3f\x3b\x42\x92\x6a\x70\x6c\x90\xa4\xff\xd1\xbb\xa7\x61\x59\x76\
\x47\xcb\x8e\x00\xeb\xb3\x23\x24\x49\x92\xa4\x4c\x01\x33\x80\xef\
\x65\x77\x68\xa8\x9d\x09\x7c\x2b\x3b\x42\x92\x6a\x70\x6c\x90\xa4\
\x09\x02\x96\x32\x1a\xf7\x34\xac\x2d\xf0\x5c\x76\x84\x24\x49\x92\
\x94\xec\x4e\xe0\xdc\xec\x08\x0d\xbd\xb5\x01\x1b\xb2\x23\x24\xa9\
\x6d\x8e\x0d\x92\xd4\x13\x30\x07\xd8\x9b\xdd\x51\xc1\x07\xbd\x10\
\x5a\x92\x24\x49\xa3\x2e\x60\x35\x70\x6d\x76\x87\x46\xc6\xb6\xde\
\xdd\x80\x92\x34\xb4\x1c\x1b\x24\xe9\xbf\x76\x03\xf3\xb2\x23\x5a\
\x76\x77\x81\x5d\xd9\x11\x92\x24\x49\x52\xa6\x68\x8e\xb6\xf1\xf8\
\x24\xd5\x34\x1b\xd8\x91\x1d\x21\x49\x6d\x72\x6c\x90\x24\x20\x60\
\x13\xb0\x22\xbb\xa3\x65\x3f\x2b\xf0\x99\xec\x08\x49\x92\x24\x69\
\x00\xdc\x07\xbc\x36\x3b\xa2\x83\x8e\x01\xfb\xb3\x23\x3a\xec\xe2\
\x80\x8f\x66\x47\x48\x52\x5b\x1c\x1b\x24\x8d\xbc\x80\x0b\x68\xce\
\x6a\x1d\x66\x87\x81\x2b\xb2\x23\x24\x49\x92\xa4\x6c\x01\x1f\x06\
\x2e\xcf\xee\xe8\xa8\x8d\xc0\x65\xc0\x91\xec\x90\x0e\xdb\x16\xf0\
\xba\xec\x08\x49\x6a\x83\x63\x83\xa4\x91\x16\x70\x06\xcd\xf1\x49\
\xc3\x6e\x5d\x81\xa3\xd9\x11\x92\x24\x49\x52\xa6\x80\x85\xc0\xdd\
\xd9\x1d\x1d\xf5\x93\x02\xdb\x0b\x1c\x02\xde\x0b\xbc\x98\x1d\xd4\
\x51\x67\x00\xdf\xc9\x8e\x90\xa4\x36\x38\x36\x48\x1a\x75\x3b\x81\
\x73\xb2\x23\x5a\x76\x43\x81\x5f\x67\x47\x48\x92\x24\x49\x03\xe0\
\x01\x60\x56\x76\x44\x07\xbd\x08\x7c\xe8\xe5\xff\x14\x78\x02\x9f\
\x0e\x99\x8e\x8b\x03\x3e\x9e\x1d\x21\x49\xfd\x76\x5a\x76\x80\x24\
\x65\x09\xd8\x00\xac\xcb\xee\x68\xd9\xc3\x65\xf8\x8f\x88\x92\xd4\
\x58\xb4\x24\xe6\x7e\x19\x78\x09\x78\x61\xc2\xeb\x1f\xbd\xd7\x91\
\xf1\x72\xf4\x70\x62\x9f\x24\x49\xa9\x7a\xf7\xb4\xbd\x33\xbb\xa3\
\xa3\x3e\x5f\xe0\x2f\x13\xbf\x51\xe0\xb1\xde\x07\xe6\xf7\x26\x35\
\x75\xdd\xd6\x80\x47\x0a\x3c\x93\x1d\x22\x49\xfd\x52\xb2\x03\x24\
\x29\x43\xc0\x22\xe0\x49\x60\x46\x76\x4b\x8b\x0e\x03\xe7\x17\xf8\
\x7b\x76\x88\x34\x2c\x96\xc4\xdc\x4d\x74\x7f\xc0\xfb\x1b\xcd\x39\
\xcb\x2f\xbf\x0e\x03\xcf\xf6\xfe\x7d\x08\x78\x72\xbc\x1c\xfd\x57\
\x5e\x9e\x24\x49\xfd\x17\xf0\x26\xe0\xa9\xec\x8e\x8e\xfa\x45\x81\
\x77\x9d\xe8\x87\x01\x5b\x81\xeb\x2b\xf6\x0c\x93\x9f\x17\x58\x96\
\x1d\x21\x49\xfd\xe2\xd8\x20\x69\x24\x05\xfc\x12\xb8\x28\xbb\xa3\
\x65\x17\x15\xf8\x55\x76\x84\x34\x4c\x86\x64\x6c\x98\x8c\x23\xc0\
\x41\xe0\x0f\x34\x1f\xcc\x1c\x04\x0e\x8e\x97\xa3\x87\x52\xab\x24\
\x49\x9a\xa2\x80\xdf\x01\x6f\xcf\xee\xe8\xa8\xc5\x05\x9e\x7e\xa5\
\x5f\x08\xf8\x11\xb0\xba\x52\xcf\xb0\xf9\x54\x81\x7b\xb2\x23\x24\
\xa9\x1f\x3c\x46\x49\xd2\xc8\x09\xb8\x85\xe1\x1f\x1a\x36\x3a\x34\
\x48\x9a\x86\xb3\x7b\xaf\x95\x13\xbf\xb9\x24\xe6\xbe\x00\x1c\xa0\
\x19\x1f\xf6\x03\xbf\x07\x0e\x8c\x97\xa3\x7f\xae\x5e\x28\x49\xd2\
\x24\x05\x7c\x05\x87\x86\xa9\xda\x74\xb2\xa1\xa1\xe7\x2a\xe0\x37\
\xc0\xb9\x2d\xf7\x0c\xa3\xdb\x03\x1e\x2a\xcd\xd3\xa6\x92\xd4\x69\
\xff\x01\x00\x00\xff\xff\xec\xdd\x5b\xb0\x5e\x65\x7d\x80\xf1\xe7\
\x75\x7a\x81\x60\x38\xd4\x55\x8c\x54\x81\xa1\x81\x48\x38\x84\x56\
\x0a\xac\x16\x2c\x36\x96\xa9\x62\x51\x6b\x94\x09\x05\x0c\x20\xb4\
\x33\x58\x0a\x13\xb0\xa0\x96\x29\x72\x21\x31\x8a\x0d\x05\x0a\xa5\
\x6d\x90\x94\x81\x11\x2c\x45\x08\xad\x1c\x4a\xc5\xe8\x07\xd2\x60\
\xc9\x20\x22\x16\xcb\x41\x8a\xe8\x67\x21\x33\x10\xb9\x7b\x7b\xb1\
\x36\x16\x11\xcc\xce\xde\x7b\x7d\xff\xf5\xae\xf5\xfc\x6e\x98\x09\
\xb3\xd7\x7a\x26\x33\x4c\x16\xf9\xbf\x07\x77\x36\x48\x1a\x94\x0c\
\x07\x03\x77\x47\x77\xb4\xec\xa6\x04\x47\x45\x47\x48\x7d\x53\xe7\
\x6a\x3e\xb0\x0a\x38\x36\xba\xa5\x83\x9e\x01\xd6\x03\x77\x01\x5f\
\x1b\xa5\xf1\x28\xb8\x47\x92\x24\x00\x72\x73\x47\x83\x7f\x2e\xcd\
\xcc\xbd\x69\x2b\x16\x69\x4d\x1d\x55\x75\x0f\xb0\x43\x7b\x49\xbd\
\x75\x5b\x72\x67\x88\xa4\x1e\x70\xd8\x20\x69\x30\x32\xcc\xa3\x59\
\x91\xfb\xe6\xe8\x96\x16\x3d\x46\x73\x4f\xc3\x73\xd1\x21\x52\x1f\
\xd4\xb9\x3a\x02\x78\x2f\xb0\x04\xd8\x2b\x38\xa7\x24\xcf\xd3\x1c\
\xa7\x70\x0b\xf0\x4f\xa3\x34\x7e\x26\xb8\x47\x92\x34\x40\xb9\xb9\
\x9f\xed\xdb\xf4\xfb\xfb\xbf\x4d\x0b\x12\x3c\xb2\x35\x3f\x90\x9b\
\x6f\xa6\xdb\x5b\xea\xe9\xbb\xe5\x09\x3e\x1f\x1d\x21\x49\xb3\xe1\
\xb0\x41\xd2\x60\x64\xb8\x1e\x78\x7f\x74\x47\xcb\x16\x27\xd8\x18\
\x1d\x21\x95\xac\xce\xd5\xde\xc0\x72\x9a\x1d\x0c\xbb\xc4\xd6\xf4\
\xc6\x57\x81\x3b\x80\x3b\x47\x69\x7c\x57\x74\x8c\x24\x69\x18\x32\
\x5c\x01\x7c\x38\xba\xa3\x50\xe7\x24\xb8\x60\x26\x3f\x98\x61\x05\
\xf0\x99\x39\xee\x19\x82\x4d\xc0\xc2\x04\x4f\x47\x87\x48\xd2\x4c\
\x39\x6c\x90\x34\x08\x19\x8e\x01\xae\x8e\xee\x68\xd9\xa9\x09\x2e\
\x8d\x8e\x90\x4a\x54\xe7\x6a\x1f\x9a\x1d\x0c\x4b\x81\x03\x82\x73\
\xfa\xee\x05\x9a\xe3\x96\xae\x03\xae\x1b\xa5\xf1\xa6\xe0\x1e\x49\
\x52\x0f\x65\x38\x12\xb8\x39\xba\xa3\x50\x1b\x12\x1c\x38\x9b\x07\
\x64\xb8\x0a\x38\x6e\x8e\x7a\x86\xe4\x86\x04\x7f\x18\x1d\x21\x49\
\x33\xe5\xb0\x41\x52\xef\xe5\x66\xdb\xf4\xb7\x68\x8e\x51\xea\xab\
\x5b\x52\xf3\x3f\x54\x92\xa6\xa9\xce\xd5\x22\x9a\x41\xe4\xd1\xc0\
\x82\xe0\x9c\x21\x5b\x07\x5c\x43\x73\xdc\xd2\x4f\xa2\x63\x24\x49\
\xe5\xcb\xb0\x13\xf0\x1d\xe0\x57\xa2\x5b\x0a\xb5\x28\x35\xc7\x4f\
\xcd\x4a\x6e\xee\x6f\x98\xf6\x9d\x0f\xfa\xa9\x0f\xa4\x66\x57\xbe\
\x24\x15\xc7\x61\x83\xa4\xde\xcb\xcd\xf1\x1d\x87\x46\x77\xb4\xe8\
\xfb\xc0\x7e\x09\x9e\x8d\x0e\x91\x4a\x50\xe7\xea\xf7\x69\xb6\xf7\
\xbf\x23\xba\x45\x3f\x63\x33\xf0\x25\x60\xcd\x28\x8d\x6f\x8d\x8e\
\x91\x24\x95\x2b\xc3\x8d\xc0\x51\xd1\x1d\x85\x3a\x2f\xc1\x5f\xce\
\xc5\x83\x32\xcc\x07\xbe\x49\xf3\x4f\x4d\xdf\x18\xd8\x2b\x81\x77\
\x5e\x49\x2a\x8e\xc3\x06\x49\xbd\x96\xe1\x2f\x80\x4f\x46\x77\xb4\
\xec\xb0\x04\xeb\xa3\x23\xa4\xae\xab\x73\x75\x12\xcd\x90\x61\xef\
\xe8\x16\x6d\xd1\x93\x34\xc7\x2f\xfc\xfd\x28\x8d\xb7\xea\x62\x4a\
\x49\xd2\xb0\x65\x38\x05\xb8\x3c\xba\xa3\x50\x0f\x26\xd8\x67\x2e\
\x1f\x98\xe1\x60\xe0\xee\xb9\x7c\xe6\x40\xac\x4d\x70\x7c\x74\x84\
\x24\x6d\x2d\x87\x0d\x92\x7a\x2b\xc3\x7e\xf4\xff\xb2\xe4\x73\x13\
\x9c\x1f\x1d\x21\x75\x55\x9d\xab\xed\x81\x53\x81\xd3\x70\x55\x5d\
\xa9\xfe\x0d\xb8\x6c\x94\xc6\xd7\x45\x87\x48\x92\xba\x2d\xc3\x9e\
\x34\xdf\xff\xdb\x44\xb7\x14\xea\x80\x04\xf7\xcf\xf5\x43\x73\xf3\
\x2d\x76\xf1\x5c\x3f\x77\x00\x8e\x48\x70\x5b\x74\x84\x24\x6d\x0d\
\x87\x0d\x92\x7a\x2b\xc3\x43\xc0\xc2\xe8\x8e\x16\xad\x4f\x70\x58\
\x74\x84\xd4\x45\x75\xae\xe6\x03\x1f\x07\x4e\x00\xb6\x0b\xce\xd1\
\xdc\x78\x1a\x58\x49\x33\x78\xf0\x6e\x07\x49\xd2\xcf\xc9\xf0\x00\
\x73\xbc\x32\x7f\x40\x56\x26\x38\xbb\xad\x87\x67\xb8\x0e\x58\xda\
\xd6\xf3\x7b\xea\x49\xe0\x2d\x09\x9e\x8b\x0e\x91\xa4\xe9\x72\xd8\
\x20\xa9\x97\x32\x5c\x08\x9c\x11\xdd\xd1\xa2\x4d\x34\x17\xb7\xfd\
\x4f\x74\x88\xd4\x25\x75\xae\xe6\x01\x7f\x4e\x73\x5c\x92\xab\x1a\
\xfb\xe9\x29\xe0\xfc\x51\x1a\xff\x4d\x74\x88\x24\xa9\x3b\x32\xac\
\xa6\xd9\xc9\xa8\xad\xf7\x5d\x60\xff\x04\x2f\xb4\xf5\x82\x0c\xdb\
\x02\xdf\xc0\x61\xd0\xd6\xba\x34\x35\x3b\x43\x24\xa9\x08\x0e\x1b\
\x24\xf5\x4e\x86\x43\x80\x51\x74\x47\xcb\x8e\x4c\x70\x4b\x74\x84\
\xd4\x25\x75\xae\x4e\xa7\xd9\xcd\x50\x45\xb7\x68\x22\x7e\x08\x5c\
\x02\x5c\x32\x4a\xe3\x1f\x47\xc7\x48\x92\xe2\x64\x58\x02\xdc\x1e\
\xdd\x51\xb0\x83\x12\xdc\xdb\xf6\x4b\x32\x2c\xa0\xb9\x30\xfa\x75\
\x6d\xbf\xab\x67\x0e\x4c\xb0\x21\x3a\x42\x92\xa6\xe3\x35\xd1\x01\
\x92\x34\x97\x32\x6c\x0f\x7c\x21\xba\xa3\x65\xab\x1d\x34\x48\xff\
\xaf\xce\xd5\x61\x75\xae\x1e\x06\x3e\x87\x83\x86\x21\xd9\x19\x38\
\x0f\x38\x31\x3a\x44\x92\x14\x27\x37\x77\x32\x5d\x1b\xdd\x51\xb0\
\xd5\x93\x18\x34\x00\x24\xf8\x2f\xe0\x98\x49\xbc\xab\x67\xae\x8c\
\x0e\x90\xa4\xe9\x72\xd8\x20\xa9\x6f\x56\x03\x6f\x8e\x8e\x68\xd1\
\xfd\x09\x4e\x8f\x8e\x90\xba\xa0\xce\xd5\x4e\x75\xae\xd6\x00\x77\
\xd1\x5c\x08\xa9\x61\xba\x39\x3a\x40\x92\x14\x6a\x2d\x2e\x36\x98\
\xa9\x47\x81\x8f\x4d\xf2\x85\x09\x6e\x02\x3e\x3d\xc9\x77\xf6\xc0\
\xbe\xb9\xc5\xfb\x34\x24\x69\x2e\x79\x8c\x92\xa4\xde\xc8\xf0\x07\
\xc0\x97\xa2\x3b\x5a\xf6\x96\x04\xdf\x89\x8e\x90\xa2\xd5\xb9\x3a\
\x01\x58\x05\xbc\x3e\xba\x45\xa1\x1e\x1b\xa5\xf1\xee\xd1\x11\x92\
\xa4\x18\x19\xce\xa4\xf9\x1e\xd0\xcc\x1c\x9a\xe0\x6b\x11\x2f\xce\
\x70\x27\x70\x78\xc4\xbb\x0b\xb6\x47\x82\xff\x8e\x8e\x90\xa4\x5f\
\xc4\x9d\x0d\x92\x7a\x21\x37\xab\x99\xfe\x21\xba\xa3\x65\x2b\x1c\
\x34\x68\xe8\xea\x5c\xbd\xb1\xce\xd5\x97\x69\xfe\x7b\x77\xd0\xa0\
\xbe\x0f\x98\x25\x49\xaf\x22\xc3\x5b\x71\xd0\x30\x1b\x97\x47\x0d\
\x1a\xa6\x7c\x10\xf8\x41\xe0\xfb\x4b\x74\x79\x74\x80\x24\x6d\x89\
\xc3\x06\x49\x7d\x71\x35\xfd\xde\x3e\x7d\x77\x82\x0b\xa3\x23\xa4\
\x48\x75\xae\x4e\x06\x1e\x02\x8e\x88\x6e\x51\x67\xac\x8b\x0e\x90\
\x24\x4d\x5e\x86\x6d\x81\xeb\xa3\x3b\x0a\xf6\x38\xb0\x22\x32\x20\
\xc1\x8f\x80\xa5\x91\x0d\x05\xfa\xbd\x0c\xcb\xa2\x23\x24\xe9\x17\
\xf1\x18\x25\x49\xc5\xcb\xb0\x1c\x58\x13\xdd\xd1\xa2\xe7\x81\xbd\
\x13\x3c\x11\x1d\x22\x45\xa8\x73\xb5\x03\x70\x0d\xf0\xce\xe8\x16\
\x75\xca\xe6\x51\x1a\x6f\x17\x1d\x21\x49\x9a\xbc\xdc\x7c\xfb\x2f\
\x8f\xee\x28\xd8\x6f\x27\xf8\x7a\x74\x04\x40\x86\x8f\x02\x2b\xa3\
\x3b\x0a\xf2\x63\x60\x41\x82\x67\xa3\x43\x24\xe9\x95\xb8\xb3\x41\
\x52\xd1\x32\xbc\x01\xf8\xeb\xe8\x8e\x96\x7d\xc4\x41\x83\x86\xaa\
\xce\xd5\xaf\x03\x1b\x71\xd0\xa0\x9f\x77\x6b\x74\x80\x24\x69\xf2\
\x32\xbc\x0f\x07\x0d\xb3\x71\x71\x57\x06\x0d\x00\xa9\xb9\x2c\xfa\
\x5f\xa3\x3b\x0a\xf2\x7a\xbc\x60\x5b\x52\x87\x39\x6c\x90\x54\xba\
\x4b\x80\xd7\x45\x47\xb4\xe8\xd6\x04\x57\x46\x47\x48\x11\xea\x5c\
\x9d\x06\xdc\x07\xec\x1a\xdd\xa2\x4e\xf2\x08\x25\x49\x1a\x98\x0c\
\x6f\x02\x3e\x1f\xdd\x51\xb0\xc7\x81\xb3\xa2\x23\x5e\xc1\x32\xe0\
\xc9\xe8\x88\x82\x9c\x9c\xa1\x8e\x8e\x90\xa4\x57\xe2\xb0\x41\x52\
\xb1\x32\xbc\x1b\x78\x7f\x74\x47\x8b\x9e\x01\x8e\x8d\x8e\x90\x22\
\xd4\xb9\xba\x16\x58\x1d\xdd\xa1\x4e\xfb\xe7\xe8\x00\x49\xd2\xc4\
\x7d\x11\x98\x17\x1d\x51\xb0\x65\x09\x5e\x88\x8e\x78\xb9\xa9\x23\
\x81\xde\x17\xdd\x51\x98\x3e\x1f\x23\x2c\xa9\x60\x0e\x1b\x24\x15\
\x29\x37\xbb\x19\x2e\x8b\xee\x68\xd9\x71\x53\x17\xa7\x49\x83\x51\
\xe7\x6a\xb7\x3a\x57\xff\x09\x1c\x1d\xdd\xa2\x4e\xbb\x6f\x94\xc6\
\xe3\xe8\x08\x49\xd2\xe4\x64\x38\x1f\x38\x28\xba\xa3\x60\x17\x76\
\xe9\xf8\xa4\x97\x4b\x70\x2f\xdd\xdc\x75\xd1\x55\x0b\x33\x9c\x13\
\x1d\x21\x49\x2f\xe7\xb0\x41\x52\xa9\x2e\x00\x7e\x35\x3a\xa2\x45\
\x6b\x92\x47\x84\x68\x60\xea\x5c\xbd\x0d\xb8\x1f\x58\x1c\xdd\xa2\
\xce\xbb\x39\x3a\x40\x92\x34\x39\x19\x0e\x05\x3e\x11\xdd\x51\xb0\
\x47\x80\x8f\x47\x47\x6c\x49\x82\xcf\xe0\xfd\x0d\x5b\xe3\x13\x19\
\x76\x89\x8e\x90\xa4\x97\x72\xd8\x20\xa9\x38\xb9\x59\xd1\x74\x6a\
\x74\x47\x8b\x9e\x00\xfe\x34\x3a\x42\x9a\xa4\x3a\x57\xef\x06\xbe\
\x02\xec\x10\xdd\xa2\x22\x38\x8c\x95\xa4\x81\xc8\xb0\x23\x70\x4d\
\x74\x47\xe1\x8e\xe9\xe2\xf1\x49\xaf\x62\x19\xcd\xdd\x12\xda\xb2\
\x6d\x81\x4f\x45\x47\x48\xd2\x4b\x39\x6c\x90\x54\xa2\x7f\x8c\x0e\
\x68\xd9\x09\x09\x9e\x8f\x8e\x90\x26\xa5\xce\xd5\x87\x80\x9b\xa2\
\x3b\x54\x8c\xf1\x28\x8d\xbf\x11\x1d\x21\x49\x9a\x98\xab\x69\x2e\
\x86\xd6\xcc\xac\x4c\x50\xcc\x9f\x9b\x53\xf7\x37\x2c\x8d\xee\x28\
\xc8\xf1\x19\x0e\x89\x8e\x90\xa4\x17\x39\x6c\x90\x54\x94\xdc\x6c\
\x9f\xde\x33\xba\xa3\x45\x57\x25\xb8\x23\x3a\x42\x9a\x94\x3a\x57\
\x7f\x06\x5c\x19\xdd\xa1\xa2\x78\x84\x92\x24\x0d\x44\x86\x53\x80\
\x77\x45\x77\x14\xec\xdb\x09\xce\x8e\x8e\xd8\x5a\x53\xf7\x37\x9c\
\x19\xdd\x51\x90\x8b\xa2\x03\x24\xe9\x45\x29\x3a\x40\x92\xa6\x2b\
\x37\x43\x86\x87\xa3\x3b\x5a\xf4\xbf\xc0\x1e\x09\x36\x45\x87\x48\
\x93\x50\xe7\xea\x64\xe0\x6f\xa3\x3b\x54\x9c\xa5\xa3\x34\xfe\x62\
\x74\x84\x24\xa9\x5d\x53\xdf\xfe\x1b\x81\x6d\xa2\x5b\x0a\xb6\x38\
\x35\xbf\x87\x45\xca\xf0\xef\xc0\xef\x44\x77\x14\xe2\xf8\x04\x6b\
\xa3\x23\x24\xc9\x9d\x0d\x92\x4a\xd2\xf7\x8f\xa7\x3f\x76\xd0\xa0\
\xa1\xa8\x73\x75\x34\x0e\x1a\x34\x33\xff\x12\x1d\x20\x49\x9a\x88\
\x1b\x70\xd0\x30\x1b\xe7\x97\x3c\x68\x98\xb2\x0c\x78\x26\x3a\xa2\
\x10\x17\xe4\xe6\x0e\x07\x49\x0a\xe5\xb0\x41\x52\x11\x32\x9c\x04\
\x1c\x1c\xdd\xd1\xa2\x75\x09\xae\x8f\x8e\x90\x26\xa1\xce\xd5\x7b\
\x80\x6b\xa3\x3b\x54\xa4\x3b\x46\x69\xbc\x39\x3a\x42\x92\xd4\xae\
\x0c\xab\x81\x7d\xa2\x3b\x0a\xf6\x50\x82\x73\xa3\x23\x66\x2b\xc1\
\x53\xc0\x87\xa2\x3b\x0a\xb1\x0b\xf0\xb1\xe8\x08\x49\xf2\x18\x25\
\x49\x9d\x97\xa1\x02\xbe\x0b\xec\x18\xdd\xd2\x92\x4d\xc0\x5e\x09\
\x7e\x18\x1d\x22\xb5\xad\xce\xd5\x41\xc0\x3d\xd1\x1d\x2a\xd6\x19\
\xa3\x34\xfe\xab\xe8\x08\x49\x52\x7b\x32\x2c\x01\x6e\x8f\xee\x28\
\x5c\xd1\xc7\x27\xbd\x5c\x86\x2b\x80\x0f\x47\x77\x14\x62\xf7\x04\
\x8f\x45\x47\x48\x1a\x2e\x77\x36\x48\x2a\xc1\x4a\xfa\x3b\x68\x00\
\x38\xc3\x41\x83\x86\xa0\xce\xd5\x42\xe0\xcb\xd1\x1d\x2a\xda\xba\
\xe8\x00\x49\x52\x7b\x32\xcc\xc7\xdd\x8f\xb3\x75\x6e\x9f\x06\x0d\
\x53\x4e\x07\xbe\x17\x1d\x51\x88\xcf\x46\x07\x48\x1a\x36\x77\x36\
\x48\xea\xb4\x0c\x07\x02\xf7\x46\x77\xb4\x68\x7d\x82\xc3\xa2\x23\
\xa4\xb6\xd5\xb9\x7a\x03\x70\x1f\xcd\x16\x6f\x69\x26\xbe\x37\x4a\
\xe3\x5f\x8b\x8e\x90\x24\xb5\x27\xc3\x57\x81\x43\xa3\x3b\x0a\xb6\
\x31\xc1\xe2\xe8\x88\x36\x64\xf8\x0d\x60\x43\x74\x47\x21\x0e\x4f\
\xf0\x95\xe8\x08\x49\xc3\xe4\xce\x06\x49\x5d\xf7\x77\xd1\x01\x2d\
\xda\x0c\x1c\x13\x1d\x21\xb5\xad\xce\xd5\x6b\x81\x5b\x71\xd0\xa0\
\xd9\xb9\x31\x3a\x40\x92\xd4\x9e\x0c\x67\xe2\xa0\x61\xb6\x96\x45\
\x07\xb4\x25\x35\x8b\x56\xbc\x93\x60\x7a\x2e\x8a\x0e\x90\x34\x5c\
\x0e\x1b\x24\x75\x56\x86\xd3\xe8\xe9\xca\x9c\x29\xe7\x24\x78\x22\
\x3a\x42\x9a\x80\x2f\x00\xfb\x47\x47\xa8\x78\x37\x47\x07\x48\x92\
\xda\x31\xb5\x6a\x7d\x55\x74\x47\xe1\xce\x4e\xf0\x60\x74\x44\x9b\
\x12\x7c\x0a\x58\x1f\xdd\x51\x80\xfd\x33\x9c\x14\x1d\x21\x69\x98\
\x3c\x46\x49\x52\x27\x4d\x9d\xd7\xfa\x30\x30\x2f\xba\xa5\x25\xff\
\x91\xe0\x37\xa3\x23\xa4\xb6\xd5\xb9\x3a\x0f\x38\x37\xba\x43\xc5\
\xdb\x3c\x4a\xe3\xed\xa2\x23\x24\x49\x73\x2f\x37\xdf\xfb\x1b\x81\
\xdd\x83\x53\x4a\x76\x4f\x82\x43\xa2\x23\x26\x21\xc3\x9b\x80\x6f\
\x01\xdb\x47\xb7\x74\xdc\x0f\x80\x3d\x12\xfc\x24\x3a\x44\xd2\xb0\
\xb8\xb3\x41\x52\x57\xad\xa2\xbf\x83\x06\x80\xe5\xd1\x01\x52\xdb\
\xea\x5c\x1d\x85\x83\x06\xcd\x8d\x5b\xa2\x03\x24\x49\xad\x59\x8b\
\x83\x86\xd9\xfa\xa3\xe8\x80\x49\x49\xf0\x7d\xe0\x23\xd1\x1d\x05\
\x98\x0f\x7c\x34\x3a\x42\xd2\xf0\x38\x6c\x90\xd4\x39\x19\x7e\x0b\
\x38\x36\xba\xa3\x45\x9f\x4d\xcd\x6a\x1c\xa9\xb7\xea\x5c\xcd\x07\
\xae\x8c\xee\x50\x6f\xac\x8b\x0e\x90\x24\xcd\xbd\x0c\x7f\x02\xbc\
\x27\xba\xa3\x70\x2b\x12\x3c\x12\x1d\x31\x49\xa9\x19\x50\xf9\x6d\
\xb0\x65\x67\x65\xd8\x39\x3a\x42\xd2\xb0\x78\x8c\x92\xa4\xce\xc9\
\xf0\x10\xb0\x30\xba\xa3\x25\x4f\x02\x7b\xba\x9d\x55\x7d\x57\xe7\
\xea\x76\x60\x49\x74\xc7\xc0\x3c\x41\x73\x11\xf7\x3c\x9a\xa3\x05\
\x76\x04\x76\x03\xde\x18\x19\x35\x47\xe6\x8f\xd2\xf8\xe9\xe8\x08\
\x49\xd2\xdc\xc9\xb0\x08\x17\xe0\xcc\xd6\x86\x04\x07\x46\x47\x44\
\x98\xfa\x4b\xf4\x87\x81\x1d\xa2\x5b\x3a\xee\x8a\x04\xa7\x44\x47\
\x48\x1a\x0e\x87\x0d\x92\x3a\x25\xc3\x99\xf4\xfb\x72\xb8\x23\x12\
\xdc\x16\x1d\x21\xb5\xa9\xce\xd5\x19\xc0\x85\xd1\x1d\x03\x74\xe7\
\x28\x8d\x7f\xf7\x95\xfe\x45\x9d\xab\xdd\x69\xce\x38\x5e\x04\xec\
\x0d\x2c\x06\x0e\x00\x76\x9a\x58\xdd\xcc\xdd\x33\x4a\xe3\x41\x9c\
\x43\x2d\x49\x43\x91\x61\x5b\xe0\x7e\x60\x41\x74\x4b\xc1\x5e\x00\
\xf6\x1d\xda\xae\x86\x97\xca\x70\x1c\x70\x55\x74\x47\x01\xf6\x4b\
\xf0\x40\x74\x84\xa4\x61\xf8\xa5\xe8\x00\x49\x7a\xd1\xd4\xa5\xd0\
\x9f\x8c\xee\x68\xd1\xf5\x0e\x1a\xd4\x77\x75\xae\x76\xc5\x41\x43\
\xe7\x8c\xd2\xf8\x51\xe0\x51\x60\xfd\x4b\x7f\xbd\xce\xd5\x8b\xbb\
\x1f\x76\x03\x76\xa5\x19\x46\x1c\x4e\x33\x90\xe8\x0a\x8f\x49\x90\
\xa4\xfe\x59\x83\x83\x86\xd9\x3a\x6b\xc8\x83\x06\x68\x8e\x53\xca\
\x70\x34\x70\x64\x74\x4b\xc7\x7d\x1a\x78\x57\x74\x84\xa4\x61\x70\
\xd8\x20\xa9\x4b\x56\x01\xaf\x8d\x8e\x68\xc9\x73\x78\x91\x99\x86\
\xe1\xb2\xe8\x00\x4d\xdf\x28\x8d\x9f\x05\x9e\xa5\x59\x5d\xfa\x53\
\x75\xae\x76\x06\xde\x4e\x73\x87\xce\x5b\x69\x76\x41\x6c\x37\xf1\
\xc0\x86\xc3\x06\x49\xea\x91\x0c\x27\x02\x1f\x8c\xee\x28\xdc\xd7\
\x13\x5c\x1c\x1d\xd1\x11\x27\xe2\x71\x4a\x5b\xf2\xce\x0c\x6f\x4f\
\x70\x67\x74\x88\xa4\xfe\xf3\x18\x25\x49\x9d\x90\xe1\x60\xe0\xee\
\xe8\x8e\x16\x9d\x9a\xe0\xd2\xe8\x08\xa9\x4d\x75\xae\xde\x0b\xdc\
\x10\xdd\x31\x60\xaf\x7a\x8c\xd2\x5c\xa8\x73\xb5\x08\x78\x1b\xcd\
\x5d\x1c\x4b\x98\xcc\x11\x4c\x4f\x8d\xd2\x78\x97\x09\xbc\x47\x92\
\x34\x01\x53\xf7\x34\x6c\x00\xb6\x89\x6e\x29\xd8\xf3\xc0\xa2\x04\
\x8f\x47\x87\x74\x85\xc7\x29\x4d\xcb\x03\x09\xf6\x8b\x8e\x90\xd4\
\x7f\xaf\x89\x0e\x90\xa4\x29\x7d\x5e\x0d\xfd\x4d\x07\x0d\x1a\x88\
\x8b\xa2\x03\xd4\x9e\x51\x1a\x3f\x38\x4a\xe3\xcb\x46\x69\xfc\x81\
\x51\x1a\xff\x32\xcd\xae\x87\xcf\x01\x3f\x6a\xf1\xb5\xee\x6a\x90\
\xa4\x9e\x98\xba\xa7\xe1\x46\x1c\x34\xcc\xd6\x0a\x07\x0d\x3f\x2b\
\xc1\x5a\xfc\x66\xd8\x92\x7d\x33\x2c\x8f\x8e\x90\xd4\x7f\xff\x07\
\x00\x00\xff\xff\xec\xdd\x6b\xac\x66\x55\x7d\xc7\xf1\xef\x7a\x27\
\x74\xaa\x54\x4f\x00\x8b\x06\xa4\x8d\xf4\x92\xa8\x30\x58\x7b\xd4\
\x34\xa4\x6a\x8b\x55\x6a\x94\x52\x4c\x60\x1c\xb0\x32\x48\x40\xa9\
\x0c\x0e\x4c\x51\x10\xa6\xea\x60\xc5\x0b\x5e\x1b\x49\xd5\x52\xa9\
\x45\x71\x50\x2e\x6a\xad\x90\x78\x61\x5b\x2f\xa1\x6d\xd4\x0a\x5e\
\xa8\x11\x52\xb4\x3b\x72\xaf\xb6\x8d\x59\x7d\xf1\x9c\x48\x2d\x33\
\xc8\x39\xcf\xde\xcf\x6f\xef\x7d\xbe\x9f\xd7\x33\x67\xbe\x33\x21\
\xe1\x9c\xe7\xbf\xd6\xfa\x3b\x6c\x90\x14\x57\xe1\x78\x66\x4f\x74\
\x4c\xd5\x09\xe9\x00\xa9\x6f\xcb\x75\xe9\x1c\xe0\xb1\xe9\x0e\x2d\
\x4e\x53\xda\xa6\x29\xed\x19\x4d\x69\xf7\x05\x7e\x1f\xb8\x04\xb8\
\xa3\xe3\x3f\xe6\xea\x8e\xbf\x9e\x24\x29\xe7\x1d\xb8\xa7\x61\x5e\
\xd7\x15\xf8\xcb\x74\xc4\x40\x9d\x04\xdc\x9d\x8e\x18\xb8\xd7\x56\
\x87\x7d\x92\x7a\xe6\xb0\x41\x52\xd4\xca\x09\xa7\x0b\xd3\x1d\x3d\
\x7a\x4b\x81\x7f\x49\x47\x48\x7d\x5a\xae\x4b\xfb\x01\xe7\xa4\x3b\
\x94\xd3\x94\xf6\xef\x9b\xd2\x9e\xb4\x72\xe3\xe1\xe9\xcc\x96\x84\
\x77\x31\x78\xf8\x87\x0e\xbe\x86\x24\x29\x6c\xe5\x70\xd1\x09\xe9\
\x8e\x91\xbb\x17\xd8\x9c\x8e\x18\xaa\x02\xff\x8e\x3b\xf2\x7e\x9e\
\x5f\x06\xce\x48\x47\x48\x9a\x36\x87\x0d\x92\xd2\xce\x62\xf6\x4d\
\xcf\x14\xb5\xc0\xb9\xe9\x08\x69\x01\x76\x30\xdd\xe5\xee\xff\x57\
\x0b\x5c\x9e\x8e\x18\xba\xa6\xb4\x9f\x6f\x4a\xbb\x75\x65\xf0\x70\
\x3c\x70\xc3\x1a\xbf\xd4\x27\x9b\xd2\xde\xd7\x61\x9a\x24\x29\xa0\
\xce\x6e\x33\x78\x1a\x7f\x7e\x27\x14\xb8\x35\x1d\x31\x64\x2b\xcf\
\x29\x7d\x2a\xdd\x31\x70\xdb\xaa\xcb\xb4\x25\xf5\xc8\x61\x83\xa4\
\x98\x0a\x8f\x66\xda\x1f\xc6\x9f\x5e\xe0\x9e\x74\x84\xd4\xa7\xe5\
\xba\xf4\x78\x66\xd7\xd6\xa7\xee\x7d\xc0\x21\xc0\x3f\x86\x3b\x46\
\xa5\x29\xed\x07\x9a\xd2\x3e\x0d\x38\x0c\x78\xef\x2a\x7f\xbb\x4f\
\x28\x49\xd2\xc8\xad\x3c\xd9\xf2\x51\x66\xb7\x99\xb5\x76\x97\x16\
\xb8\x22\x1d\x31\x12\x27\x02\x3f\x4a\x47\x0c\xd8\x23\xf0\x46\xb2\
\xa4\x1e\x39\x6c\x90\x94\xf4\xa6\x74\x40\x8f\x6e\x28\x70\x59\x3a\
\x42\x5a\x80\x6d\xe9\x80\x9e\x7d\x17\xf8\xdd\xa6\xb4\x27\x36\xa5\
\xfd\x61\x3a\x66\xac\x9a\xd2\xde\xd8\x94\xf6\xc5\xc0\xbe\xc0\x4e\
\xe0\xae\x87\xf0\xdb\x76\xf5\x5b\x25\x49\x5a\x80\xb7\x02\xbf\x91\
\x8e\x18\xb9\xef\x01\xa7\xa6\x23\xc6\xa2\xc0\x6d\xc0\xd9\xe9\x8e\
\x81\x7b\x59\x85\xfd\xd3\x11\x92\xa6\xc9\x61\x83\xa4\x88\x0a\x4f\
\x01\x5e\x98\xee\xe8\xd1\x8b\xd3\x01\x52\xdf\x96\xeb\xd2\x01\xc0\
\x9f\xa4\x3b\x7a\x74\x1d\xf0\x84\xa6\xb4\xd7\xa7\x43\xa6\xa2\x29\
\xed\x7f\x34\xa5\xdd\x0e\x3c\x06\x78\x39\x70\xf3\x1e\x7e\xe9\xd7\
\x9b\xd2\xde\xb6\xb8\x32\x49\x52\xd7\x2a\xfc\x31\xb0\x25\xdd\x31\
\x01\xc7\x78\x5b\x7a\x75\x0a\x5c\x8c\xb7\x51\x1f\xcc\xc3\x80\xf3\
\xd3\x11\x92\xa6\xc9\x61\x83\xa4\x94\x77\xa7\x03\x7a\xf4\xc6\x02\
\x37\xa5\x23\xa4\x05\xd8\x9a\x0e\xe8\xd1\xfb\x9a\xd2\x3e\xa3\x29\
\xed\xdd\xe9\x90\x29\x6a\x4a\x7b\x6f\x53\xda\xb7\x35\xa5\x3d\x04\
\x78\x26\xf0\x95\xff\xf7\x4b\xae\x09\x64\x49\x92\x3a\x52\xe1\x20\
\x56\xff\x7c\x9e\x1e\x68\x47\xf1\x43\xf3\xb5\xda\x94\x0e\x18\xb8\
\x2d\x15\x0e\x4e\x47\x48\x9a\x1e\x87\x0d\x92\x16\xae\xc2\x66\xe0\
\x49\xe9\x8e\x9e\xdc\xce\xb4\xf7\x50\x48\x00\x2c\xd7\xa5\x7d\x80\
\x93\xd3\x1d\x3d\x39\xa7\x29\xed\x89\xe9\x88\xf5\xa2\x29\xed\xa7\
\x9b\xd2\x1e\x0e\x1c\xcb\xfd\x37\x1d\xdc\xd7\x20\x49\xe3\x76\x25\
\xee\x69\x98\xd7\x8d\xc5\x9f\x2b\xd6\xac\xc0\x37\x81\xd7\xa4\x3b\
\x06\xee\x75\xe9\x00\x49\xd3\xe3\xb0\x41\xd2\x42\xd5\xd9\x0f\x1d\
\x3b\xd3\x1d\x3d\x3a\xbd\xb8\x90\x4c\xeb\xc3\x09\x4c\xf3\x43\x84\
\x53\x9a\xd2\xfa\x83\x57\x40\x53\xda\xcb\x57\x6e\x3a\x1c\xd5\x94\
\xf6\x33\xe9\x1e\x49\xd2\xda\x54\x78\x3b\xf0\xc4\x74\xc7\xc8\xfd\
\x27\x70\x4c\x3a\x62\xec\xca\xec\xa9\xa0\x7f\x4d\x77\x0c\xd8\xb1\
\x15\x0e\x4d\x47\x48\x9a\x16\x87\x0d\x92\x16\x6d\x2b\xd3\x5d\x46\
\x75\x43\x81\xcb\xd3\x11\xd2\x82\x9c\x96\x0e\xe8\xc1\x96\xa6\xb4\
\x53\x7e\xe2\x6d\x14\x9a\xd2\x7a\xab\x41\x92\x46\xaa\xc2\xf3\x70\
\x99\x71\x17\x4e\x2b\xf0\xed\x74\xc4\x44\x78\x5b\xf5\xc1\x79\xc8\
\x46\x52\xa7\x1c\x36\x48\x5a\x98\x0a\xfb\x01\xdb\xd3\x1d\x3d\x72\
\x29\xb4\xd6\x85\xe5\xba\x74\x24\xf0\x2b\xe9\x8e\x8e\x6d\x6e\x4a\
\xfb\x9e\x74\x84\x24\x49\x63\xb5\xb2\xa7\xe1\x6f\xd2\x1d\x13\xb0\
\xab\xb8\xef\xa2\x33\x2b\x3b\x2f\x2e\x4e\x77\x0c\xd8\x91\x15\x8e\
\x48\x47\x48\x9a\x0e\x87\x0d\x92\x16\xe9\x3c\x60\xaf\x74\x44\x4f\
\xde\xe6\x52\x68\xad\x23\x2f\x4d\x07\x74\xec\x75\x4d\x69\xff\x3a\
\x1d\x21\x49\xd2\xc8\x7d\x18\xd8\x90\x8e\x18\xb9\xdb\xf0\x00\x53\
\x1f\xb6\x33\xfb\xb7\xd5\xee\xbd\x21\x1d\x20\x69\x3a\x1c\x36\x48\
\x5a\x88\x0a\xbf\x06\x9c\x92\xee\xe8\xc9\x5d\xcc\x06\x29\xd2\xe4\
\xad\x2c\x86\x7e\x5e\xba\xa3\x43\x5f\x6a\x4a\x7b\x4e\x3a\x42\x92\
\xa4\x31\xab\xf0\x26\x60\x63\xba\x63\x02\x36\x15\xb8\x33\x1d\x31\
\x35\x65\xb6\x03\xe3\xf4\x74\xc7\x80\x3d\xb9\xc2\x1f\xa6\x23\x24\
\x4d\x83\xc3\x06\x49\x8b\x72\x61\x3a\xa0\x47\x3b\x0a\xdc\x91\x8e\
\x90\x16\xe4\xf8\x74\x40\x87\xee\x04\x9e\x9f\x8e\x90\x24\x69\xcc\
\x2a\x1c\x09\xbc\x22\xdd\x31\x01\x6f\x2c\x70\x7d\x3a\x62\xaa\x0a\
\x5c\x01\x7c\x3a\xdd\x31\x60\xee\x6e\x90\xd4\x09\x87\x0d\x92\x7a\
\x57\xe1\xb7\x99\xee\x49\x89\xef\x16\xb8\x28\x1d\x21\x2d\xd0\xe6\
\x74\x40\x87\x36\x35\xa5\xf5\x4a\xbd\x24\x49\x6b\x54\xe1\x00\xe0\
\x6f\xd3\x1d\x13\xf0\xd5\x02\xaf\x4c\x47\xac\x03\x5b\xd2\x01\x03\
\xf6\x9b\xde\x6e\x90\xd4\x05\x87\x0d\x92\x16\xe1\x9d\xe9\x80\x1e\
\x6d\x4d\x07\x48\x8b\xb2\x5c\x97\x0e\x06\x0e\x4f\x77\x74\xe4\xd2\
\xa6\xb4\x57\xa7\x23\x24\x49\x1a\xb9\x5d\xc0\x3e\xe9\x88\x91\xfb\
\x31\x70\x74\x3a\x62\x3d\x28\xf0\x1d\xe0\xcf\xd3\x1d\x03\xe6\xd3\
\xc0\x92\xe6\xe6\xb0\x41\x52\xaf\x2a\x1c\x0b\x1c\x9a\xee\xe8\xc9\
\x17\x56\xae\xe3\x4a\xeb\xc5\x51\xe9\x80\x8e\xfc\x00\x38\x2d\x1d\
\x21\x49\xd2\x98\xd5\xd9\x33\xa9\x4f\x4e\x77\x4c\xc0\xd6\x02\x37\
\xa7\x23\xd6\x8b\x02\xaf\x06\xbe\x97\xee\x18\xa8\xc3\x2a\x3c\x27\
\x1d\x21\x69\xdc\x1c\x36\x48\xea\xdb\x94\x77\x35\xf8\x61\xa5\xd6\
\x9b\x3f\x48\x07\x74\xe4\x25\x4d\x69\xef\x4e\x47\x48\x92\x34\x56\
\x15\x9e\x0d\x6c\x4b\x77\x4c\xc0\x27\xca\xb4\x6f\x81\x0f\xd5\xa9\
\xe9\x80\x01\x3b\x3f\x1d\x20\x69\xdc\x1c\x36\x48\xea\x4d\x9d\x2d\
\x8a\x3b\x30\xdd\xd1\x93\xcb\x0a\x7c\x25\x1d\x21\x2d\xca\x72\x5d\
\xda\x1b\xf8\xbd\x74\x47\x07\xbe\xdc\x94\xf6\xaa\x74\x84\x24\x49\
\x63\xb5\xb2\xa7\xe1\xb2\x74\xc7\x04\xb4\xc0\xa6\x74\xc4\x7a\x54\
\xe0\x2a\xe0\xda\x74\xc7\x40\x6d\x5c\x59\xfa\x2e\x49\x6b\xe2\xb0\
\x41\x52\x2f\x2a\x3c\x02\x78\x55\xba\xa3\x47\x67\xa7\x03\xa4\x05\
\x7b\x56\x3a\xa0\x23\xaf\x4d\x07\x48\x92\x34\x72\x1f\xc1\x3d\x0d\
\x5d\x78\x51\x99\x0d\x1c\x94\xe1\xed\x86\x3d\xdb\x91\x0e\x90\x34\
\x5e\x0e\x1b\x24\xf5\x65\x2b\xf0\xc8\x74\x44\x4f\x76\x16\xdf\xf9\
\xd4\xfa\x73\x44\x3a\xa0\x03\x37\x37\xa5\xbd\x32\x1d\x21\x49\xd2\
\x58\x55\x78\x33\xf0\x5b\xe9\x8e\x09\x78\x47\x81\x8f\xa7\x23\xd6\
\xb3\x02\xff\x86\x0b\x91\xf7\xe4\xf0\x3a\x9d\x83\x46\x92\x16\xcc\
\x61\x83\xa4\xce\x55\x78\x14\xb3\x27\x94\xa6\xe8\x6e\xa6\xbd\x87\
\x42\xda\x93\xdf\x49\x07\x74\xe0\x2f\xd2\x01\x92\x24\x8d\x55\x85\
\x17\x00\x7f\x9a\xee\x98\x80\x6f\x00\x67\xa6\x23\x04\x05\x2e\x00\
\x6e\x49\x77\x0c\x94\xbb\x1b\x24\xad\x89\xc3\x06\x49\x7d\xd8\x06\
\x6c\x48\x47\xf4\xe4\xf5\x05\xee\x4c\x47\x48\x8b\xb4\x5c\x97\x36\
\x00\x87\xa5\x3b\x3a\xf0\xc1\x74\x80\x24\x49\x63\x54\x67\x7b\xd8\
\xde\x9f\xee\x98\x88\x63\x0a\xfc\x38\x1d\xa1\x9f\x72\x80\xb6\x7b\
\xcb\x15\x9e\x91\x8e\x90\x34\x3e\x0e\x1b\x24\x75\xaa\xc2\xfe\xc0\
\xcb\xd3\x1d\x3d\xf9\x3e\xf0\x96\x74\x84\x14\xf0\xf4\x74\x40\x07\
\x3e\xd4\x94\xf6\xde\x74\x84\x24\x49\x23\xf5\x31\xa6\x7b\x98\x68\
\x91\xce\x2c\xf0\xd5\x74\x84\xee\x57\x66\xff\x6d\x7f\x2a\xdd\x31\
\x50\x17\xa4\x03\x24\x8d\x8f\xc3\x06\x49\x5d\xdb\x0e\x3c\x2c\x1d\
\xd1\x93\x0b\x3c\x85\xa4\x75\x6a\x63\x3a\xa0\x03\x97\xa6\x03\x24\
\x49\x1a\xa3\x0a\xef\x01\x9e\x90\xee\x98\x80\xeb\x0a\x5c\x94\x8e\
\xd0\x6e\x4d\xf5\xb0\xdc\xbc\x9e\x5a\xa7\xb1\xb7\x4d\xd2\x02\x39\
\x6c\x90\xd4\x99\x89\xdf\x6a\xb8\xb5\xc0\x3b\xd3\x11\x52\xc8\x13\
\xd3\x01\x73\xba\xaf\x29\xed\x55\xe9\x08\x49\x92\xc6\xa6\xc2\x1f\
\x01\x2f\x49\x77\x4c\xc0\x1d\xc0\x71\xe9\x08\xed\x5e\x99\xed\xd1\
\x78\x73\xba\x63\xa0\xb6\xa5\x03\x24\x8d\x8b\xc3\x06\x49\x5d\x7a\
\x4d\x3a\xa0\x47\x67\xa7\x03\xa4\xa0\xb1\x9f\x66\xfc\x6c\x3a\x40\
\x92\xa4\xb1\xa9\xf0\xeb\xb8\xa7\xa1\x2b\x9b\x0a\xdc\x9e\x8e\xd0\
\x83\x3a\x8f\xd9\x50\x48\x3f\xeb\xd9\x75\xfc\x3f\x0b\x48\x5a\x20\
\x87\x0d\x92\x3a\x51\xe1\xb1\xc0\xc9\xe9\x8e\x9e\xdc\x54\xe0\x03\
\xe9\x08\x29\xe8\x90\x74\xc0\x9c\xae\x4f\x07\x48\x92\x34\x26\x15\
\xf6\x66\xf6\x96\xfd\xde\xe9\x96\x09\xf8\xab\x02\xd7\xa4\x23\xf4\
\xe0\x0a\xdc\x83\xa7\xf8\xf7\xe4\xcc\x74\x80\xa4\xf1\x70\xd8\x20\
\xa9\x2b\x3b\xd2\x01\x3d\xf2\x9b\x2b\xad\x5b\xcb\x75\xe9\xd0\x74\
\x43\x07\x1c\x36\x48\x92\xb4\x3a\xef\x07\x7e\x35\x1d\x31\x01\xb7\
\x30\xdd\x67\x66\x27\xa7\xc0\x25\xc0\x3f\xa5\x3b\x06\x68\x53\x85\
\x03\xd2\x11\x92\xc6\xc1\x61\x83\xa4\xb9\x55\x78\x3c\xb0\x39\xdd\
\xd1\x93\x2f\x14\xb8\x3a\x1d\x21\x05\x3d\x2e\x1d\x30\xaf\xa6\xb4\
\x5f\x4a\x37\x48\x92\x34\x16\x15\x5e\xca\x6c\x57\x83\xe6\xf7\xc2\
\x02\xf7\xa5\x23\xb4\x2a\xa7\xa6\x03\x06\xca\x03\x78\x92\x1e\x12\
\x87\x0d\x92\xba\x70\x41\x3a\xa0\x47\xaf\x4c\x07\x48\x61\x63\x1f\
\x36\x7c\x2b\x1d\x20\x49\xd2\x58\xac\xbc\xcd\xfe\xae\x74\xc7\x44\
\x6c\x2f\xf0\xc5\x74\x84\x56\xa7\xc0\x0d\xf8\x84\xee\xee\x9c\x5c\
\xe1\x97\xd2\x11\x92\x86\xcf\x61\x83\xa4\xb9\xac\x2c\x8e\x3b\x36\
\xdd\xd1\x93\x4f\x16\xf8\x5c\x3a\x42\x0a\x3b\x28\x1d\x30\xa7\x9b\
\xd2\x01\x92\x24\x8d\x41\x85\x0d\xc0\x95\xe9\x8e\x89\xb8\xae\xc0\
\xce\x74\x84\xd6\xec\xac\x74\xc0\x00\xed\x05\x9c\x92\x8e\x90\x34\
\x7c\x0e\x1b\x24\xcd\x6b\x7b\x3a\xa0\x47\xe7\xa6\x03\xa4\x01\x18\
\xfb\xcd\x86\x6f\xa6\x03\x24\x49\x1a\x89\xcb\x18\xff\xff\xf7\x87\
\xe0\x4e\xe0\xb8\x74\x84\xd6\xae\xc0\x6d\xc0\xeb\xd3\x1d\x03\x74\
\x7a\x3a\x40\xd2\xf0\x39\x6c\x90\xb4\x66\x15\x0e\x04\x36\xa5\x3b\
\x7a\x72\xad\xd7\x9e\x25\x00\xf6\x4f\x07\xcc\xe9\xae\x74\x80\x24\
\x49\x43\x57\xe1\x0c\xe0\xa8\x74\xc7\x44\x1c\x57\xe0\xf6\x74\x84\
\xe6\x76\x21\xf0\xc3\x74\xc4\xc0\xec\x5b\x61\x4b\x3a\x42\xd2\xb0\
\x39\x6c\x90\x34\x8f\x3f\x4b\x07\xf4\x68\xca\x7f\x37\x69\x35\x96\
\xd2\x01\x73\xfa\x9f\x74\x80\x24\x49\x43\x56\x61\x23\x70\x51\xba\
\x63\x22\x2e\x2e\x70\x6d\x3a\x42\xf3\x2b\xb3\x03\x2b\x53\xde\x4d\
\xb8\x56\x67\xa7\x03\x24\x0d\x9b\xc3\x06\x49\x6b\x52\xe1\xd1\x4c\
\xf7\x54\xc3\x55\x05\xfe\x39\x1d\x21\x0d\xc4\x81\xe9\x80\x39\x39\
\x6c\x90\x24\x69\x0f\x2a\x3c\x0a\xf8\x68\xba\x63\x22\xbe\x56\x7c\
\x66\x66\x52\x0a\xbc\x15\xb8\x25\xdd\x31\x30\x8f\xab\xf0\x82\x74\
\x84\xa4\xe1\x72\xd8\x20\x69\xad\xb6\xa5\x03\x7a\x74\x5e\x3a\x40\
\x1a\x82\xe5\xba\xb4\x57\xba\xa1\x03\x3f\x49\x07\x48\x92\x34\x60\
\x1f\x04\x0e\x48\x47\x4c\xc4\xd1\xe9\x00\xf5\x62\xca\x3b\x0a\xd7\
\xca\x57\x00\x24\xed\x91\xc3\x06\x49\xab\x56\x67\xcf\xaa\x9c\x9c\
\xee\xe8\xc9\x95\x05\x6e\x4c\x47\x48\x03\xf1\x8b\xe9\x80\x0e\x4c\
\x61\x60\x22\x49\x52\xe7\x2a\xbc\x1a\x78\x66\xba\x63\x22\x4e\x2a\
\x70\x53\x3a\x42\xdd\x2b\xf0\x77\xc0\x97\xd3\x1d\x03\xb3\xb1\xc2\
\xd3\xd2\x11\x92\x86\xc9\x61\x83\xa4\xb5\x38\x83\xe9\x7e\x80\xe7\
\xc9\x15\xe9\x7e\xff\x9d\x0e\xe8\xc0\xde\xe9\x00\x49\x92\x86\xa6\
\xc2\x11\xf8\x1e\x7d\x57\x76\x15\xb8\x24\x1d\xa1\x5e\xbd\x22\x1d\
\x30\x40\x5b\xd3\x01\x92\x86\xc9\x61\x83\xa4\x55\xa9\xb0\x0f\xf0\
\xb2\x74\x47\x4f\xae\x28\xf0\x8d\x74\x84\x34\x20\xff\x95\x0e\xe8\
\xc0\x2f\xa4\x03\x24\x49\x1a\x92\x0a\xfb\x01\x1f\x4e\x77\x4c\xc4\
\xad\xc0\xe6\x74\x84\xfa\x55\xe0\x73\xc0\x35\xe9\x8e\x81\x79\x7e\
\x85\x83\xd3\x11\x92\x86\xc7\x61\x83\xa4\xd5\x3a\x0d\xd8\x90\x8e\
\xe8\xc9\xab\xd2\x01\xd2\x90\x34\xa5\xfd\x51\xba\xa1\x03\xde\x6c\
\x90\x24\xe9\x67\xed\x62\xb6\x18\x5a\xf3\x3b\xba\xc0\x3d\xe9\x08\
\x2d\x84\x27\xf9\x1f\xc8\x7f\x13\x49\x0f\xe0\xb0\x41\xd2\x43\x56\
\x67\x1f\xda\x4d\xf5\x0a\xe9\xe5\xde\x6a\x90\x26\xe9\xe1\xe9\x00\
\x49\x92\x86\xa2\xc2\x4e\x60\x39\xdd\x31\x11\xe7\x16\xf8\x62\x3a\
\x42\x8b\xb1\xb2\x93\xe3\xbd\xe9\x8e\x81\x39\xb1\xc2\x23\xd3\x11\
\x92\x86\xc5\x61\x83\xa4\xd5\x38\x85\xe9\x7e\x33\xb1\x23\x1d\x20\
\x0d\xd4\x5d\xe9\x80\x39\x1d\x94\x0e\x90\x24\x69\x08\x2a\x3c\x17\
\x38\x2b\xdd\x31\x11\x9f\x29\xfe\xfc\xb0\x1e\x9d\x9f\x0e\x18\x98\
\xbd\x98\x7d\x46\x20\x49\x3f\xf5\xbf\x00\x00\x00\xff\xff\xec\xdd\
\x49\xcc\x64\x55\x19\x87\xf1\xe7\x2c\x45\x64\xd0\x62\x92\x41\x63\
\x10\x05\x44\x45\xc4\x50\xe2\xc2\x09\x11\x35\x1a\x50\x30\x36\xd0\
\x4c\x61\x10\x91\x51\x30\x11\xe3\x02\x51\x51\x86\x06\x95\x21\xa1\
\xd5\x06\x24\x91\x51\x1a\x04\x05\x17\x2a\x10\xbe\x38\xa0\x09\x51\
\x91\x80\x26\xa8\x04\xd4\x4f\x83\x34\x0a\xbb\xe3\xa2\x3e\x0c\x22\
\x43\x43\xd7\xad\xff\xad\x73\x9f\xdf\xa6\x97\xf7\x59\x7c\x49\x57\
\xd5\x7b\xdf\x73\x1c\x36\x48\x7a\x3e\x5a\xfd\x72\x72\x7d\x81\x5f\
\xa7\x23\xa4\x9e\x7a\x34\x1d\xb0\x8e\xb6\x4d\x07\x48\x92\x94\x56\
\xe1\x15\xc0\x65\xe9\x8e\x46\x3c\x0c\x7c\x34\x1d\xa1\xd9\x2b\x70\
\x3f\x70\x51\xba\xa3\x67\x5a\xbd\xcf\x51\xd2\x0b\xe4\xb0\x41\xd2\
\x5a\xa9\x93\x8b\xcf\x36\x49\x77\x74\xe4\xb4\x74\x80\xd4\x63\xff\
\x4a\x07\xac\xa3\x97\x8e\xeb\x68\xa3\x74\x84\x24\x49\x61\xd7\x02\
\xfe\x7f\x38\x1d\x07\x17\x78\x28\x1d\xa1\x98\xd3\xd3\x01\x3d\xb3\
\x59\x85\x83\xd3\x11\x92\xfa\xc3\x61\x83\xa4\xb5\xf5\x99\x74\x40\
\x47\x7e\x58\xe0\xce\x74\x84\xd4\x63\xf3\xbe\xd9\x00\x6e\x37\x48\
\x92\x06\xac\xc2\xe5\xc0\x9b\xd2\x1d\x8d\xb8\xb0\xc0\xea\x74\x84\
\x72\x0a\x3c\x00\x7c\x2d\xdd\xd1\x33\xa7\xa4\x03\x24\xf5\x87\xc3\
\x06\x49\xcf\xa9\xc2\xfb\x80\xed\xd2\x1d\x1d\xf1\xcd\x14\xe9\xd9\
\xcd\xfb\x66\x03\xc0\xce\xe9\x00\x49\x92\x12\x2a\x1c\x09\x2c\x4b\
\x77\x34\xe2\x5e\xe0\xc4\x74\x84\x7a\xe1\x4b\xc0\x63\xe9\x88\x1e\
\xd9\xbe\xc2\x9e\xe9\x08\x49\xfd\xe0\xb0\x41\xd2\xda\x38\x39\x1d\
\xd0\x91\x3b\x0a\xdc\x9a\x8e\x90\x7a\xae\x85\xcd\x86\xb7\xa7\x03\
\x24\x49\x9a\xb5\x3a\xd9\x66\xf0\x7c\xf9\xe9\x78\x1c\xd8\xbb\x4c\
\xfe\xd5\xc0\x15\x78\x10\xb8\x30\xdd\xd1\x33\x27\xa5\x03\x24\xf5\
\x83\xc3\x06\x49\xcf\xaa\xc2\x9b\x69\xf7\x87\xba\xcf\xa7\x03\xa4\
\x39\xd0\xc2\x66\xc3\x3b\xd3\x01\x92\x24\xcd\x52\x85\x4d\x81\xeb\
\xd3\x1d\x0d\x39\xa9\xc0\x6f\xd2\x11\xea\x95\x33\x70\xf8\xf4\x64\
\x7b\x54\x78\x7d\x3a\x42\x52\x9e\xc3\x06\x49\xcf\xa5\xd5\xf3\x17\
\x7f\x59\xe0\x07\xe9\x08\x69\x0e\xb4\xb0\xd9\xb0\xf9\xb8\x8e\x5e\
\x9d\x8e\x90\x24\x69\x86\x56\x03\x5b\xa6\x23\x1a\x71\x53\x81\x0b\
\xd2\x11\xea\x97\x02\x7f\x03\xce\x4d\x77\xf4\xcc\xd1\xe9\x00\x49\
\x79\x0e\x1b\x24\x3d\xa3\x0a\xaf\x04\xf6\x4d\x77\x74\xc4\xbb\x1a\
\xa4\xb5\xf3\x50\x3a\x60\x4a\xf6\x4a\x07\x48\x92\x34\x0b\x75\xf2\
\x03\xe8\x6e\xe9\x8e\x46\x3c\x04\xec\x9f\x8e\x50\x6f\x7d\x99\x36\
\x5e\xcc\x99\x96\x03\x2b\x6c\x90\x8e\x90\x94\xe5\xb0\x41\xd2\xb3\
\x69\xf5\xae\x86\x7b\x0b\x7c\x37\x1d\x21\xcd\x89\x7b\xd3\x01\x53\
\x72\x50\x3a\x40\x92\xa4\xae\xd5\xc9\x65\xd0\xc7\xa5\x3b\x1a\xb2\
\x6f\x81\x87\xd3\x11\xea\xa7\xa5\xbf\x8d\x15\xe9\x8e\x1e\x59\x0f\
\x58\x9e\x8e\x90\x94\xe5\xb0\x41\xd2\xd3\xaa\x30\x02\x0e\x49\x77\
\x74\xe4\xb4\x74\x80\x34\x47\xee\x4b\x07\x4c\xc9\x9b\xc6\x75\xf4\
\xda\x74\x84\x24\x49\x5d\x59\x3a\x2f\x7d\x65\xba\xa3\x21\x9f\x2f\
\x70\x7b\x3a\x42\xbd\x77\x0e\x6d\xdc\x71\x36\x2d\x1e\xa5\x24\x0d\
\x9c\xc3\x06\x49\xcf\xe4\x18\xe0\x45\xe9\x88\x0e\xfc\xb5\xc0\xb7\
\xd3\x11\xd2\x1c\x69\x65\xb3\x01\xe0\xf0\x74\x80\x24\x49\x5d\xa8\
\xb0\x21\x70\x03\x6d\x7e\x7e\x4f\xf8\x59\x81\xcf\xa5\x23\xd4\x7f\
\x4b\xdb\x0d\x67\xa5\x3b\x7a\x64\xfb\x0a\x6f\x4f\x47\x48\xca\x71\
\xd8\x20\xe9\x99\x1c\x93\x0e\xe8\xc8\x39\xe9\x00\x69\x9e\x2c\x94\
\xc5\x07\x69\xe7\x6d\xad\xe5\xe3\x3a\xf2\x47\x18\x49\x52\x8b\xae\
\x02\xb6\x49\x47\x34\xe2\x51\x60\xbf\x74\x84\xe6\xca\xb9\xb4\xf3\
\x79\x79\x1a\x3e\x91\x0e\x90\x94\xe3\xb0\x41\xd2\xff\xa9\x93\xb7\
\x7f\x5f\x96\xee\xe8\xc0\x63\xc0\x05\xe9\x08\x69\x0e\xb5\xb2\xdd\
\x30\x02\x8e\x4c\x47\x48\x92\x34\x4d\x15\x4e\x07\xf6\x48\x77\x34\
\x64\x79\x81\xfb\xd3\x11\x9a\x1f\x4b\xdb\x0d\x67\xa6\x3b\x7a\xe4\
\x23\x15\x36\x4f\x47\x48\xca\x70\xd8\x20\xe9\xe9\x9c\x90\x0e\xe8\
\xc8\xc5\x05\xd6\xa4\x23\xa4\x39\xd4\xca\xb0\x01\xe0\x94\x74\x80\
\x24\x49\xd3\x52\xe1\xfd\xc0\xa9\xe9\x8e\x86\xac\x2c\xf0\xdd\x74\
\x84\xe6\xd2\x79\x4c\xb6\x62\x34\x71\x44\x3a\x40\x52\x86\xc3\x06\
\x49\xff\xa3\xc2\xbb\x81\xed\xd3\x1d\x1d\x39\x2f\x1d\x20\xcd\xa9\
\x7b\xd2\x01\x53\xb4\xc5\xb8\x8e\x3e\x9e\x8e\x90\x24\x69\x5d\x55\
\x78\x0d\x70\x45\xba\xa3\x21\xf7\x00\x9f\x4c\x47\x68\x3e\x79\x77\
\xc3\xff\x39\x2a\x1d\x20\x29\xc3\x61\x83\xa4\xa7\x3a\x2e\x1d\xd0\
\x91\x6b\x0a\xfc\x21\x1d\x21\xcd\xa9\xdb\xd2\x01\x53\xf6\x99\x71\
\x1d\xad\x9f\x8e\x90\x24\xe9\x85\xaa\xb0\x3e\x70\x1d\xf0\xe2\x74\
\x4b\x43\xf6\x2e\xf0\x78\x3a\x42\x73\xed\x6c\x26\x43\x07\xc1\x16\
\x15\xf6\x49\x47\x48\x9a\x3d\x87\x0d\x92\xfe\xab\xc2\xab\x80\x0f\
\xa4\x3b\x3a\xe2\xc5\xd0\xd2\x0b\xb7\x90\x0e\x98\xb2\xad\x80\x2f\
\xa4\x23\x24\x49\x5a\x07\xdf\x01\x5e\x9b\x8e\x68\xc8\x21\x05\xee\
\x4e\x47\x68\xbe\x95\xc9\x31\x4a\x2b\xd2\x1d\x3d\x72\x74\x3a\x40\
\xd2\xec\x39\x6c\x90\xf4\x64\xc7\xa7\x03\x3a\xf2\xd3\x02\x77\xa4\
\x23\xa4\x79\xb5\x50\x16\xd7\x00\x3f\x4b\x77\x4c\xd9\xb1\xe3\x3a\
\xda\x25\x1d\x21\x49\xd2\xf3\x55\xe1\xd3\x4c\xee\x6a\xd0\x74\x5c\
\x5a\x60\x55\x3a\x42\xcd\x58\x81\xdb\x0d\x4f\x78\x57\x85\x6d\xd3\
\x11\x92\x66\xcb\x61\x83\x24\x00\x2a\xbc\x04\x38\x2c\xdd\xd1\x11\
\xcf\xce\x94\xd6\xdd\x4f\xd2\x01\x1d\x58\x95\x0e\x90\x24\xe9\xf9\
\x58\xba\x5f\xed\x8c\x74\x47\x43\xee\x2e\x70\x50\x3a\x42\xed\x28\
\xb0\x06\xb7\xea\x9f\xec\xd0\x74\x80\xa4\xd9\x72\xd8\x20\xe9\x09\
\x87\x02\xeb\xa5\x23\x3a\xf0\xc7\x02\x57\xa7\x23\xa4\x06\xb4\x38\
\x6c\x78\xdd\xb8\x8e\xbc\x38\x5e\x92\x34\x17\x2a\xbc\x12\xb8\x32\
\xdd\xd1\x90\xc7\x80\xbd\xd3\x11\x6a\xd2\x79\x4c\x8e\x54\x12\x1c\
\x92\x0e\x90\x34\x5b\x0e\x1b\x24\x3d\xe1\x53\xe9\x80\x8e\x7c\x35\
\x1d\x20\x35\xe2\xd6\x74\x40\x47\x8e\x1d\xd7\x91\x6f\x34\x4a\x92\
\xe6\xc1\xf5\xc0\xc6\xe9\x88\x86\x2c\x2f\x70\x4f\x3a\x42\xed\x29\
\xf0\x08\x70\x41\xba\xa3\x27\x36\xaf\xb0\x57\x3a\x42\xd2\xec\x38\
\x6c\x90\x44\x85\x0f\x31\xb9\x30\xb5\x45\x17\xa7\x03\xa4\x16\x2c\
\xdd\xdb\x70\x67\xba\xa3\x23\xab\xc6\x75\xb4\x6b\x3a\x42\x92\xa4\
\x67\x52\xe1\x72\x60\xa7\x74\x47\x43\x2e\x76\xfb\x59\x1d\x3b\x3b\
\x1d\xd0\x23\x6e\x37\x48\x03\xe2\xb0\x41\x12\xc0\x71\xe9\x80\x8e\
\xac\x5a\x7a\xab\x44\xd2\x74\x5c\x93\x0e\xe8\xd0\x4d\xe3\x3a\x7a\
\x55\x3a\x42\x92\xa4\xa7\xaa\x70\x0c\xb0\x2c\xdd\xd1\x90\xbb\x0b\
\x1c\x91\x8e\x50\xdb\x0a\xfc\x15\xf8\x46\xba\xa3\x27\xf6\xad\xb0\
\x51\x3a\x42\xd2\x6c\x38\x6c\x90\x06\xae\xc2\x8e\xc0\x3b\xd2\x1d\
\x1d\x39\x3f\x1d\x20\x35\xe6\xb2\x74\x40\x87\x46\xc0\xad\x0e\x1c\
\x24\x49\x7d\x52\x61\x77\xe0\x6b\xe9\x8e\x86\x3c\xc6\x64\xab\x5b\
\x9a\x85\x2f\xa7\x03\x7a\xe4\xc0\x74\x80\xa4\xd9\x70\xd8\x20\xe9\
\xa8\x74\x40\x47\x7e\x55\xe0\x17\xe9\x08\xa9\x25\x0b\x65\xf1\xcf\
\xc0\x8f\xd2\x1d\x1d\xda\x12\xb8\xc3\x81\x83\x24\xa9\x0f\x2a\x6c\
\x0a\x5c\x9b\xee\x68\xcc\xf2\x02\xf7\xa6\x23\x34\x0c\x4b\x7f\x6b\
\xab\xd3\x1d\x3d\x71\x58\x3a\x40\xd2\x6c\x38\x6c\x90\xb4\x3c\x1d\
\xd0\x11\xdf\x00\x93\xba\xd1\xf2\x76\x03\xc0\x66\x4c\x06\x0e\x3b\
\xa4\x43\x24\x49\x83\xb7\x9a\xc9\xc0\x41\xd3\x71\xa1\xf7\x34\x28\
\xe0\x0b\xe9\x80\x9e\x78\x43\x85\x9d\xd3\x11\x92\xba\xe7\xb0\x41\
\x1a\xb0\x3a\xb9\xa8\x69\x83\x74\x47\x07\x1e\x29\xf0\xad\x74\x84\
\xd4\xa8\xab\x80\xc7\xd3\x11\x1d\x7b\x62\xe0\xf0\xb6\x74\x88\x24\
\x69\x98\xea\xe4\x38\xd0\xdd\xd2\x1d\x0d\xb9\xab\xc0\xd1\xe9\x08\
\x0d\x4f\x81\x9f\x03\xb7\xa7\x3b\x7a\xe2\xd0\x74\x80\xa4\xee\x39\
\x6c\x90\x86\xad\xd5\x23\x94\x56\xa6\x03\xa4\x56\x2d\x94\xc5\x47\
\x81\xeb\xd2\x1d\x33\xb0\x21\x70\xdb\xb8\x8e\x5a\xdd\xfe\x92\x24\
\xf5\x54\x85\x83\xf1\x87\xf1\x69\xfa\x17\xb0\x4f\x3a\x42\x83\xf6\
\x95\x74\x40\x4f\xec\x9f\x0e\x90\xd4\x3d\x87\x0d\xd2\x40\x2d\x5d\
\x0c\xfd\x96\x74\x47\x47\x2e\x48\x07\x48\x8d\x5b\x95\x0e\x98\xa1\
\x4b\xc6\x75\x74\x7a\x3a\x42\x92\x34\x0c\x15\x76\xc5\x0d\xdd\x69\
\xfb\x58\x81\xdf\xa7\x23\x34\x5c\x05\x6e\x00\xee\x49\x77\xf4\xc0\
\xc6\x15\xf6\x4b\x47\x48\xea\x96\xc3\x06\x69\xb8\x3e\x99\x0e\xe8\
\xc8\xcd\x7e\x99\x90\xba\xb5\x50\x16\x6f\x66\x58\x5f\x98\x4e\x1d\
\xd7\xd1\x4d\xe3\x3a\xda\x30\x1d\x22\x49\x6a\x57\x85\xad\x80\x9b\
\xd2\x1d\x8d\xf9\xfa\xd2\x0f\xbd\x52\xda\x19\xe9\x80\x9e\x38\x24\
\x1d\x20\xa9\x5b\x0e\x1b\xa4\x01\xaa\xb0\x1e\x70\x60\xba\xa3\x23\
\x6e\x35\x48\xb3\xf1\xc5\x74\xc0\x8c\xed\x05\xdc\x05\x6c\x99\x0e\
\x91\x24\x35\xeb\x06\x60\x94\x8e\x68\xc8\x5d\xa5\xdd\x17\xac\x34\
\x67\xca\x64\x33\xf8\x2f\xe9\x8e\x1e\x78\x6f\x85\x8d\xd3\x11\x92\
\xba\xe3\xb0\x41\x1a\xa6\x03\x98\x0c\x1c\x5a\xf3\x50\x81\xeb\xd3\
\x11\xd2\x10\x2c\x94\xc5\x4b\x81\x07\xd2\x1d\x33\xb6\x0d\x70\x62\
\x3a\x42\x92\xd4\x9e\x0a\x57\x02\x6f\x4c\x77\x34\xe4\x51\xe0\x83\
\xe9\x08\xe9\x29\xce\x4f\x07\xf4\xc4\xb2\x74\x80\xa4\xee\x38\x6c\
\x90\x86\xe9\xd8\x74\x40\x47\x2e\x4e\x07\x48\x03\x73\x76\x3a\x40\
\x92\xa4\x79\x57\xe1\xd3\xc0\xbe\xe9\x8e\xc6\x2c\x2b\x70\xff\xac\
\x1f\x3a\xae\xa3\x8d\xc6\x75\xb4\xdd\xac\x9f\xab\xb9\xe1\xb0\x61\
\xc2\x61\x83\xd4\x30\x87\x0d\xd2\xc0\x2c\x5d\x3a\xb7\x63\xba\xa3\
\x23\x2b\xd3\x01\xd2\xc0\xac\x04\xd6\xa4\x23\x24\x49\x9a\x57\x15\
\xf6\xc4\xb3\xdc\xa7\x6d\x45\xf0\x9e\x86\x2b\x80\xcd\x43\xcf\x56\
\xcf\x15\xf8\x07\x5e\x00\x0f\xf0\xd6\x0a\x5b\xa7\x23\x24\x75\xc3\
\x61\x83\x34\x3c\x47\xa6\x03\x3a\x72\x4b\x81\x3f\xa6\x23\xa4\x21\
\x59\x28\x8b\x6b\x80\xaf\xa7\x3b\x24\x49\x9a\x47\x15\xb6\x03\xae\
\x4e\x77\x34\xe6\xce\x12\x3a\xf2\x70\x5c\x47\xc7\x03\xef\x49\x3c\
\x5b\x73\xe5\xac\x74\x40\x4f\x1c\x90\x0e\x90\xd4\x0d\x87\x0d\xd2\
\x80\x54\x58\x9f\x76\x57\x16\xdd\x6a\x90\x32\x56\x30\x39\x17\x59\
\x92\x24\xad\xa5\x0a\x1b\x00\x37\x32\xf9\x7c\xae\xe9\xf8\x27\xb0\
\x4f\xe2\xc1\xe3\x3a\xda\x85\xc9\x67\x22\xe9\x59\x15\xf8\x2d\xf0\
\xe3\x74\x47\x0f\x38\x6c\x90\x1a\xe5\xb0\x41\x1a\x96\x0f\x03\x2f\
\x4a\x47\x74\xe0\xef\x05\xae\x4a\x47\x48\x43\xb4\x50\x16\xff\x06\
\x9c\x9a\xee\x90\x24\x69\xce\x5c\x07\x6c\x9b\x8e\x68\xcc\x7e\x89\
\x4d\xe7\x71\x1d\x6d\x04\xac\x9e\xf5\x73\x35\xd7\xce\x4b\x07\xf4\
\xc0\x0e\x15\x76\x4a\x47\x48\x9a\x3e\x87\x0d\xd2\xb0\x2c\x4f\x07\
\x74\x64\x55\x3a\x40\x1a\xb2\x85\xb2\xf8\x55\xe0\x77\xe9\x0e\x49\
\x92\xe6\x41\x9d\xbc\x01\xff\x8e\x74\x47\x63\xce\x2c\x70\x4b\xe8\
\xd9\x57\x00\x5b\x86\x9e\xad\x39\x54\x26\xc3\xc6\x3f\xa5\x3b\x7a\
\xa0\xd5\x53\x17\xa4\x41\x73\xd8\x20\x0d\x44\x85\x97\x03\xef\x4c\
\x77\x74\xe4\xa2\x74\x80\x24\x0e\x4f\x07\x48\x92\xd4\x77\x75\x72\
\x74\xc8\xf1\xe9\x8e\xc6\xdc\x59\xe0\x94\xc4\x83\xc7\x75\x74\x02\
\xde\xd3\xa0\x17\xe6\xdc\x74\x40\x0f\xec\x9f\x0e\x90\x34\x7d\x0e\
\x1b\xa4\xe1\x38\x28\x1d\xd0\x91\xdb\x0b\xdc\x97\x8e\x90\x86\x6e\
\xa1\x2c\xde\x0e\x5c\x9e\xee\x90\x24\xa9\xaf\x2a\xec\x0a\x5c\x96\
\xee\x68\xcc\xc3\xc0\x87\x12\x0f\x5e\xba\xa7\xe1\x9c\xc4\xb3\xd5\
\x84\x95\xc0\xbf\xd3\x11\x61\x5b\x57\xd8\x3d\x1d\x21\x69\xba\x1c\
\x36\x48\xc3\x71\x70\x3a\xa0\x23\x5e\x0c\x2d\xf5\xc7\xc9\xc0\x9a\
\x74\x84\x24\x49\x7d\x53\x27\xc7\xec\xdc\x98\xee\x68\xd0\xb2\x02\
\x0f\xcc\xfa\xa1\xde\xd3\xa0\x75\x55\xe0\x11\xe0\x9b\xe9\x8e\x1e\
\xf0\x28\x25\xa9\x31\x0e\x1b\xa4\x01\x58\x7a\x8b\x6a\xbb\x74\x47\
\x07\xfe\x5d\xe0\x92\x74\x84\xa4\x89\x85\xb2\xf8\x20\xf0\xd9\x74\
\x87\x24\x49\x3d\xf4\x3d\x60\x93\x74\x44\x63\xbe\x54\xe0\xfb\xa1\
\x67\x7b\x4f\x83\xa6\xc1\x8b\xa2\xe1\x63\xe9\x00\x49\xd3\xf5\x1f\
\x00\x00\x00\xff\xff\xec\xdd\x5d\xac\x66\x55\x79\xc0\xf1\xff\xba\
\x13\x3a\x08\xc8\x82\x2a\x6a\xb5\x82\x89\x68\x98\x90\x00\x95\x2d\
\x16\x44\xcb\x97\x8e\xc3\xd7\x80\x68\xa1\x89\xf6\x4a\x53\x82\x8c\
\x56\x01\x69\xd3\x06\x51\x91\x8e\x20\x6d\x21\x8d\x55\x54\xf0\x03\
\x98\x0e\x8c\xca\x08\x81\x36\xc5\x82\x9b\x60\xa3\x29\x5a\xb4\x15\
\x4a\xeb\x48\x3a\xc0\xb6\x16\x19\xc6\xde\xad\x5e\xec\xd3\x26\xb4\
\x0a\x67\xce\x79\xf7\xfb\xbc\x7b\xed\xff\xef\x66\xee\x78\xfe\x43\
\x66\x26\xef\x79\x9f\xbd\xd7\x72\xd9\x20\x4d\x43\xad\x17\x43\xdf\
\x10\x1d\x20\xe9\x99\x96\x2e\x8b\xbe\x2b\xba\x43\x92\xa4\x45\x51\
\xe0\x26\xe0\xb0\xe8\x8e\xca\xdc\x97\xe0\xe2\x88\xc1\x4d\xc9\x1b\
\xf1\x9e\x06\xcd\xc0\xd2\x71\xc0\x77\x47\x77\x04\xdb\xb7\xf8\xf7\
\x49\xaa\x8a\xcb\x06\x69\x1a\xce\x89\x0e\x18\xc8\xe7\xa3\x03\x24\
\xfd\x42\x6f\x07\xba\xe8\x08\x49\x92\xa2\x15\xb8\x10\x38\x33\xba\
\xa3\x32\x8f\x13\x7b\x4f\xc3\xa6\x88\xd9\xaa\xd6\xb5\xd1\x01\x0b\
\xe0\xac\xe8\x00\x49\xb3\xe3\xb2\x41\xaa\x5c\xe9\x3f\x88\xef\x13\
\xdd\x31\x80\x47\x12\xdc\x1b\x1d\x21\xe9\xff\x6b\x53\xd7\x01\xe7\
\x46\x77\x48\x92\x14\xa9\xc0\x89\xc0\x47\xa3\x3b\x2a\x74\x4a\xea\
\x17\x0e\x73\xe5\x3d\x0d\x1a\x42\xea\x8f\xe4\xfa\x49\x74\x47\x30\
\x97\x0d\x52\x45\x5c\x36\x48\xf5\xab\xf5\x08\x25\xef\x6a\x90\x16\
\x58\x9b\xba\xdb\x81\xab\xa2\x3b\x24\x49\x8a\x50\xfa\xfb\xd2\x36\
\x47\x77\x54\xe8\xfc\x04\xf7\x05\xcd\xf6\x9e\x06\x0d\xe5\x2f\xa2\
\x03\x82\xed\x55\xe0\xa4\xe8\x08\x49\xb3\xe1\xb2\x41\xaa\x58\xe9\
\xdf\x68\x38\x3d\xba\x63\x20\x1e\xa1\x24\x2d\xb8\x36\x75\x17\x00\
\xdf\x8b\xee\x90\x24\x69\x9e\x0a\x3c\x1f\xb8\x1d\x58\x13\xdd\x52\
\x99\x2d\x09\xae\x8e\x18\xec\x3d\x0d\x1a\xd8\xd4\x97\x0d\xe0\xdb\
\x0d\x52\x35\x5c\x36\x48\x75\x7b\x7b\x74\xc0\x40\xee\x49\xf0\x48\
\x74\x84\xa4\x65\xd9\x00\xec\x8c\x8e\x90\x24\x69\x8e\xb6\x00\xbf\
\x1e\x1d\x51\x99\x1f\x10\x74\x44\xa3\xf7\x34\x68\x68\x09\x7e\x04\
\xdc\x16\xdd\x11\xec\xb4\xe8\x00\x49\xb3\xe1\xb2\x41\xaa\xdb\x6f\
\x47\x07\x0c\xc4\x23\x94\xa4\x91\x68\x53\xf7\x4f\xd4\xfb\x86\x95\
\x24\x49\xcf\x50\xfa\x23\x04\xdf\x14\xdd\x51\x99\x9d\xc0\xba\x04\
\xbb\xe6\x3d\xd8\x7b\x1a\x34\x47\xd7\x44\x07\x04\xdb\xa7\xc0\x9b\
\xa3\x23\x24\xad\x9e\xcb\x06\xa9\x52\x05\x5e\x02\x1c\x1d\xdd\x31\
\x90\x2f\x45\x07\x48\x5a\xbe\x36\x75\x77\x02\xef\x8a\xee\x90\x24\
\x69\x48\x05\xce\x01\xce\x8f\xee\xa8\xd0\xd9\x09\x1e\x0e\x9a\xed\
\x3d\x0d\x9a\x8b\x04\xdb\xe8\xdf\x70\x98\xb2\x33\xa3\x03\x24\xad\
\x9e\xcb\x06\xa9\x5e\xb5\x5e\x0c\x7d\x63\x82\xa7\xa3\x23\x24\xed\
\x9e\x36\x75\xd7\x01\x57\x46\x77\x48\x92\x34\x84\x02\x47\x02\xd7\
\x47\x77\x54\x68\x53\x0a\x3a\x5e\xa6\x29\xf9\x7d\x78\x4f\x83\xe6\
\xeb\xda\xe8\x80\x60\x67\x44\x07\x48\x5a\x3d\x97\x0d\x52\xbd\x42\
\xce\x34\x9d\x03\x2f\x86\x96\x46\xaa\x4d\xdd\x46\xe0\xce\xe8\x8e\
\x8a\xad\x6d\x4a\x3e\x36\x3a\x42\x92\xa6\xa6\xc0\x4b\xe9\x9f\x4a\
\xd6\x6c\xdd\x93\xe0\xfd\x11\x83\x97\xee\x69\xf8\x93\x88\xd9\x9a\
\xb4\xcf\x44\x07\x04\xdb\xab\xc0\xba\xe8\x08\x49\xab\xe3\xb2\x41\
\xaa\x50\x81\xc3\x80\x57\x45\x77\x0c\xe0\x89\xe4\x0f\x72\xd2\xd8\
\x9d\x06\x3c\x10\x1d\x51\xa9\xfd\x80\xbf\x6d\x4a\xbe\xbf\x29\xd9\
\x27\xc3\x24\x69\x0e\x0a\xec\x01\x7c\x05\xc8\xd1\x2d\x95\x79\x9c\
\xa0\xa7\x9c\x97\xee\x69\xb8\x65\x15\xff\x89\x32\xab\x16\x4d\x4b\
\xea\xff\xdc\xdf\x1a\xdd\x11\xcc\xa3\x94\xa4\x91\x73\xd9\x20\xd5\
\xa9\xd6\x8b\xa1\xbd\xab\x41\x1a\xb9\x36\x75\x4f\x03\x27\x02\x0f\
\x45\xb7\x54\xec\x48\x60\x73\x53\xf2\xc3\x4d\xc9\xef\x89\x8e\x91\
\xa4\xca\x5d\x47\xff\xa0\x8f\x66\xeb\x8c\xa5\x2f\x5e\x23\xdc\x48\
\xff\xb6\xca\x4a\xa5\x59\x85\x68\x92\xa6\xfe\x76\xc3\xa9\xd1\x01\
\x92\x56\xc7\x65\x83\x54\xa7\x77\x44\x07\x0c\xe4\xcb\xd1\x01\x92\
\x56\xaf\x4d\xdd\x0e\xe0\x38\xe0\x5f\x83\x53\x6a\xf7\x0a\xe0\xcf\
\x9b\x92\x1f\x6b\x4a\xbe\xa4\x29\x79\xef\xe8\x20\x49\xaa\x49\x81\
\x0f\x01\x6f\x8b\xee\xa8\xd0\xc6\x04\xf7\x44\x0c\x6e\x4a\xbe\x18\
\xef\x69\x50\xa0\x04\x5f\x05\x9e\x88\xee\x08\xf4\xfc\x02\x6f\x8e\
\x8e\x90\xb4\x72\x2e\x1b\xa4\xca\x14\x78\x23\x70\x60\x74\xc7\x00\
\x1e\x4b\xd0\x46\x47\x48\x9a\x8d\x36\x75\x3f\x06\x7e\x13\x17\x0e\
\xf3\x70\x00\x70\x29\xf0\xe3\xa6\xe4\x8f\x35\x25\xbf\x20\x3a\x48\
\x92\xc6\x6e\xe9\x5c\xf1\x0f\x47\x77\x54\xe8\xb6\x04\x57\x46\x0c\
\x6e\x4a\x7e\x03\x70\x59\xc4\x6c\xe9\xff\x98\xfa\x65\xf3\xa7\x44\
\x07\x48\x5a\x39\x97\x0d\x52\x7d\x6a\x3d\x42\x69\xea\x1f\xb8\xa4\
\xea\xb8\x70\x98\xbb\x35\xc0\x07\x81\xed\x4d\xc9\x57\x34\x25\xef\
\x1f\x1d\x24\x49\x63\x54\x60\x2d\x70\x53\x74\x47\x85\x1e\x06\xce\
\x8e\x18\xdc\x94\xfc\xab\xc0\xe6\x88\xd9\xd2\x2f\xf0\xa9\xe8\x80\
\x60\xa7\x47\x07\x48\x5a\x39\x97\x0d\x52\x7d\xce\x8a\x0e\x18\xc8\
\x8d\xd1\x01\x92\x66\xcf\x85\x43\x88\x3d\x81\xf7\x03\xff\xd6\x94\
\xfc\x89\xa5\x2f\x58\x24\x49\xcb\x50\xfa\x8b\xa0\xef\xa0\xbf\x18\
\x5a\xb3\xb3\x0b\x58\x97\x60\x67\xd0\xfc\x5b\x80\xfd\x82\x66\x4b\
\xcf\x90\xe0\x07\xc0\xdf\x47\x77\x04\xca\xa5\xbf\x83\x4c\xd2\x08\
\xb9\x6c\x90\x2a\x52\xe0\x0c\xfa\x27\x57\x6b\xb3\x3d\x4d\xfb\xc3\
\x96\x54\xb5\xa5\x85\xc3\x31\xc0\x23\xd1\x2d\x13\xb3\x07\x70\x01\
\xb0\xa3\x29\xf9\x9a\xa6\xe4\x1a\x8f\xe0\x93\xa4\x59\xfb\x3a\xf0\
\xc2\xe8\x88\x0a\x9d\xbb\xf4\x05\xeb\xdc\x35\x25\x7f\x04\x68\x22\
\x66\x4b\xcf\xe2\xba\xe8\x80\x60\xeb\xa3\x03\x24\xad\x8c\xcb\x06\
\xa9\x2e\xb5\x5e\x50\xe7\x11\x4a\x52\xe5\xda\xd4\x6d\x07\x7e\x03\
\xf8\x66\x74\xcb\x44\xbd\x1b\x78\xb4\x29\x79\x53\x53\x72\x8d\x4b\
\x6b\x49\x5a\xb5\xd2\x1f\xb3\x73\x44\x74\x47\x85\x3e\x99\x60\x4b\
\xc4\xe0\xa6\xe4\x13\x80\x8b\x22\x66\x4b\xcf\xe1\x8b\xd1\x01\xc1\
\x5c\x36\x48\x23\xe5\xb2\x41\xaa\x44\xe9\x9f\x50\x5d\x17\xdd\x31\
\x10\x8f\x50\x92\x26\xa0\x4d\x5d\xd7\xa6\xee\x68\xe0\x0b\xd1\x2d\
\x13\xb6\x11\xf8\xe7\xa6\xe4\x5a\xef\xff\x91\xa4\x15\x29\xf0\x21\
\xfa\xb7\x88\x35\x5b\xf7\x25\x78\x6f\xc4\xe0\xa6\xe4\x17\xe3\xcf\
\x19\x5a\x50\x09\xfe\x93\x69\xdf\x0d\xb3\xb6\x80\x6f\xdd\x4a\x23\
\xe4\xb2\x41\xaa\xc7\x49\xd4\x79\x76\xec\x43\x09\x1e\x88\x8e\x90\
\x34\x3f\x6d\xea\xce\x01\x3e\x10\xdd\x31\x61\x2f\x02\x6e\x68\x4a\
\xbe\xb7\x29\x79\x6d\x74\x8c\x24\x45\x2b\xfd\x03\x3d\x1f\x8e\xee\
\xa8\xd0\x7f\x00\xa7\x04\xce\xdf\x0a\xec\x13\x38\x5f\x7a\x2e\x53\
\x3f\x4a\xc9\x05\xaf\x34\x42\x2e\x1b\xa4\x7a\x6c\x88\x0e\x18\x88\
\x4f\x38\x4b\x13\xd4\xa6\xee\x0a\xe0\x2d\xf4\x17\x46\x2a\xc6\xeb\
\x80\x7f\x68\x4a\xfe\xd3\xa6\x64\xbf\x8c\x91\x34\x49\x05\x0e\x03\
\x6e\x8e\xee\xa8\xd4\x69\x09\x1e\x8f\x18\xdc\x94\x7c\x35\x70\x78\
\xc4\x6c\x69\xb9\x12\xdc\x0e\x3c\x16\xdd\x11\x28\x72\x19\x29\x69\
\x85\x5c\x36\x48\xf5\x78\x6b\x74\xc0\x40\x6e\x88\x0e\x90\x14\xa3\
\x4d\xdd\x36\xe0\xb5\xc0\xf6\xe8\x96\x89\xfb\x3d\xe0\x87\x4d\xc9\
\xbf\x1b\x1d\x22\x49\xf3\x54\x20\xd3\x5f\x08\xfd\xbc\xe8\x96\x0a\
\x7d\x20\xc1\x37\x22\x06\x37\x25\x6f\x00\xce\x8b\x98\x2d\xad\xc0\
\x94\x1f\xbe\x7b\x53\x81\xbd\xa3\x23\x24\xed\x1e\x97\x0d\x52\x05\
\x4a\xff\xf4\xef\x5e\xd1\x1d\x03\xf8\x7e\x82\x87\xa2\x23\x24\xc5\
\x69\x53\xf7\x3d\xe0\x50\xe0\xae\xe8\x96\x89\xcb\xc0\x5f\x36\x25\
\xb7\x4d\xc9\xaf\x8c\x8e\x91\xa4\x39\xf9\x3a\xf0\xc2\xe8\x88\x0a\
\xdd\x96\xe0\x8a\x88\xc1\x4d\xc9\x07\x03\x9f\x8b\x98\x2d\xad\xd0\
\x94\x97\x0d\x00\x27\x47\x07\x48\xda\x3d\x2e\x1b\xa4\x3a\xd4\x7a\
\x84\xd2\xad\xd1\x01\x92\xe2\xb5\xa9\x7b\xb2\x4d\xdd\xf1\xc0\x1f\
\x46\xb7\x88\xa3\xe8\x2f\x90\xbe\x24\x3a\x44\x92\x86\x54\x60\x33\
\x70\x44\x74\x47\x85\x1e\x06\xce\x0e\x9c\xff\x15\x60\xcf\xc0\xf9\
\xd2\x6e\x49\xf0\x6d\xa6\xfd\x00\xde\xfa\xe8\x00\x49\xbb\xc7\x65\
\x83\x54\x87\x53\xa3\x03\x06\xe2\xb2\x41\xd2\xff\x6a\x53\x77\x29\
\xf0\x06\xfa\x0b\x25\x15\xeb\xd2\xa6\xe4\x07\x9b\x92\x0f\x8b\x0e\
\x91\xa4\x59\x2b\x70\x11\x5e\x4c\x3a\x84\x5d\xc0\xfa\x04\x3b\x23\
\x86\x37\x25\x5f\x0f\x1c\x12\x31\x5b\x5a\xa5\xcf\x46\x07\x04\xaa\
\xf5\xb8\x68\xa9\x5a\x2e\x1b\xa4\x91\x2b\x70\x3c\x50\xe3\xc5\x9d\
\x3b\x12\xdc\x1f\x1d\x21\x69\xb1\xb4\xa9\xbb\x1b\x58\x8b\xff\x3e\
\x2c\x82\x43\x80\xef\x34\x25\x6f\x6a\x4a\xde\x23\x3a\x46\x92\x66\
\xa1\xc0\x3a\xe0\x23\xd1\x1d\x95\x3a\x37\xc1\x83\x11\x83\x9b\x92\
\xdf\x09\x9c\x13\x31\x5b\x9a\x81\xcf\x47\x07\x04\x5a\x53\xe0\xf5\
\xd1\x11\x92\x96\xcf\x65\x83\x34\x7e\xb5\x1e\xa1\xb4\x25\x3a\x40\
\xd2\x62\x6a\x53\xf7\x68\x9b\xba\xd7\x02\x9f\x8c\x6e\x11\x00\x1b\
\x81\xef\x37\x25\x1f\x17\x1d\x22\x49\xab\x51\xfa\x65\xf6\x4d\xd1\
\x1d\x95\xfa\xb3\x14\xf4\xf9\xbe\x29\xf9\x10\xe0\x33\x11\xb3\xa5\
\x59\x48\xb0\x1d\x68\xa3\x3b\x02\x9d\x18\x1d\x20\x69\xf9\x5c\x36\
\x48\xe3\x77\x5a\x74\xc0\x40\x3c\x42\x49\xd2\xb3\x6a\x53\xf7\x5e\
\xe0\x18\xe0\x5f\xa2\x5b\xc4\xcb\x80\xbf\x69\x4a\xbe\x2a\x3a\x44\
\x92\x56\xa2\x40\x06\xbe\x06\xf8\xa6\xd6\xec\x7d\x33\xc1\x79\x11\
\x83\x9b\x92\xd7\xd0\xdf\xd3\x20\x8d\xdd\x94\x2f\x8a\x76\xd9\x20\
\x8d\x88\xcb\x06\x69\xc4\x0a\x1c\x0b\xec\x1f\xdd\x31\x80\xa7\x12\
\xdc\x19\x1d\x21\x69\xf1\xb5\xa9\xfb\xbb\x36\x75\x07\x01\x97\x47\
\xb7\x08\x80\xf3\x97\xee\x72\x38\x34\x3a\x44\x92\x96\xab\xc0\xf3\
\x80\xdb\x81\x97\x46\xb7\x54\xe8\x31\x62\xef\xbf\xf8\x22\x70\x70\
\xe0\x7c\x69\x56\xa6\xfc\xd6\xd5\x91\x05\xf6\x8d\x8e\x90\xb4\x3c\
\x2e\x1b\xa4\x71\xab\xf5\x62\x68\x9f\x3e\x92\xb4\x5b\xda\xd4\x5d\
\x48\x7f\xfc\xc5\x77\xa3\x5b\xc4\x21\xc0\x03\x4d\xc9\xbf\x1f\x1d\
\x22\x49\xcb\x74\x03\x70\x78\x74\x44\xa5\x4e\x4d\xb0\x23\x62\x70\
\x53\xf2\x79\x78\xb9\xac\x2a\x91\xe0\x09\x60\x5b\x74\x47\xa0\x13\
\xa2\x03\x24\x2d\x8f\xcb\x06\x69\xdc\x6a\x5d\x36\xdc\x12\x1d\x20\
\x69\x7c\xda\xd4\x7d\xb7\x4d\xdd\x5a\xe0\x22\xe0\xbf\xa2\x7b\xc4\
\xc7\x9b\x92\xef\x6e\x4a\x7e\x71\x74\x88\x24\xfd\x32\x05\x2e\x26\
\xf6\xc9\xfb\x9a\xbd\x27\xc1\x7d\x11\x83\x9b\x92\x8f\x02\xae\x8e\
\x98\x0d\x94\xa0\xb9\xaa\xdf\x94\x8f\x52\x72\xd9\x20\x8d\x84\xcb\
\x06\x69\xa4\x0a\xbc\x06\x78\x79\x74\xc7\x40\xee\x88\x0e\x90\x34\
\x5e\x6d\xea\x3e\x46\xff\x96\xc3\x5f\x47\xb7\x88\x63\x80\x7f\x6c\
\x4a\xae\xf5\x7e\x21\x49\x23\x56\xfa\xbb\xcf\x2e\x8b\xee\xa8\xd4\
\x67\x13\x5c\x1b\x31\xb8\x29\xf9\x05\xc0\x5f\x45\xcc\x5e\x92\x02\
\x67\xab\x6e\x5b\x99\xee\x03\x35\x27\x45\x07\x48\x5a\x1e\x97\x0d\
\xd2\x78\xd5\xfa\x4a\xf0\xd7\x12\xec\x8c\x8e\x90\x34\x6e\x6d\xea\
\x7e\xd8\xa6\xee\xb7\x80\xb3\x80\x47\xa3\x7b\x26\x6e\x6f\x60\x4b\
\x53\xf2\x85\xd1\x21\x92\xf4\x3f\x4a\xbf\x94\x9e\xf2\x53\xc2\x43\
\xfa\x76\x82\x77\x06\xce\xbf\x05\x38\x30\x70\xbe\x34\x88\x04\x4f\
\xd3\x5f\x64\x3f\x45\x07\x16\x78\x75\x74\x84\xa4\xe7\xe6\xb2\x41\
\x1a\xaf\xf5\xd1\x01\x03\xd9\x1a\x1d\x20\xa9\x1e\x6d\xea\x6e\x06\
\x5e\x05\x6c\x8a\x6e\x11\x1f\x6d\x4a\xfe\x5c\x74\x84\x24\x15\xc8\
\xf4\x5f\xd8\xed\x11\xdd\x52\xa1\x9f\x12\x78\xd4\x6b\x53\xf2\xe5\
\xf4\x6f\xd5\x49\xb5\xba\x39\x3a\x20\xd0\x89\xd1\x01\x92\x9e\x9b\
\xaf\xf7\x49\x23\x54\x60\x3f\xa0\x8b\xee\x18\xc8\xfe\xa9\xde\xdf\
\x9b\xa4\x40\x4d\xc9\xaf\x06\x3e\x05\xbc\x2e\xba\x65\xe2\xee\x01\
\xd6\xb7\xa9\xfb\x69\x74\x88\xa4\x69\x2a\xf0\x2d\xe0\x88\xe8\x8e\
\x4a\x1d\x9b\xe0\x1b\x11\x83\x9b\x92\xdf\xc2\x62\x3c\xf5\x7d\x6c\
\x9b\xba\x90\xff\x07\xaa\x5f\xe9\x97\xa4\xbb\xa2\x3b\x82\xdc\x91\
\x3c\x4e\x49\x5a\x78\xbe\xd9\x20\x8d\x53\xad\x47\x28\x7d\xc7\x45\
\x83\xa4\xa1\xb4\xa9\x7b\xb0\x4d\xdd\xd1\xc0\xef\x00\x3b\xa2\x7b\
\x26\xec\xf5\xc0\xfd\x4d\xc9\x07\x45\x87\x48\x9a\x9e\x02\x9b\x71\
\xd1\x30\x94\x0b\x02\x17\x0d\x07\x01\x5f\x8e\x98\x2d\xcd\x53\x82\
\x9f\x03\x5b\xa2\x3b\x82\xf8\x66\x83\x34\x02\x2e\x1b\xa4\x71\xaa\
\xf5\x08\xa5\x6d\xd1\x01\x92\xea\xd7\xa6\xee\x7a\xe0\x15\xc0\x46\
\xe0\x89\xe0\x9c\xa9\x3a\x18\xf8\x56\x53\xb2\x6f\x99\x48\x9a\x9b\
\x02\x17\x03\x67\x44\x77\x54\x6a\x4b\x82\xab\x22\x06\x37\x25\xef\
\x49\xff\x46\xc3\x9a\x88\xf9\x52\x80\xc9\x1e\xa5\x54\xe0\xf8\xe8\
\x06\x49\xcf\xce\x65\x83\x34\x4e\x27\x44\x07\x0c\xe4\xb6\xe8\x00\
\x49\xd3\xd0\xa6\xee\xe7\x6d\xea\xae\x04\x5e\x0e\x7c\x10\xf8\x49\
\x6c\xd1\x24\xed\x0b\xdc\xdb\x94\x7c\x72\x74\x88\xa4\xfa\x15\xd8\
\x00\x5c\x16\xdd\x51\xa9\x07\x80\x73\x03\xe7\x5f\x4f\x7f\x3f\x93\
\x34\x15\x8b\x70\x5c\x58\x94\x5a\xbf\x0b\x91\xaa\xe1\xb2\x41\x1a\
\x99\x02\x27\x03\xbf\x12\xdd\x31\x80\x27\x13\xb4\xd1\x11\x92\xa6\
\xa5\x4d\xdd\xae\x36\x75\x1f\xa7\x5f\x3a\x5c\x42\x7f\xb1\xa5\xe6\
\x6b\x5b\x53\xf2\x99\xd1\x11\x92\xea\x55\xe0\x28\x26\xfc\x24\xf0\
\xc0\x9e\x04\xde\x9a\x82\xce\x90\x6f\x4a\xbe\x00\x38\x3d\x62\xb6\
\x14\x25\xc1\x4e\xe0\xd6\xe8\x8e\x20\xc7\x45\x07\x48\x7a\x76\x2e\
\x1b\xa4\xf1\xa9\xf5\x08\xa5\x29\x3f\x9d\x21\x29\x58\x9b\xba\x9d\
\x6d\xea\x2e\xa3\x5f\x3a\xfc\x31\xf0\xb3\xd8\xa2\xc9\xb9\xa9\x29\
\xf9\x5d\xd1\x11\x92\xea\x53\xe0\x65\x78\x54\xe7\x90\x36\x24\xf8\
\x51\xc4\xe0\xa6\xe4\xa3\x80\x4f\x44\xcc\x96\x16\xc0\x54\x17\xa8\
\x87\x17\x8f\x4c\x93\x16\x9a\xcb\x06\x69\x7c\x4e\x89\x0e\x18\x88\
\x3f\x04\x4a\x0a\xd7\xa6\xee\x67\x6d\xea\xfe\x08\x78\x09\xfd\x9b\
\x0e\x5e\x5a\x3f\x3f\x9f\x6e\x4a\x7e\x77\x74\x84\xa4\x7a\x94\xfe\
\xb8\xb6\x3b\xe9\x7f\xd5\xec\x5d\x98\xe0\xae\x88\xc1\x4d\xc9\x07\
\x00\x5b\x23\x66\x4b\x0b\xe2\xab\xd1\x01\x81\xde\x18\x1d\x20\xe9\
\x97\x73\xd9\x20\x8d\x48\x81\x43\x81\x17\x45\x77\x0c\xc4\xfb\x1a\
\x24\x2d\x8c\x36\x75\x4f\x2d\xbd\xe9\xf0\x6b\xc0\xfb\x80\x7f\x0f\
\x4e\x9a\x8a\x6b\x9a\x92\xff\x20\x3a\x42\x52\x35\xb6\x01\xaf\x8c\
\x8e\xa8\xd4\x96\x04\x97\x07\xce\xdf\x0a\x1c\x10\x38\x5f\x0a\x95\
\xe0\x29\xa6\xbb\x70\xf3\x28\x25\x69\x81\xfd\x37\x00\x00\x00\xff\
\xff\xec\xdd\x69\xcc\xa5\xe5\x5d\xc7\xf1\xef\xf5\x0e\x28\x9d\x62\
\x73\x57\x2c\xa8\x11\x24\x30\xb6\xc1\x96\x2e\xa4\x77\x8b\x14\x90\
\x45\xa0\xad\x84\xa4\x4c\x63\x35\x5d\xe2\x42\xb0\xb1\x8d\x71\x23\
\xe2\xd6\x5a\x5c\x88\xd6\x9a\x54\x92\x9a\x08\x86\xa4\x8e\x63\x9b\
\x36\x0c\x5b\x19\xaa\xd3\xb2\x1c\xc4\x25\xa6\x2e\xd0\xd4\x86\x6a\
\x4c\x4c\xf0\xa4\x50\x5b\x16\x13\x93\xcb\x17\xe7\x79\x33\x61\x14\
\x46\xe6\x3e\xbf\xeb\xbe\xee\xef\xe7\xcd\xbc\xfc\x7f\x93\x27\x19\
\x86\xe7\x7f\xce\xf5\x77\xd9\x20\xcd\x4b\xaf\x47\x34\x1f\x28\x9b\
\xf7\x5e\x25\xa9\x29\x3b\x87\xa4\x7f\x77\x55\xd6\x27\x01\x3f\x89\
\x37\x1d\xb6\xe1\x83\x63\x1d\xae\x4d\x47\x48\x9a\xb7\x0a\xfb\xd8\
\xdc\x6a\xd0\xd1\xf7\x30\xc1\x83\xd0\x63\x1d\x7e\x0f\x7f\xb6\x12\
\xc0\xa7\xd2\x01\x21\x2e\x1b\xa4\x86\xb9\x6c\x90\xe6\xe5\x92\x74\
\xc0\x44\xbc\xd7\x20\xa9\x79\xab\xb2\xfe\x03\xe0\xd7\xd3\x1d\x0b\
\x71\xfd\x58\x87\x77\xa7\x23\x24\xcd\x53\xdd\xfc\x5d\xed\xe1\xf9\
\x69\x7c\x93\xec\x41\xe8\x2b\x81\xf7\x27\x66\x4b\x0d\xba\x35\x1d\
\x10\xf2\xaa\x0a\x2f\x4d\x47\x48\x3a\x3c\x97\x0d\xd2\x4c\xec\x1c\
\x41\xea\xf5\x6d\xc2\x3b\xd3\x01\x92\xa4\xe6\xdc\x34\xd6\xe1\x07\
\xd2\x11\x92\xe6\xa5\xc2\x7b\x80\x5f\x4c\x77\x74\x6c\x4f\x81\xaf\
\x24\x06\x8f\x75\xd8\x0d\xdc\x92\x98\x2d\xb5\x68\xe7\x75\x80\x7b\
\xd3\x1d\x21\xe7\xa5\x03\x24\x1d\x9e\xcb\x06\x69\x3e\x7a\xfd\xaa\
\xe0\xd7\x0b\xfc\x5d\x3a\x42\x92\xd4\xa4\x4f\x8f\x75\x38\x3b\x1d\
\x21\x69\x1e\x2a\x9c\x0b\xfc\x51\xba\xa3\x63\xbf\x52\x36\x77\x30\
\xb6\x6e\xac\xc3\xf1\x6c\xbe\x0d\x7d\x5c\x62\xbe\xd4\xb0\xa5\x7e\
\xbb\xa1\xd7\xdf\x8f\x48\xb3\xe7\xb2\x41\x9a\x8f\x5e\x3f\xdd\xe9\
\x61\x68\x49\xd2\xff\xe6\x18\xe0\xb3\x63\x1d\xce\x48\x87\x48\x6a\
\x5b\x85\xdd\xc0\xfe\x74\x47\xc7\x6e\x2f\xf0\xc1\xe0\xfc\xbd\xc0\
\x77\x07\xe7\x4b\xad\x5a\xea\xdf\x7b\x2e\x1b\xa4\x46\xb9\x6c\x90\
\xe6\xe3\x8a\x74\xc0\x44\xee\x49\x07\x48\x92\x9a\x76\x02\x70\x60\
\xac\xc3\x89\xe9\x10\x49\x6d\xaa\x70\x22\x9b\x7f\x53\xee\x4a\xb7\
\x74\xea\x2b\xc0\x3b\x52\xc3\xc7\x3a\xfc\x02\x70\x79\x6a\xbe\xd4\
\xb2\x02\x5f\x02\x1e\x4d\x77\x04\xbc\xd2\xbb\x0d\x52\x9b\x5c\x36\
\x48\x33\x50\xe1\x74\xe0\xa4\x74\xc7\x44\x3c\x0e\x2d\x49\x7a\x2e\
\xdf\x01\x7c\x2a\x1d\x21\xa9\x3d\x15\x8e\x05\x0e\x00\x27\xa7\x5b\
\x3a\xf5\x4d\xe0\x2d\x65\xf3\xe7\xd6\x8d\x75\x38\x17\xf8\x8d\xc4\
\x6c\x69\x46\x3e\x9d\x0e\x08\xb9\x30\x1d\x20\xe9\xd9\x5c\x36\x48\
\xf3\xd0\xeb\x13\x4a\x8f\x14\xf8\x8f\x74\x84\x24\x69\x16\xde\x34\
\xd6\xe1\x43\xe9\x08\x49\xcd\xf9\x24\x70\x66\x3a\xa2\x63\xef\x28\
\xf0\x48\x62\xf0\x58\x87\x93\x58\xee\x2f\x51\xa5\x23\xe1\x53\x4a\
\x92\x9a\xe1\xb2\x41\x9a\x87\x5e\x97\x0d\x3e\xa1\x24\x49\x3a\x12\
\xd7\x8d\x75\xb8\x38\x1d\x21\xa9\x0d\x15\x6e\x04\x2e\x4b\x77\x74\
\xec\xc3\x25\x7b\x5f\xed\x36\x7c\x26\x45\x7a\x4e\x05\x0e\x02\x5f\
\x4f\x77\x04\x9c\x97\x0e\x90\xf4\x6c\x2e\x1b\xa4\x79\xb8\x34\x1d\
\x30\x91\x03\xe9\x00\x49\xd2\xec\xfc\xe9\x58\x07\x9f\x4b\x91\x16\
\xae\xc2\x07\x80\xab\xd3\x1d\x1d\xbb\xa7\xc0\x75\xa9\xe1\x63\x1d\
\xf6\x02\x67\xa5\xe6\x4b\x33\x94\x5c\x0c\xa6\xec\xae\xde\xea\x91\
\x9a\xe3\xb2\x41\x6a\x5c\x85\x8b\xd2\x0d\x13\xfa\x8b\x74\x80\x24\
\x69\x76\x4e\xc0\x67\x35\xa4\x45\xab\xf0\x83\xc0\x47\xd2\x1d\x1d\
\x7b\x14\x78\x7b\x6a\xf8\x58\x87\x6b\x80\x3d\xa9\xf9\xd2\x4c\x2d\
\xf5\x29\xa5\x73\xd3\x01\x92\x0e\xe5\xb2\x41\x6a\xdf\x79\xe9\x80\
\x89\xac\x0a\x7c\x23\x1d\x21\x49\x9a\xa5\xd7\x7b\xbf\x41\x5a\xa6\
\x0a\xaf\x05\xfe\x24\xdd\xd1\xb1\xa7\x80\xb7\x16\x78\x22\x31\x7c\
\xac\xc3\xd9\xc0\xc7\x12\xb3\xa5\x99\x5b\xe2\x37\x1b\x00\xde\x94\
\x0e\x90\x74\x28\x97\x0d\x52\xfb\x2e\x48\x07\x4c\xe4\xee\x74\x80\
\x24\x69\xd6\xae\x1b\xeb\x70\x6a\x3a\x42\xd2\xf6\x54\xf8\x2e\xe0\
\x4e\xe0\xd8\x70\x4a\xcf\xde\x53\xe0\x1f\x13\x83\xc7\x3a\xbc\x9c\
\xcd\x9d\x06\x49\x47\x68\xe7\x83\x7c\xf7\xa5\x3b\x02\xce\x49\x07\
\x48\x3a\x94\xcb\x06\xa9\x61\x15\x8e\x07\xde\x90\xee\x98\x88\xc7\
\xa1\x25\x49\x2f\xd4\xc7\xd3\x01\x92\xb6\xa3\xc2\x4b\xd8\x2c\x1a\
\x5e\x96\x6e\xe9\xd8\x87\x0b\xec\x0b\xce\xbf\x1d\x7f\xbe\xd2\x0b\
\x71\x57\x3a\x20\xc0\x65\x83\xd4\x18\x97\x0d\x52\xdb\xbe\x2f\x1d\
\x30\x91\x67\xca\x32\x3f\x75\x21\x49\x3a\xba\xbe\x7f\xac\x43\xec\
\x5d\x71\x49\x5b\x75\x2b\xb0\x3b\x1d\xd1\xb1\xdb\xc2\x07\xa1\x6f\
\xc6\x83\xd0\xd2\x0b\xf5\xd9\x74\x40\x42\xed\xf7\x03\x9a\xd2\x2c\
\xb9\x6c\x90\xda\x76\x7e\x3a\x60\x22\x0f\xa6\x03\x24\x49\xdd\xf8\
\xe8\x58\x87\xe3\xd2\x11\x92\xa6\x53\x61\x2f\x1e\x01\x9d\xd2\xc3\
\xc0\x55\xa9\xe1\x63\x1d\xae\x06\xde\x95\x9a\x2f\xf5\xa2\xc0\x5f\
\x13\xba\xb7\x12\xe6\xdd\x06\xa9\x21\x2e\x1b\xa4\xb6\xf5\xba\x6c\
\xf8\x42\x3a\x40\x92\xd4\x8d\x97\x03\xbf\x9a\x8e\x90\x34\x8d\x0a\
\xbf\x0c\xec\x49\x77\x74\x6c\x0d\x5c\x5c\xe0\xe9\xc4\xf0\x9d\x83\
\xd0\x37\x26\x66\x4b\x9d\xba\x33\x1d\x10\xe0\xb2\x41\x6a\x88\xcb\
\x06\xa9\x51\x15\x5e\x04\xbc\x2e\xdd\x31\x91\x7b\xd3\x01\x92\xa4\
\xae\xfc\xec\x58\x87\x33\xd2\x11\x92\x8e\xae\xba\x59\x32\xfc\x5a\
\xba\xa3\x73\x97\x16\xf8\xb7\xc4\x60\x0f\x42\x4b\x93\x58\xe2\x53\
\x4a\xbd\x3e\x3f\x2d\xcd\x92\xcb\x06\xa9\x5d\x17\xa4\x03\x26\xe4\
\xbd\x06\x49\xd2\xd1\xe6\x2f\x24\xa5\x8e\xd4\xcd\xb3\x49\x7b\xd3\
\x1d\x9d\x7b\xe7\xce\xb3\x2b\x29\x1e\x84\x96\x8e\xbe\x25\x7e\xb3\
\x61\xa8\x70\x5a\x3a\x42\xd2\x86\xcb\x06\xa9\x5d\xbd\x3e\xa1\xf4\
\x50\x81\x67\xd2\x11\x92\xd4\xa1\xff\x4e\x07\x84\xed\x19\xeb\xf0\
\x8a\x74\x84\xa4\x17\x6e\xe7\x97\x46\xfb\xd3\x1d\x9d\xbb\xa1\xc0\
\x27\x52\xc3\x3d\x08\x2d\x4d\xa3\xc0\x63\xc0\x17\xd3\x1d\x01\x3e\
\xa5\x24\x35\xc2\x65\x83\xd4\xae\x5e\x97\x0d\xde\x6b\x90\xa4\x69\
\x3c\x04\xdc\x93\x8e\x08\xfb\x50\x3a\x40\xd2\x0b\x53\x61\x00\xee\
\x06\x76\xa5\x5b\x3a\x76\x47\x81\x9f\x4b\x0d\x1f\xeb\xf0\x63\x78\
\x10\x5a\x9a\xd2\x5d\xe9\x80\x80\x37\xa6\x03\x24\x6d\xb8\x6c\x90\
\x1a\x54\xe1\x04\xe0\xd5\xe9\x8e\x89\xb8\x6c\x90\xa4\x69\xfc\xd7\
\xaa\xac\x2f\x02\xae\x4d\x87\x04\x5d\x39\xd6\xc1\x4f\xca\x4a\x33\
\x55\xe1\x58\x36\xef\x8d\x9f\x92\x6e\xe9\xd8\x97\x81\xab\x52\xc3\
\x77\x0e\x42\x7f\x3c\x35\x5f\x5a\x88\x25\xde\x6d\x18\xd3\x01\x92\
\x36\x5c\x36\x48\x6d\x7a\x73\x3a\x60\x42\xf7\xa7\x03\x24\xa9\x67\
\xab\xb2\xfe\x4d\x36\xff\xc3\xf5\xef\xe9\x96\x10\x6f\x37\x48\xf3\
\xb5\x0f\x78\x4d\x3a\xa2\x63\x4f\x00\x97\x14\x78\x32\x31\x7c\xac\
\xc3\xcb\xf0\x20\xb4\x34\xb9\x02\x7f\x0e\x3c\x95\xee\xd8\xb2\x33\
\x2b\x1c\x97\x8e\x90\xe4\xb2\x41\x6a\xd5\x39\xe9\x80\x89\xfc\x7d\
\x81\xaf\xa5\x23\x24\xa9\x77\xab\xb2\x7e\x10\x78\x25\x70\x47\xba\
\x25\xe0\xad\x63\x1d\x5e\x97\x8e\x90\x74\x64\x2a\xdc\x0c\xbc\x25\
\xdd\xd1\xb9\xcb\x0a\x3c\x1a\x9c\x7f\x1b\x1e\x84\x96\xb6\xe5\xde\
\x74\x40\x80\xcb\x6a\xa9\x01\x2e\x1b\xa4\x36\xf5\x7a\xdc\x68\x89\
\xff\xe0\x91\xa4\x88\x55\x59\x3f\xbe\x2a\xeb\xcb\x81\x1b\xd3\x2d\
\x01\x3f\x95\x0e\x90\xf4\xfc\xd5\xcd\xf3\x6f\xbe\xe1\x3f\xad\xf7\
\x16\x58\xa5\x86\x8f\x75\xb8\x11\x38\x3b\x35\x5f\x5a\xa0\x83\xe9\
\x80\x80\xd7\xa7\x03\x24\xb9\x6c\x90\x9a\x53\xe1\x18\xfa\x7d\x6f\
\xf0\xbe\x74\x80\x24\x2d\xcd\xaa\xac\xaf\x01\x7e\x3e\xdd\xb1\x65\
\x3f\x32\xd6\xe1\x25\xe9\x08\x49\xcf\xad\xc2\x0f\x03\xd7\xa7\x3b\
\x3a\xf7\xfb\x05\x6e\x4a\x0d\x1f\xeb\xf0\x2e\xe0\xea\xd4\x7c\x69\
\xa1\x3e\x9f\x0e\x08\x70\xd9\x20\x35\xc0\x65\x83\xd4\x9e\x9e\xff\
\x03\xf9\x60\x3a\x40\x92\x96\x68\x55\xd6\xbf\x4d\xf0\x20\x68\x88\
\x9f\x92\x96\x1a\x57\xe1\x5c\xe0\x96\x74\x47\xe7\x3e\x5f\xe0\xfd\
\xa9\xe1\x63\x1d\xce\x62\xf3\x44\x96\xa4\x2d\xda\xf9\x26\xd3\x33\
\xe9\x8e\x2d\xeb\xf9\x77\x29\xd2\x6c\xb8\x6c\x90\xda\xd3\xeb\x13\
\x4a\xeb\xf0\x1b\xb1\x92\xb4\x68\xab\xb2\xfe\x33\xe0\x42\x96\x73\
\x30\xd0\x4f\xd1\x4a\x0d\xab\x70\x26\xb0\x3f\xdd\xd1\xb9\x2f\x03\
\x6f\x4b\x0d\xdf\x39\x08\xed\xcf\x58\xca\xf9\x42\x3a\x60\xcb\x4e\
\xab\xe0\x37\x5b\xa5\x30\x97\x0d\x52\x7b\x7a\x5d\x36\x3c\x90\x0e\
\x90\xa4\xa5\x5b\x95\xf5\xe7\xd8\x7c\x92\xf8\x89\x74\xcb\x16\x7c\
\xcf\x58\x87\x5e\xff\x9b\x2a\xcd\x5a\x85\x93\x81\x03\xc0\xae\x74\
\x4b\xc7\xfe\x13\xb8\xb8\x6c\xfe\x4c\xb9\x9d\xcd\xcf\x5a\x52\xc6\
\x12\x9f\x52\xf2\x36\x8c\x14\xe6\xb2\x41\x6a\xcf\x9b\xd3\x01\x13\
\xf1\x09\x25\x49\x6a\xc0\xaa\xac\xff\x86\xcd\x62\xfb\xb1\x74\xcb\
\x16\xfc\x78\x3a\x40\xd2\xa1\xea\x66\xc1\x70\x0f\x70\x62\xba\xa5\
\x73\x6f\x2b\xf0\xd5\xd4\xf0\xb1\x0e\xb7\xe0\x93\x26\x52\xda\xc1\
\x74\x40\x80\x7f\xef\x48\x61\x2e\x1b\xa4\x86\x54\x78\x05\xf0\xe2\
\x74\xc7\x44\x5c\x36\x48\x52\x23\x56\x65\xfd\x4f\xc0\x1b\x80\x75\
\xba\x65\x62\x57\x8d\x75\x38\x36\x1d\x21\xe9\x10\xfb\x81\xdd\xe9\
\x88\xce\xbd\xaf\x04\x3f\xd1\x3c\xd6\xe1\x67\xd8\x1c\xfe\x96\x14\
\x54\x36\xaf\x0b\x78\xb7\x41\xd2\x56\xb9\x6c\x90\xda\xd2\xf3\x73\
\x0f\x2e\x1b\x24\xa9\x21\xab\xb2\x7e\x14\xb8\x3c\xdd\x31\xb1\x63\
\x80\xf3\xd2\x11\x92\x36\x2a\xec\x65\xf3\x94\x9b\xa6\x73\x53\x81\
\x8f\xa5\x86\x8f\x75\xb8\x04\xb8\x21\x35\x5f\xd2\xb3\xdc\x97\x0e\
\xd8\x32\x97\x0d\x52\x98\xcb\x06\xa9\x2d\xe7\xa4\x03\x26\xf2\xc5\
\x02\x4f\xa7\x23\x24\x49\x87\x5a\x95\xf5\x43\xc0\xbb\xd3\x1d\x13\
\xbb\x2c\x1d\x20\x09\x2a\x5c\x0f\xec\x49\x77\x74\xee\x60\x81\xf7\
\xa6\x86\x8f\x75\x38\x1d\xf8\x64\x6a\xbe\xa4\xc3\x5a\xda\xdd\x86\
\x93\x2b\x7c\x5b\x3a\x42\x5a\x32\x97\x0d\x52\x5b\xde\x98\x0e\x98\
\x88\xdf\x6a\x90\xa4\x46\xad\xca\xfa\x8f\x81\x8f\xa6\x3b\x26\x74\
\x45\x3a\x40\x5a\xba\x0a\xd7\x00\xd7\xa6\x3b\x3a\xf7\x55\xe0\xca\
\xd4\xf0\xb1\x0e\xdf\x02\xdc\x05\x1c\x9f\x6a\x90\x74\x58\x07\xd3\
\x01\x01\x7e\xbb\x41\x0a\x72\xd9\x20\x35\xa2\xc2\xb7\x02\xa7\xa5\
\x3b\x26\xe2\xb2\x41\x92\x1a\xb6\x2a\xeb\x0f\x00\xf7\xa7\x3b\x26\
\xf2\xed\x63\x1d\xce\x48\x47\x48\x4b\x55\xe1\xed\x04\x9f\xf5\x59\
\x88\xa7\x80\x4b\x0b\x3c\x1e\x6c\xd8\x0f\x9c\x12\x9c\x2f\xe9\x30\
\xca\xe6\x19\xa5\xa5\xdd\x6d\x38\x2b\x1d\x20\x2d\x99\xcb\x06\xa9\
\x1d\x67\xa7\x03\x26\xe4\xb2\x41\x92\xda\xf7\x43\xc0\x93\xe9\x88\
\x89\x5c\x9a\x0e\x90\x96\xa8\x6e\x9e\x08\xdd\x97\xee\x58\x80\x2b\
\x0a\x3c\x92\x1a\x3e\xd6\xe1\x0f\xe9\xfb\xf6\x9c\x34\x77\x7f\x99\
\x0e\xd8\xb2\x57\xa7\x03\xa4\x25\x73\xd9\x20\xb5\xa3\xd7\xaf\xfa\
\x7d\xa3\xc0\xc3\xe9\x08\x49\xd2\xff\x6d\x55\xd6\xff\x0a\xbc\x2f\
\xdd\x31\x11\xef\x36\x48\x5b\x56\xe1\x7b\x81\x3b\xd2\x1d\x0b\xf0\
\xd3\x05\x0e\xa4\x86\x8f\x75\xb8\x06\xf8\xd1\xd4\x7c\x49\xcf\xcb\
\x03\xe9\x80\x2d\x7b\x55\x3a\x40\x5a\x32\x97\x0d\x52\x3b\x7a\xfd\
\x66\xc3\x5f\xa5\x03\x24\x49\xcf\xcf\xaa\xac\x6f\x06\x3e\x93\xee\
\x98\xc0\x45\xe9\x00\x69\x49\x2a\x7c\x27\x70\x37\xf0\xe2\x74\x4b\
\xe7\x3e\x51\xe0\x23\xa9\xe1\x63\x1d\xce\xc7\x27\xb2\xa4\x39\xb8\
\x2f\x1d\xb0\x65\xa7\x56\x78\x51\x3a\x42\x5a\x2a\x97\x0d\x52\x3b\
\x7a\x5d\x36\xfc\x6d\x3a\x40\x92\x74\x44\x7e\x82\x0e\xdf\xf6\x1d\
\xeb\xe0\xfb\xbd\xd2\x16\x54\x18\x80\xcf\x01\x27\xa6\x5b\x3a\xb7\
\x2a\xf0\xce\xd4\xf0\xb1\x0e\xa7\xd0\xe7\x72\x5a\xea\xd1\xd2\xbe\
\xd9\x00\x3e\xa5\x24\xc5\xb8\x6c\x90\x1a\x50\xe1\x54\xe0\xa5\xe9\
\x8e\x89\xb8\x6c\x90\xa4\x19\x59\x95\xf5\x63\xc0\x0d\xe9\x8e\x09\
\xbc\x26\x1d\x20\xf5\x6e\xe7\x93\xa4\x77\x03\xa7\xa5\x5b\x3a\xf7\
\x2f\xc0\xe5\xa9\xe1\x63\x1d\x76\x01\x77\x01\xbb\x52\x0d\x92\x9e\
\xbf\x02\x4f\x00\xff\x90\xee\xd8\x32\x9f\x52\x92\x42\x5c\x36\x48\
\x6d\xe8\xf5\x5b\x0d\xe0\xb2\x41\x92\xe6\xe8\xb7\x80\xaf\xa5\x23\
\x8e\xb2\xd7\xa6\x03\xa4\x05\xb8\x15\xf0\x5b\x44\xd3\x7a\x1c\xb8\
\xb0\x6c\xfe\x4c\xf9\x0c\x70\x7a\x70\xbe\xa4\x23\xb7\xb4\xa7\x94\
\x5c\x36\x48\x21\x2e\x1b\xa4\x36\xf4\xba\x6c\x78\xba\xc0\x97\xd2\
\x11\x92\xa4\x23\xb3\x2a\xeb\x27\x81\x5f\x4a\x77\x1c\x65\x2e\x1b\
\xa4\x09\x55\xd8\x07\x5c\x90\xee\x58\x80\xcb\x0a\xfc\x73\x6a\xf8\
\x58\x87\xdf\x01\xce\x4f\xcd\x97\xf4\xff\x76\x7f\x3a\x60\xcb\x5c\
\x36\x48\x21\xff\x03\x00\x00\xff\xff\xec\xdd\x5b\xc8\x66\x55\x01\
\x87\xf1\x67\x5f\xd5\x38\x6a\xa3\x6d\x4b\x6d\xc6\x43\xa9\x39\x52\
\x9e\x52\x64\x77\x93\xc5\x8c\x9a\x65\xe8\xd8\xc0\x20\x16\x0a\x1d\
\x0c\x2f\x3a\x10\x06\x69\x51\x59\x52\x74\x91\x81\x28\x45\x69\x60\
\x42\x23\xd6\x98\xe0\x69\x1c\x18\x34\xe3\x33\xcb\xcc\x43\xa5\x68\
\x9e\x50\xd4\xfa\x34\x33\xcc\x0e\x17\xab\x8b\xd7\xa0\x8b\xcc\xc3\
\xb7\xf7\xfe\x7f\xef\x5e\xcf\xef\xa6\xcb\xfd\x40\xe0\xe8\xfc\xdf\
\xb5\x96\x63\x83\xb4\x3c\x1c\x99\x0e\x18\xc8\x6d\xe9\x00\x49\xd2\
\xab\xb3\xd0\x2c\x5e\x08\x3c\x99\xee\xe8\xd1\x54\x87\x7d\x29\xae\
\xcc\xae\x5e\xdb\x98\xee\xa8\xc0\xa6\x06\x6e\x49\x7d\xbc\x2b\xed\
\xa9\xc0\x67\x52\xdf\x97\xb4\x24\xb5\x8d\x0d\x47\xa5\x03\xa4\x5a\
\x39\x36\x48\xcb\xc3\x54\x7f\x6d\xe9\xd8\x20\x49\xf3\xed\xdb\xe9\
\x80\x3e\x75\xa5\x3d\x38\xdd\x20\x4d\x4d\x81\x33\x81\xcf\xa6\x3b\
\x2a\xf0\xa5\x06\x36\xa7\x3e\xde\x95\xf6\x48\xe0\xd2\xd4\xf7\x25\
\x2d\x4d\x03\x0f\x02\x8b\xe9\x8e\x31\x15\xaf\x7b\x93\x22\x1c\x1b\
\xa4\xb0\x32\x3b\xde\xb7\x22\xdd\x31\x10\xdf\x6b\x90\xa4\xf9\xf6\
\x1d\xe0\xf9\x74\x44\x8f\xbc\x4b\x5e\xea\x51\x99\x9d\x66\xb8\x20\
\xdd\x51\x81\xcd\x0d\x7c\x39\xf5\xf1\xae\xb4\x6b\x80\xab\x53\xdf\
\x97\xd4\x9b\xed\xe9\x80\x91\x79\x95\x92\x14\xe0\xd8\x20\xe5\x4d\
\xf5\x0a\x25\x70\x6c\x90\xa4\xb9\xb6\xd0\x2c\x3e\x0d\x5c\x92\xee\
\xe8\xd1\xde\xe9\x00\x69\x2a\x0a\xac\x63\xf6\x4e\x83\x86\x75\x63\
\x03\x9b\x52\x1f\xef\x4a\xbb\x02\xb8\x0e\xd8\x2d\xd5\x20\xa9\x37\
\xb5\x5d\xa5\xe4\x89\x56\x29\xc0\xb1\x41\xca\x9b\xea\x15\x4a\x7f\
\x6f\xe0\xee\x74\x84\x24\x69\xc9\x2e\x4e\x07\xf4\x68\x75\x3a\x40\
\x9a\x82\x32\xfb\xb1\xcc\x95\xe9\x8e\x0a\xdc\x07\x9c\x14\x6e\xf8\
\x11\x70\x50\xb8\x41\x52\x3f\x6e\x4d\x07\x8c\xcc\x93\x0d\x52\x80\
\x63\x83\x94\x37\xd5\x2b\x1d\xee\x48\x07\x48\x92\x96\x6e\xa1\x59\
\xbc\x0d\x78\x3c\xdd\xd1\x13\xc7\x06\x69\x89\x5e\xb8\x03\xfb\x5a\
\x60\x65\xba\x65\xe2\xfe\x0c\xac\x6f\x66\xff\x1b\xd1\x95\xf6\x5c\
\xe0\x03\xa9\xef\x4b\xea\xdd\x6f\xd2\x01\x23\x5b\x9b\x0e\x90\x6a\
\xe4\xd8\x20\xe5\xbd\x3d\x1d\x30\x90\xdb\xd3\x01\x92\xa4\xde\xc4\
\x1e\x25\xed\xd9\x9a\x74\x80\x34\xcf\x0a\xec\x09\xdc\x00\xbc\x3e\
\xdd\x52\x81\xf7\x35\xf0\x70\xea\xe3\x5d\x69\x37\x02\xe7\xa4\xbe\
\x2f\xa9\x7f\xcd\xec\x1d\xae\x3b\xd3\x1d\x23\xda\x2f\x1d\x20\xd5\
\xc8\xb1\x41\x0a\x2a\x70\x20\xb0\x43\xba\x63\x20\x5e\xa1\x24\x49\
\xd3\xf1\x93\x74\x40\x4f\x3c\xd9\x20\xbd\x4a\x05\x56\x31\x7b\x5c\
\x74\xaf\x74\x4b\x05\x36\x34\xb0\x90\xfa\x78\x57\xda\x43\xf1\x3d\
\x0e\x69\xaa\x7e\x99\x0e\x18\x53\x81\xb7\xa5\x1b\xa4\xda\x38\x36\
\x48\x59\x87\xa6\x03\x06\xe4\xd8\x20\x49\x13\xb1\xd0\x2c\xfe\x0c\
\xf8\x6b\xba\xa3\x07\xab\xba\xd2\xee\x98\x8e\x90\xe6\x4d\x99\xfd\
\x38\x66\x2b\xb3\x2b\x94\x34\xac\xb3\x1b\xd8\x92\xfa\x78\x57\xda\
\x3d\x80\x6b\x52\xdf\x97\x34\xb8\x5f\xa5\x03\x46\x76\x60\x3a\x40\
\xaa\x8d\x63\x83\x94\x35\xe5\xb1\xc1\x37\x1b\x24\x69\x5a\x7e\x91\
\x0e\xe8\x89\xa7\x1b\xa4\x57\xee\x6a\x66\x8f\x42\x6b\x58\x9b\x1b\
\x38\x2f\xdc\x70\x0d\xb0\x47\xb8\x41\xd2\x70\x6a\x1b\x1b\x7c\xb7\
\x41\x1a\x99\x63\x83\x94\x35\xd5\xb1\xe1\x89\x06\x9e\x49\x47\x48\
\x92\x7a\x75\x4b\x3a\xa0\x27\xbb\xa7\x03\xa4\x79\x52\xe0\x0a\xe0\
\xe8\x74\x47\x05\x6e\x6a\x60\x53\x32\xa0\x2b\xed\xe5\x4c\xf7\xbf\
\x4f\x24\x01\x4d\x7d\x63\x83\x27\x1b\xa4\x91\x39\x36\x48\x59\x47\
\xa5\x03\x06\xe2\x15\x4a\x92\x34\x3d\x53\x39\xd9\xb0\x53\x3a\x40\
\x9a\x17\x05\x2e\x02\x4e\x4e\x77\x54\xe0\x7e\xe0\x84\x64\x40\x57\
\xda\xcf\x03\x1b\x93\x0d\x92\x46\x53\xd3\xe0\xe0\xd8\x20\x8d\xcc\
\xb1\x41\x0a\x29\xb3\x5f\x56\xae\x4a\x77\x0c\xe4\xae\x74\x80\x24\
\xa9\x77\xb7\xa6\x03\x7a\xe2\x9b\x0d\xd2\xcb\x50\xe0\x0b\xc0\x19\
\xe9\x8e\x0a\x2c\x02\xeb\x1a\x78\x36\x15\xd0\x95\xf6\x24\xe0\x6b\
\xa9\xef\x4f\x50\x49\x07\x48\x2f\xa1\xa6\xb1\xe1\xf0\x74\x80\x54\
\x1b\xc7\x06\x29\x67\xca\x47\x94\x3d\xd9\x20\x49\x13\xb3\xd0\x2c\
\xfe\x11\xf8\x5b\xba\xa3\x07\x9e\x6c\x90\x5e\x42\x81\xd3\x80\xaf\
\xa4\x3b\x2a\x71\x6c\x03\x0f\xa7\x3e\xde\x95\xf6\x60\xe0\xb2\xd4\
\xf7\x27\xaa\x49\x07\x48\x2f\xa1\xa6\xb1\x81\x02\x7b\xa5\x1b\xa4\
\x9a\x38\x36\x48\x39\x8e\x0d\x92\xa4\x79\xf3\x40\x3a\xa0\x07\x9e\
\x6c\x90\xfe\x8f\x32\xbb\x36\xe9\x92\x74\x47\x25\x36\x34\xf0\xeb\
\xd4\xc7\xbb\xd2\xae\x06\xae\x07\x56\xa4\x1a\x24\x45\x54\x35\x36\
\xe0\x55\x4a\xd2\xa8\x1c\x1b\xa4\x9c\x43\xd2\x01\x03\xfa\x6d\x3a\
\x40\x92\x34\x88\xd8\xaf\x6f\x7b\xe4\xc9\x06\xe9\x45\x14\x58\xc7\
\xec\x41\x68\x0d\xef\xac\x06\xb6\xa4\x3e\xde\x95\x76\x25\xb0\x95\
\xd9\xd5\xae\x92\x2a\xd2\xc0\x1d\xe9\x86\x91\xad\x4d\x07\x48\x35\
\x71\x6c\x90\x72\xa6\x3a\x36\x3c\xd8\xc0\x73\xe9\x08\x49\xd2\x20\
\x1e\x49\x07\xf4\xc0\x93\x0d\xd2\xff\x50\xe0\x08\xe0\xca\x74\x47\
\x25\xbe\xd7\xc0\x37\xc3\x0d\x5b\xf0\x2f\xe0\xa4\x9a\xdd\x9e\x0e\
\x18\x91\x27\x1b\xa4\x11\x39\x36\x48\x39\x53\xfd\x97\x7b\xaf\x50\
\x92\xa4\xe9\x7a\x34\x1d\xd0\x83\x9d\xd3\x01\xd2\x72\x53\xe0\x00\
\x66\xd7\xe9\xac\x4c\xb7\x54\x60\x6b\x03\x1f\x4d\x06\x74\xa5\xfd\
\x16\xb0\x3e\xd9\x20\x29\xae\xa6\xd3\x0d\x8e\x0d\xd2\x88\x1c\x1b\
\xa4\x80\x02\x07\xa5\x1b\x06\x74\x6f\x3a\x40\x92\x34\x98\xa7\xd2\
\x01\x3d\xf0\x6e\x72\xe9\xbf\x14\xd8\x13\xd8\x06\xec\x9a\x6e\xa9\
\xc0\x3d\xc0\x86\x64\x40\x57\xda\xd3\x81\x4f\x25\x1b\x24\x2d\x0b\
\x77\xa6\x03\x46\xf4\x96\x74\x80\x54\x13\xc7\x06\x29\x63\xaa\xa7\
\x1a\x00\xee\x4f\x07\x48\x92\x06\xf3\x97\x74\x40\x0f\xfe\x95\x0e\
\x90\x96\x8b\x02\xab\x80\xed\xc0\x9a\x74\x4b\x05\x9e\x04\xd6\x25\
\xaf\x1b\xed\x4a\xbb\x1e\xb8\x38\xf5\x7d\x49\xcb\x4a\x4d\x63\x83\
\x7f\xc6\x49\x23\x72\x6c\x90\x32\xa6\x7c\xb2\xe1\xbe\x74\x80\x24\
\x69\x30\xcf\xa4\x03\x7a\xf0\x8f\x74\x80\xb4\x1c\x14\x78\x2d\xb3\
\x07\x82\x0f\x48\xb7\x54\xe0\x79\x60\x7d\x03\x8f\xa5\x02\xba\xd2\
\xae\x25\xf8\x20\xb5\xa4\x65\xa7\xa6\x37\x1b\xfe\x73\x5d\xa0\xa4\
\x11\x38\x36\x48\x19\x9e\x6c\x90\x24\xcd\xa3\x29\x8c\x0d\xff\x4c\
\x07\x48\xcb\xc4\x4f\x81\x23\xd3\x11\x95\xf8\x60\x03\x77\xa5\x3e\
\xde\x95\xb6\x65\x36\x2c\xf9\x26\x87\x24\x00\x1a\x78\x1a\x78\x22\
\xdd\x31\x22\xaf\x52\x92\x46\xe2\xd8\x20\x65\x4c\xf6\x64\x43\x03\
\x8f\xa4\x1b\x24\x49\x83\x79\x36\x1d\xd0\x03\xc7\x06\x55\xaf\xc0\
\x65\xc0\x31\xe9\x8e\x4a\x7c\xba\x81\x6b\xc2\x0d\xd7\x02\xab\xc3\
\x0d\x92\x96\x9f\x9a\x1e\x89\x7e\x73\x3a\x40\xaa\x85\x63\x83\x94\
\x71\x48\x3a\x60\x20\xbf\x4b\x07\x48\x92\x06\xf5\x9a\x74\x40\x0f\
\x62\xf7\xa5\x4b\xcb\x41\x81\x8b\x80\x53\xd2\x1d\x95\xf8\x6e\x03\
\xe7\x27\x03\xba\xd2\x5e\x01\x1c\x91\x6c\x90\xb4\x6c\xd5\xf4\x6e\
\x83\x27\x1b\xa4\x91\x38\x36\x48\x23\x2b\xd3\xfe\x43\xce\x2b\x94\
\x24\x69\xda\x76\x4c\x07\xf4\xe0\xa9\x74\x80\x94\x52\xe0\x6c\xe0\
\x8c\x74\x47\x25\xb6\x35\xf0\xf1\x64\x40\x57\xda\x73\x81\x93\x93\
\x0d\x92\x96\xb5\x9a\xc6\x06\x4f\x36\x48\x23\x71\x6c\x90\xc6\x37\
\xe5\xf7\x1a\x7c\x1c\x5a\x92\xa6\xcd\xb1\x41\x9a\x53\x05\x4e\x03\
\xbe\x9a\xee\xa8\xc4\x5d\xc0\x89\xc9\x80\xae\xb4\xa7\x00\xe7\x24\
\x1b\x24\x2d\x7b\x35\x8d\x0d\x53\xfe\xd1\xa7\xb4\xac\x38\x36\x48\
\xe3\x73\x6c\x90\x24\xcd\x2b\xc7\x06\x69\x0e\x15\xd8\x00\x5c\x92\
\xee\xa8\xc4\x63\xc0\x31\x4d\xf0\xca\xb6\xae\xb4\x1d\xb3\x77\x39\
\x24\xe9\x45\x35\x75\x8d\x0d\x9e\x6c\x90\x46\xe2\xd8\x20\x8d\x6f\
\xb2\x8f\x43\xe3\x35\x4a\x92\x34\x75\x3b\xa5\x03\x7a\xb0\x98\x0e\
\x90\xc6\x54\xe0\x68\xe0\xc7\xe9\x8e\x4a\x3c\x0b\xac\x6b\xe0\x89\
\x54\x40\x57\xda\x7d\x80\xab\x53\xdf\x97\x34\x77\x7e\x9f\x0e\x18\
\xc9\x0e\x05\x76\x4f\x47\x48\x35\x70\x6c\x90\xc6\x37\xe5\x93\x0d\
\x8e\x0d\x92\x34\x6d\x7b\xa7\x03\x7a\xf0\x78\x3a\x40\x1a\x4b\x81\
\xc3\xf0\x2f\x9e\xc7\x74\x62\x03\xf7\xa4\x3e\xde\x95\x76\x67\x60\
\x2b\xb0\x4b\xaa\x41\xd2\xdc\x89\xfd\x33\x2b\xc0\xab\x94\xa4\x11\
\x38\x36\x48\xe3\xdb\x3f\x1d\x30\x94\x06\x1e\x4e\x37\x48\x92\x06\
\x35\xf7\x7f\x86\x2d\x34\x8b\x8e\x0d\xaa\x42\x99\x5d\x19\xb1\x0d\
\xd8\x21\xdd\x52\x89\xd3\x1b\xd8\x1e\x6e\xb8\x8a\x09\xfc\x73\x5a\
\xd2\xa8\x6a\x1a\x1b\xbc\x4a\x49\x1a\x81\x63\x83\x34\xa2\x02\xab\
\x80\x5d\xd3\x1d\x03\x71\x68\x90\xa4\xe9\x3b\x20\x1d\xb0\x44\x9e\
\xc0\x53\x15\x0a\xbc\x9e\xd9\x2f\xdc\xa7\xfa\xef\x9d\xcb\xcd\xb9\
\x0d\xfc\x20\x19\xd0\x95\xf6\x32\xe0\x5d\xc9\x06\x49\x73\xe9\xde\
\x74\xc0\x88\xf6\x4d\x07\x48\x35\x70\x6c\x90\xc6\xb5\x5f\x3a\x60\
\x40\x0f\xa5\x03\x24\x49\x83\x7b\x47\x3a\x60\x89\x1e\x4a\x07\x48\
\x43\x2b\xb0\x12\xb8\x01\xaf\x8b\x18\xcb\xe6\x06\xbe\x98\x0c\xe8\
\x4a\x7b\x16\x70\x4a\xb2\x41\xd2\xdc\xaa\xe9\x64\xc3\x5e\xe9\x00\
\xa9\x06\x8e\x0d\xd2\xb8\xa6\x3c\x36\x3c\x92\x0e\x90\x24\x0d\xa7\
\x2b\xed\x14\x1e\xd5\xf3\x14\x9e\x6a\x70\x15\xb3\xb7\x1a\x34\xbc\
\x9b\x1a\xd8\x94\x0c\xe8\x4a\xfb\x7e\xe0\x1b\xc9\x06\x49\x73\xad\
\x96\x07\xa2\x01\xd6\xa4\x03\xa4\x1a\x38\x36\x48\xe3\x9a\xf2\xd8\
\xe0\x5f\xe0\x48\xd2\xb4\xbd\x33\x1d\xd0\x83\x9a\x7e\xbd\xa7\x0a\
\x15\xb8\x1c\x78\x4f\xba\xa3\x12\xf7\x03\x27\x24\x03\xba\xd2\x1e\
\xc1\xec\xff\x73\x49\x7a\x55\x1a\x78\x16\x78\x22\xdd\x31\x12\x4f\
\x36\x48\x23\x70\x6c\x90\xc6\xe5\xd8\x20\x49\x9a\x57\xef\x4e\x07\
\xf4\xe0\xee\x74\x80\x34\x94\x02\x17\x00\x1b\xd3\x1d\x95\x58\x04\
\xd6\xbd\xf0\x97\x74\x11\x5d\x69\x57\x03\xd7\x02\x2b\x52\x0d\x92\
\x26\xa3\x96\x1f\x63\x38\x36\x48\x23\x70\x6c\x90\xc6\x35\xe5\xbb\
\x73\x1d\x1b\x24\x69\xda\xa6\xf0\x6b\x69\xc7\x06\x4d\x52\x81\xcf\
\x01\x67\xa6\x3b\x2a\xf1\x3c\x70\x5c\x13\xfc\x77\xdf\xae\xb4\x2b\
\x99\x3d\x00\xde\xa6\x1a\x24\x4d\x4a\x2d\x63\xc3\x0e\x05\x76\x49\
\x47\x48\x53\xe7\xd8\x20\x8d\x6b\xff\x74\xc0\x80\x7c\xb3\x41\x92\
\x26\xaa\x2b\xed\x1b\x80\x83\xd2\x1d\x4b\xf4\xdc\x42\xb3\xf8\x68\
\x3a\x42\xea\x5b\x81\x53\x81\xaf\xa7\x3b\x2a\xb2\xa1\x81\xdb\xc2\
\x0d\x5b\x80\xb5\xe1\x06\x49\xd3\x71\x6f\x3a\x60\x44\xbe\xdb\x20\
\x0d\xcc\xb1\x41\x1a\xd7\x1b\xd3\x01\x03\x72\x6c\x90\xa4\xe9\x3a\
\x26\x1d\xd0\x83\xdb\xd3\x01\x52\xdf\x0a\x1c\x07\x5c\x9a\xee\xa8\
\xc8\x87\x1a\xb8\x2e\x19\xd0\x95\xf6\x7c\x60\x7d\xb2\x41\xd2\xe4\
\xd4\x72\xb2\x01\x1c\x1b\xa4\xc1\x39\x36\x48\x23\x29\x70\x58\xba\
\x61\x40\x7f\x6a\x66\x47\xca\x25\x49\xd3\x74\x6a\x3a\xa0\x07\x0b\
\xe9\x00\xa9\x4f\x05\x8e\x62\x76\x67\xbf\xc6\x71\x76\x03\x3f\x4c\
\x06\x74\xa5\xfd\x04\xf0\xc9\x64\x83\x5e\x96\x92\x0e\x90\x5e\xa1\
\x9a\x4e\x36\xf8\x6e\x83\x34\x30\xc7\x06\x69\x3c\xbe\xd7\x20\x49\
\x9a\x3b\x5d\x69\xf7\x04\x8e\x4d\x77\xf4\xe0\xe7\xe9\x00\xa9\x2f\
\x05\xde\x4a\xf8\x17\xf6\x95\xf9\x7e\x03\xe7\x25\x03\xba\xd2\x1e\
\x0f\x5c\x98\x6c\xd0\xcb\xd6\xa4\x03\xa4\x57\xa2\x81\x07\xd3\x0d\
\x23\xf2\x64\x83\x34\x30\xc7\x06\x69\x3c\xfb\xa5\x03\x06\xe4\xd8\
\x20\x49\xd3\xf5\xe1\x74\x40\x4f\x6e\x4e\x07\x48\x7d\x28\xf0\x26\
\x66\x8f\x03\xaf\x4a\xb7\x54\xe2\x8a\x06\x3e\x92\x0c\xe8\x4a\x7b\
\x38\x70\x45\xb2\x41\xd2\xe4\xdd\x97\x0e\x18\xc9\xea\x74\x80\x34\
\x75\x8e\x0d\xd2\x78\xf6\x49\x07\x0c\xc8\xf7\x1a\x24\x69\xba\x3e\
\x96\x0e\xe8\xc1\x7d\x0b\xcd\xe2\x53\xe9\x08\x69\xa9\x0a\xec\x06\
\x6c\xc7\x6b\x20\xc6\x72\x73\x03\x1b\x93\x01\x5d\x69\xf7\x06\xae\
\x07\x56\x24\x3b\x24\x4d\xde\x03\xe9\x80\x91\xf8\xe7\xa7\x34\x30\
\xc7\x06\x69\x3c\x7b\xa7\x03\x06\xe4\xc9\x06\x49\x9a\xa0\xae\xb4\
\xef\x05\xf6\x4d\x77\xf4\x60\x7b\x3a\x40\x5a\xaa\x02\xaf\x03\x6e\
\x04\xf6\x4f\xb7\x54\xe2\x6e\xe0\xf8\x64\x40\x57\xda\x9d\x81\x6d\
\x40\x9b\xec\x90\x54\x85\x3f\xa4\x03\x46\xe2\x35\x4a\xd2\xc0\xfe\
\x0d\x00\x00\xff\xff\xec\xdd\x7b\xac\xa5\xd5\x59\x80\xf1\x67\x49\
\x4d\x86\x6b\xc7\x76\x95\x56\x5a\x5a\xb0\x1a\xc0\x48\x95\x98\x94\
\x2e\x4b\x86\x38\xcc\x0c\xbd\x81\xa5\xc1\x12\xdb\x12\x92\xd2\x1a\
\x2f\xa8\x89\xc1\xa0\x05\x0b\x4d\x31\x83\x21\xfa\x47\x11\xd3\x0b\
\x46\x52\x48\x98\x40\xc6\x01\x46\xb9\x84\x7b\x9b\xb2\xb5\xb5\x34\
\x6a\xc4\x5b\xcb\xb5\x25\x4c\xd9\xb4\x54\xca\xa5\x51\xb3\xfc\xe3\
\x3b\x53\x47\x32\x30\x33\x87\xbd\xbe\xf7\x9c\x6f\x3d\xbf\x64\x67\
\x92\xb9\x9c\xf3\x30\x33\x7b\xcf\x61\xbd\x7b\xad\xe5\xb0\x41\x1a\
\xcf\x11\xd1\x01\x0d\xb9\xb3\x41\x92\xa6\x69\x73\x74\xc0\x82\xdc\
\x1a\x1d\x20\xbd\x1c\x15\x0e\x60\xf8\x7b\x7c\x4c\x74\x4b\x27\x1e\
\x00\x4e\x4a\xf0\x74\x70\xc7\x76\xa6\x7d\x14\xab\xa4\x95\xa3\x97\
\x61\xc3\x4f\x44\x07\x48\x53\xe7\xb0\x41\x1a\x8f\x3b\x1b\x24\x49\
\xab\x46\xa9\xf9\x14\xe0\x67\xa3\x3b\x16\xc4\x61\x83\x56\xad\x0a\
\x6b\x80\x9b\x81\xe3\xa3\x5b\x3a\xf1\x24\xb0\x29\xc1\xb7\x23\x23\
\x4a\xcd\x5b\x80\x75\x91\x0d\x92\xba\xd2\xcb\xb0\x61\xe7\x4e\x41\
\x49\x8d\x38\x6c\x90\x46\xb0\x74\xbe\xee\x94\xcf\x59\x75\x67\x83\
\x24\x4d\xcf\x27\xa3\x03\x16\xe4\x4b\xb3\x34\x7f\x26\x3a\x42\x7a\
\x19\xb6\xe3\xa2\xf3\x58\x9e\x01\x36\xa6\xe0\x45\xb7\x52\xf3\xc5\
\xc0\x19\x91\x0d\x92\xba\xd3\xcd\xb0\x01\x78\x6d\x74\x80\x34\x65\
\x0e\x1b\xa4\x71\x1c\x11\x1d\xd0\xd0\x73\x09\xe6\xd1\x11\x92\xa4\
\xc5\x29\x35\x9f\xc5\x74\x76\x35\xdc\x14\x1d\x20\x2d\x57\x85\x6d\
\xc0\x86\xe8\x8e\x8e\x9c\x9a\xe0\x6b\x91\x01\x4b\xaf\xbf\xe7\x47\
\x36\x48\xea\x92\xc3\x06\x49\x0b\xe1\xb0\x41\x1a\xc7\x94\x8f\x50\
\xfa\x56\x74\x80\x24\x69\x71\x4a\xcd\x87\x03\x97\x47\x77\x2c\xd0\
\x96\xe8\x00\x69\x39\x2a\x7c\x1e\x78\x6f\x74\x47\x47\xde\x9f\xe0\
\xce\xc8\x80\x52\xf3\x06\xe0\xca\xc8\x06\x49\x7d\x4a\xf0\x1c\xf0\
\x78\x74\xc7\x48\x1c\x36\x48\x0d\x39\x6c\x90\xc6\x71\x44\x74\x40\
\x43\xa1\xe7\xd9\x4a\x92\x16\xee\x5a\xe0\xc0\xe8\x88\x05\xf9\xea\
\x2c\xcd\x1f\x88\x8e\x90\xf6\x55\x1d\x06\x7e\x67\x46\x77\x74\xe4\
\x77\x12\x5c\x17\x19\x50\x6a\x3e\x16\xb8\x3e\xb2\x41\x52\xf7\x7a\
\xf9\x9a\xc9\x61\x83\xd4\x90\xc3\x06\x69\x1c\x53\xde\xd9\xe0\xb0\
\x41\x92\x26\xa2\xd4\x7c\x1e\xf0\xb6\xe8\x8e\x05\xba\x26\x3a\x40\
\xda\x57\x75\xb8\x2f\xe5\x37\xa2\x3b\x3a\x72\x49\x82\x4f\x45\x06\
\x94\x9a\x5f\x0f\xdc\xc6\x74\x06\xbd\x92\x56\xa7\xaf\x47\x07\x8c\
\xe4\xd0\xe8\x00\x69\xca\x1c\x36\x48\xe3\x70\xd8\x20\x49\x5a\xd1\
\x4a\xcd\x27\x02\x97\x44\x77\x2c\xd8\xb5\xd1\x01\xd2\xbe\xa8\x70\
\x2e\x70\x41\x74\x47\x47\xae\x4e\xf0\x07\x91\x01\xa5\xe6\x43\x80\
\xdb\xf1\x9d\xb6\x92\xe2\x3d\x1c\x1d\x30\x12\x5f\x6f\xa5\x86\x1c\
\x36\x48\xe3\x70\xd8\x20\x69\x32\x4a\xcd\x6b\xa3\x1b\xb4\x58\xa5\
\xe6\x37\x01\x7f\x15\xdd\xb1\x60\xb7\xcc\xd2\xfc\xd1\xe8\x08\x69\
\x6f\x55\xf8\x28\x70\x69\x74\x47\x47\x6e\x49\x2b\xe3\xa8\xaa\xed\
\xc0\xd1\xd1\x11\x92\x04\xf4\xf2\x75\x93\xc3\x06\xa9\x21\x87\x0d\
\xd2\x38\x8e\x8c\x0e\x68\x68\x47\x74\x80\xa4\xd1\x7d\xa6\xd4\x7c\
\x53\xa9\xf9\x98\xe8\x10\xbd\x7c\xa5\xe6\x83\x80\x9b\x80\x57\x45\
\xb7\x2c\xd8\x67\xa3\x03\xa4\xbd\x55\xe1\x83\xf8\x77\x76\x4c\xf7\
\x02\xa7\x45\x47\x94\x9a\xb7\x00\xeb\xa2\x3b\x24\x69\xc9\x37\xa3\
\x03\x46\xe2\x31\x4a\x52\x43\x0e\x1b\xa4\xc6\xea\x70\xf6\xea\xc1\
\xd1\x1d\x0d\x3d\x11\x1d\x20\x69\x74\xbf\x08\xbc\x13\xb8\xbf\xd4\
\xfc\x17\xa5\x66\xdf\x1d\xb4\xba\x5d\x05\xfc\x74\x74\xc4\x82\x3d\
\x31\x4b\xf3\x6d\xd1\x11\xd2\xde\xa8\xf0\x5e\xe0\xea\xe8\x8e\x8e\
\xfc\x1b\xf0\xee\x04\xcf\x47\x46\x94\x9a\x2f\x04\xce\x88\x6c\x90\
\xa4\x17\xe8\x65\xd8\xe0\xff\xbb\x48\x0d\x39\x6c\x90\xda\xfb\xf1\
\xe8\x80\xc6\x3c\x46\x49\xea\x48\xa9\xf9\x38\xe0\x35\xbb\x7c\xd7\
\x87\x81\xaf\x97\x9a\x2f\x28\x35\xef\x1f\x94\xa5\x65\x2a\x35\x6f\
\x67\x58\xe8\x9c\x1a\xdf\x21\xae\x55\xa1\xc2\xbb\x00\x07\x63\xe3\
\x79\x04\x58\x9f\xe0\xa9\xc8\x88\x52\xf3\x59\xc0\x45\x91\x0d\x92\
\xb4\x1b\xbd\x0c\x1b\xde\x1c\x1d\x20\x4d\x99\xc3\x06\xa9\xbd\xc3\
\xa2\x03\x1a\x73\xd8\x20\xf5\x65\xd3\x6e\xbe\xef\x20\xe0\x93\xc0\
\x43\xa5\xe6\x5f\x1d\xb9\x47\xcb\x50\x6a\x3e\xb0\xd4\x7c\x27\xf0\
\x9e\xe8\x96\x46\xfe\x3c\x3a\x40\xda\x93\x0a\x1b\x80\xbf\x89\xee\
\xe8\xc8\x93\x0c\x83\x86\xc7\x22\x23\x4a\xcd\xeb\x80\x2b\x23\x1b\
\x24\x69\x77\x12\x7c\x17\x78\x36\xba\x63\x0c\x15\x0e\x88\x6e\x90\
\xa6\xca\x61\x83\xd4\x9e\x3b\x1b\x24\x4d\xc9\x86\x97\xf8\xb1\x43\
\x19\xee\x73\xf8\x56\xa9\xf9\xdc\x52\xf3\x94\x8f\x90\x5b\xb5\x4a\
\xcd\xaf\x06\xbe\xc8\x70\x1c\xd6\x14\x7d\x66\x96\xe6\xa1\x8b\x89\
\xd2\x9e\x54\x38\x01\xb8\x31\xba\xa3\x23\xcf\x02\xef\x48\xf0\x8d\
\xc8\x88\x52\xf3\xd1\x0c\x17\x42\x4b\xd2\x4a\xd5\xcb\xee\x86\xd7\
\xec\xf9\xa7\x48\x5a\x0e\x87\x0d\x52\x7b\x93\x1e\x36\x24\xef\x6c\
\x90\x7a\xf3\x52\xc3\x86\x9d\x0e\x03\x2e\x05\x1e\x29\x35\x5f\x5c\
\x6a\xf6\x8b\xf9\x15\x62\xe9\x18\xac\xfb\x80\xe3\xa2\x5b\x1a\xda\
\x1c\x1d\x20\xbd\x94\x0a\x3f\x0f\xdc\x0c\x78\xf4\xdc\x78\x4e\x49\
\xf0\xf7\x91\x01\x4b\xf7\x1b\xdd\x0e\x1c\x12\xd9\x21\x49\x7b\xf0\
\x68\x74\xc0\x48\x7e\x2c\x3a\x40\x9a\x2a\x87\x0d\x52\x7b\x53\x1e\
\x36\xb8\xab\x41\xea\x48\xa9\x79\xe3\x3e\xfe\x92\xb5\xc0\xf9\xc0\
\xc3\xa5\xe6\xcb\x4a\xcd\x6f\x6c\x90\xa5\xbd\x54\x6a\x3e\x87\x61\
\xd0\x30\xe5\x3f\x87\xab\x66\x69\xfe\x70\x74\x84\xf4\x62\x2a\xbc\
\x05\xb8\x83\xe1\xf8\x39\x8d\xe3\xfd\x09\xee\x8c\x0c\x28\x35\x1f\
\x08\xdc\x06\xbc\x3e\xb2\x43\x92\xf6\x42\x2f\x3b\x1b\xd6\x46\x07\
\x48\x53\xe5\xb0\x41\x6a\xcf\x61\x83\xa4\xa9\xd8\x9b\x5d\x0d\xbb\
\xb3\x3f\x70\x0e\xc3\xd0\xe1\xfa\x52\xf3\x3b\x17\xd8\xa4\x3d\x28\
\x35\x1f\x5c\x6a\xbe\x0e\xb8\x2c\xba\x65\x04\x1f\x8f\x0e\x90\x5e\
\x4c\x85\x63\x80\xbb\x80\x57\x46\xb7\x74\xe4\x9c\x04\xd7\x45\x47\
\x00\xd7\x03\xc7\x46\x47\x48\xd2\x5e\x70\x67\x83\xa4\x97\xc5\x61\
\x83\xd4\x9e\xc3\x06\x49\x53\xb1\xaf\x3b\x1b\x76\xe7\x97\x80\x9b\
\x4a\xcd\x0f\x95\x9a\xcf\x2f\x35\x1f\xba\x80\x8f\xa9\x17\x51\x6a\
\x3e\x19\xf8\x57\xe0\xf4\xe8\x96\x11\x7c\x7a\x96\xe6\x0f\x45\x47\
\x48\xbb\x53\xe1\x48\xe0\x1e\xe0\x55\xd1\x2d\x1d\xd9\x9c\xe0\xf2\
\xe8\x88\x52\xf3\x95\x2c\x7f\x58\x2f\x49\x63\xeb\x65\x67\x83\xc3\
\x06\xa9\x11\x87\x0d\x52\x7b\x53\x1e\x36\x78\x5f\x83\xd4\x89\x52\
\xf3\x5a\x16\x7b\xce\xff\x9b\x80\x8b\x81\x1d\xa5\xe6\xad\xa5\xe6\
\x4d\x0b\xfc\xd8\xdd\x2b\x35\xbf\xae\xd4\xbc\x15\xb8\x85\xe1\x0e\
\x8d\xa9\x7b\x1e\xb8\x30\x3a\x42\xda\x9d\x3a\xbc\xde\x7d\x01\x2f\
\xa3\x1c\xd3\x5f\x26\xf8\x58\x74\x44\xa9\xf9\x7c\xe0\xac\xe8\x0e\
\x49\xda\x07\xbd\x0c\x1b\x3c\x46\x49\x6a\xe4\x15\xd1\x01\x52\x07\
\xa6\xbc\xc8\xb3\x23\x3a\x40\xd2\x68\x4e\x6e\xf8\xb1\xdf\x07\xbc\
\xaf\xd4\xfc\x20\x70\x2d\xb0\x75\x96\xe6\x5f\x69\xf8\xf9\x26\xad\
\xd4\xfc\x6b\xc0\x1f\xd3\xd7\x25\xa4\x7f\x3a\x4b\x73\x77\xdb\x69\
\xc5\xa9\xc3\x9b\x4e\xee\x02\xde\x10\xdd\xd2\x91\x5b\x12\x7c\x38\
\x3a\xa2\xd4\x7c\x06\xc3\x50\x5d\x92\x56\x93\xc7\xa3\x03\x46\xe2\
\xce\x06\xa9\x11\x87\x0d\x52\x7b\x53\xfe\x47\xcc\x9d\x0d\x52\x3f\
\xc6\xd8\x79\x70\x24\x70\x1e\x70\x5e\xa9\xf9\x51\x60\x1b\xb0\x6d\
\x96\xe6\x77\x8f\xf0\xb9\xa7\xe0\xf0\xa5\xdf\xb7\xde\x16\x35\xe7\
\xc0\x25\xd1\x11\xd2\x0b\xd5\x61\x27\xc3\x3d\x0c\xaf\x6d\x1a\xc7\
\x97\x81\xd3\xa2\x23\x4a\xcd\xeb\x80\x2d\xd1\x1d\x92\xb4\x0c\xbd\
\xbc\xa1\xd0\x9d\x0d\x52\x23\x1e\xa3\x24\x35\x54\xe1\x88\xe8\x86\
\xc6\x1c\x36\x48\xfd\x78\xcf\xc8\x9f\xef\x70\xe0\xb7\x81\xbb\x4a\
\xcd\x4f\x94\x9a\xaf\x28\x35\xbf\x6b\xe4\x86\xd5\xe6\x27\xe9\x6f\
\xd0\x00\xf0\x7b\xb3\x34\x7f\x3a\x3a\x42\xda\x55\x1d\xee\x66\xb8\
\x03\xf8\xa9\xe8\x96\x8e\xfc\x33\x70\x72\x1a\x8e\x55\x0b\x53\x6a\
\x3e\x1a\xd8\x1e\xd9\x20\x49\xcb\x95\xfa\x39\x46\x69\xca\x6f\x0a\
\x95\x42\xb9\xb3\x41\x6a\x6b\xea\x17\x9f\x7e\x2f\x3a\x40\x52\x7b\
\xa5\xe6\xa3\x88\x7d\x3d\xcb\xc0\xd9\xc0\xd9\xa5\xe6\x67\x81\x2f\
\x01\x77\x03\x77\xcf\xd2\xfc\xde\xc0\x2e\xc5\xfb\xc7\x59\x9a\x5f\
\x19\x1d\x21\xed\xaa\xc2\x41\x0c\x47\x27\x1d\x1b\xdd\xd2\x91\x47\
\x80\x4d\x09\x9e\x8a\x8c\x28\x35\x1f\xc6\x30\x64\xea\xe9\x18\x3b\
\x49\xd3\xf3\x5d\xa6\xbf\x18\x3f\xf5\xff\x3e\x29\x8c\xc3\x06\xa9\
\xad\x57\x47\x07\x34\xe6\x3b\x49\xa5\x3e\x6c\x88\x0e\xd8\xc5\x01\
\xc0\xc6\xa5\x07\xa5\xe6\xe7\x18\x86\x0f\xf7\x00\xf7\xcc\xd2\xfc\
\x8b\x81\x6d\x1a\xdf\x47\xa2\x03\xa4\x5d\xd5\xe1\x35\xea\x36\xe0\
\x2d\xd1\x2d\x1d\x79\x12\x58\x9f\xe0\xb1\xc8\x88\x52\xf3\x5a\xe0\
\x4e\xa6\x7d\x5f\x9b\xa4\x3e\xec\x60\xfa\x8b\xf1\x1e\xa3\x24\x35\
\xe2\xb0\x41\x6a\xcb\x61\x83\xa4\x29\x18\xe3\xbe\x86\xe5\xda\x9f\
\x61\x18\xb2\x01\xa0\xd4\xfc\x3c\xf0\x77\x0c\xc7\x69\xfc\xcb\xce\
\xc7\x2c\xcd\x43\x17\xa1\xd4\xc4\x65\x5e\x24\xae\x95\xa4\xc2\x1a\
\xe0\x66\xe0\x6d\xd1\x2d\x1d\x79\x06\xd8\x98\xe0\x1b\xd1\x21\xc0\
\xad\xc0\x51\xd1\x11\x92\xb4\x00\x3b\x80\xa3\xa3\x23\x1a\x9b\xfa\
\x30\x45\x0a\xe3\xb0\x41\x6a\x2b\x47\x07\x34\xe6\xb0\x41\xea\xc3\
\xfa\xe8\x80\x7d\xb0\x06\x38\x71\xe9\xf1\x43\xa5\xe6\xa7\x81\xfb\
\xf9\xbf\x01\xc4\xfd\x0c\x8b\x53\x0f\xce\xd2\x3c\xf4\x7c\x6f\x2d\
\xcb\x7f\x30\x5c\x26\x2e\xad\x24\xdb\x81\x75\xd1\x11\x9d\x39\x35\
\xc1\xd7\xa2\x23\x4a\xcd\x37\x00\x6f\x8d\xee\x90\xa4\x05\xe9\xe1\
\x92\x68\x77\x36\x48\x8d\x38\x6c\x90\xda\x72\x67\x83\xa4\x55\xad\
\xd4\xfc\x76\x86\xf3\xc7\x57\xbb\x83\x81\xe3\x97\x1e\xff\x4f\xa9\
\xf9\x71\xe0\x01\xe0\xc1\x5d\xbe\x7d\x90\x61\x10\xf1\xf0\x98\x91\
\xda\x6b\x1f\x9a\xa5\xf9\x73\xd1\x11\xd2\x4e\x15\x6e\x60\x65\x1d\
\x39\xd7\x83\x0f\xa4\xe1\xd8\xa2\x50\xa5\xe6\x2b\x80\x53\xa3\x3b\
\x24\x69\x81\x7a\x18\x36\xb8\xb3\x41\x6a\xc4\x61\x83\xd4\xd6\xd4\
\x87\x0d\xff\x19\x1d\x20\xa9\xb9\x1e\x16\xcf\x5e\xb7\xf4\xf8\x85\
\x17\xfe\x40\xa9\x3f\xdc\xa0\xf6\x7d\xe0\x07\xc0\x8f\x8e\x97\xa5\
\x17\x71\xf1\x2c\xcd\xbf\x1c\x1d\x21\xed\x54\x61\x0b\x2e\x36\x8f\
\xed\x9c\x04\xd7\x44\x47\x94\x9a\x2f\x02\xce\x8e\xee\x90\xa4\x05\
\xeb\x61\xd8\xb0\x26\x3a\x40\x9a\x2a\x87\x0d\x52\x5b\x53\x1f\x36\
\xb8\xb3\x41\x9a\xbe\x8d\xd1\x01\x2b\xc4\x41\x4c\x63\x87\xc7\x6a\
\xf7\x85\x59\x9a\xff\x61\x74\x84\xb4\x53\x85\xcf\x03\x67\x44\x77\
\x74\x66\x73\x82\xcb\xa3\x23\x4a\xcd\x67\x03\x17\x46\x77\x48\x52\
\x03\x3d\x0c\x1b\xa8\xb0\x5f\x82\xff\x89\xee\x90\xa6\xe6\x47\xa2\
\x03\xa4\x89\x9b\xf4\xb0\x21\x81\x47\x58\x48\x13\x56\x6a\x3e\x10\
\x78\x7b\x74\x87\xb4\xe4\x31\xe0\xb4\xe8\x08\x69\xa7\x0a\x9f\x05\
\xce\x8c\xee\xe8\xcc\xd5\x09\x3e\x16\x1d\x51\x6a\x3e\x15\xb8\x22\
\xba\x43\x92\x1a\xe9\x62\xd8\x80\x6b\xa2\x52\x13\x3e\xb1\xa4\xb6\
\xa6\x3c\x6c\x78\x2a\x3a\x40\x52\x73\x27\x45\x07\x48\xbb\x38\x65\
\x96\xe6\xdf\x89\x8e\x90\x00\x2a\xfc\x09\xf0\xd1\xe8\x8e\xce\xdc\
\x98\x56\xc0\x70\xa7\xd4\x7c\x02\xc3\x1d\x1d\x92\x34\x55\xdf\x8e\
\x0e\x18\x89\x6b\xa2\x52\x03\x3e\xb1\xa4\xb6\xf2\x9e\x7f\xca\xaa\
\xe5\x7d\x0d\xd2\xf4\xf5\x70\x5f\x83\x56\x87\x5f\x99\xa5\xf9\x7d\
\xd1\x11\x12\x40\x85\x4f\x00\xbf\x1b\xdd\xd1\x99\xaf\xb0\x02\x8e\
\xab\x2a\x35\xff\x0c\x70\x53\x74\x87\x24\x35\xf6\x64\x74\xc0\x48\
\x5c\x13\x95\x1a\xf0\x89\x25\xb5\xf5\x86\xe8\x80\x86\xbc\xaf\x41\
\x9a\xbe\x4d\xd1\x01\x12\xf0\x89\x59\x9a\x6f\x89\x8e\x90\x00\x2a\
\x9c\x0b\x7c\x3c\xba\xa3\x33\xff\x0e\x6c\x4a\xf0\x7c\x64\x44\xa9\
\xf9\x8d\xc0\xed\xc0\xc1\x91\x1d\x92\x34\x82\x79\x74\xc0\x48\xf6\
\x8b\x0e\x90\xa6\xc8\x61\x83\xd4\x48\x85\xfd\xa3\x1b\x1a\x73\x67\
\x83\x34\x61\xa5\xe6\xc3\x81\xa3\xa2\x3b\xd4\xbd\xad\xb3\x34\xbf\
\x28\x3a\x42\x02\xa8\xf0\x5b\xc0\xa5\xd1\x1d\x9d\xf9\x26\x70\x62\
\x0a\x3e\xbe\xb3\xd4\xbc\x16\xb8\x13\x78\x6d\x64\x87\x24\x8d\x21\
\xfa\x35\x77\x44\xae\x89\x4a\x0d\xf8\xc4\x92\xda\x99\xf2\x7d\x0d\
\x00\xdf\x8f\x0e\x90\xd4\xd4\xc6\xe8\x00\x75\xef\xde\x59\x9a\x9f\
\x1e\x1d\x21\x01\x54\xf8\x08\xf0\xa9\xe8\x8e\xce\x7c\x07\x38\x29\
\xc1\xe3\x91\x11\xa5\xe6\x35\xc0\xad\xc0\x9b\x23\x3b\x24\x69\x64\
\x4f\x44\x07\x8c\xc0\x35\x51\xa9\x01\x9f\x58\x52\x3b\x87\x44\x07\
\x34\xe6\xce\x06\x69\xda\x1c\x36\x28\xd2\x7d\xc0\xc9\xd1\x11\x12\
\x40\x85\x0f\x02\x9f\x8b\xee\xe8\xcc\xb3\xc0\xfa\x34\x1c\xa1\x14\
\x6d\x1b\xf0\xd6\xe8\x08\x49\x1a\x59\x0f\x47\x29\xb9\x26\x2a\x35\
\xe0\x13\x4b\x6a\xe7\x95\xd1\x01\x8d\x79\x67\x83\x34\x6d\xef\x88\
\x0e\x50\xb7\xee\x03\xd6\xcf\xd2\xdc\x1d\x74\x0a\x57\xe1\x74\xe0\
\xea\xe8\x8e\x0e\xbd\x3b\xc1\x3f\x44\x47\x94\x9a\xaf\xc2\x7f\x0f\
\x25\xf5\xa9\x87\x4b\xa2\x5d\x13\x95\x1a\xf0\x89\x25\xb5\xe3\xce\
\x06\x49\xab\x52\xa9\xf9\xe7\x80\xb5\xd1\x1d\xea\xd2\x3f\x31\x0c\
\x1a\xbe\x17\x1d\x22\x55\x38\x15\xb8\x2e\xba\xa3\x43\xa7\x27\xb8\
\x3b\x3a\xa2\xd4\xbc\x19\xf8\x50\x74\x87\x24\x05\x71\x67\x83\xa4\
\x65\xf1\x89\x25\xb5\x33\xf5\x61\x83\x3b\x1b\xa4\xe9\xf2\x08\x25\
\x45\xf8\x2a\xb0\xce\x41\x83\x56\x82\x3a\xbc\x9b\xfd\x86\xe8\x8e\
\x0e\xfd\x7a\x82\xad\xd1\x11\xa5\xe6\xdf\x04\x7e\x3f\xba\x43\x92\
\x02\xf5\xb0\xb3\x61\xbf\xe8\x00\x69\x8a\x1c\x36\x48\xed\x4c\x7d\
\xd8\xf0\x83\xe8\x00\x49\xcd\x38\x6c\xd0\xd8\xfe\x16\x38\x71\x96\
\xe6\x4f\x45\x87\x48\x75\xb8\x2f\xe4\xe6\xe8\x8e\x0e\xfd\x51\x82\
\x4f\x47\x47\x94\x9a\x7f\x19\xf8\xb3\xe8\x0e\x49\x0a\xd6\xc3\xb0\
\xc1\x35\x51\xa9\x01\x9f\x58\x52\x3b\x53\x1f\x36\xfc\x57\x74\x80\
\xa4\x66\x1c\x36\x68\x4c\x77\x30\x1c\x9d\xf4\x4c\x74\x88\x54\xe1\
\x04\xe0\xfa\xe8\x8e\x0e\x5d\x93\xe0\x82\xe8\x88\x52\xf3\x7a\xe0\
\xda\xe8\x0e\x49\x5a\x01\x7a\x38\x46\x29\x45\x07\x48\x53\xf4\x8a\
\xe8\x00\x69\xc2\xa6\x3e\x6c\xf8\xef\xe8\x00\x49\x8b\x57\x6a\xde\
\x10\xdd\xa0\xae\x5c\x3d\x4b\xf3\x33\xa3\x23\x24\x80\x0a\xc7\x03\
\xb7\x02\x6b\xa2\x5b\x3a\xf3\xd7\x09\x3e\x10\x1d\x51\x6a\x3e\x0e\
\xb8\x31\xba\x43\x92\x56\x88\x1e\x76\x36\x38\x6c\x90\x1a\xf8\x5f\
\x00\x00\x00\xff\xff\xec\xdd\x7b\xe8\x9e\x65\x1d\xc7\xf1\xf7\x45\
\x19\xea\xe6\xa1\xf6\x78\x3e\x64\x6a\xa8\x23\x15\xa7\x52\xb7\x87\
\x3c\xcc\x3c\x14\x5a\x96\x2b\xc2\x52\x3a\x10\x04\x09\x19\xe4\x3f\
\x66\xa2\x99\x10\xf9\x87\x89\x41\xa1\xd1\x41\x1b\x1d\x34\xb2\xd2\
\x61\x6d\xa6\x5b\xee\x2e\xd0\x8c\x0a\x47\x8a\xa7\x26\x4a\x7a\xa3\
\x59\x4b\x07\x66\x57\x7f\xdc\xcf\x60\x9a\xe6\x9e\x9f\xbf\xeb\xf9\
\x3e\xf7\x7d\xbf\x5f\x30\x7e\x63\xec\x8f\xf7\x3f\x3b\xf0\x7c\x7e\
\xd7\x75\x79\xb2\x41\x2a\xc7\xb1\x41\x52\x17\x79\xaa\x41\xd3\x72\
\xa1\x43\x83\x66\xc5\x78\x68\x58\x09\x6c\x1b\xdd\x32\x30\x6b\x13\
\x9c\x1e\x1d\x51\xe5\xd1\xde\xc0\xaf\x80\x05\xd1\x2d\x92\x34\x23\
\x9e\x8a\x0e\x98\x02\xc7\x06\xa9\x00\x4f\x36\x48\xe5\x38\x36\x48\
\xea\x22\xc7\x06\x95\xb6\x01\xf8\x50\x9d\x9a\x5b\xa2\x43\x24\x80\
\x0c\x4b\x68\x4f\x34\x2c\x8c\x6e\x19\x98\x3f\x01\xef\x8e\x8e\xa8\
\xf2\x68\x11\x70\x1b\xb0\x28\xba\x45\x92\x66\xc8\x10\xae\xb7\x74\
\x6c\x90\x0a\x70\x6c\x90\xca\x71\x6c\x90\xd4\x29\x55\x1e\x8d\x80\
\xc3\xa2\x3b\xd4\x6b\x0f\x03\xa7\xd7\xa9\xf9\x73\x74\x88\x04\x90\
\xe1\x60\xda\x0f\x9a\x77\x88\x6e\x19\x98\x07\x81\x93\x12\x3c\x13\
\x19\x51\xe5\xd1\x02\xda\x13\x0d\xfb\x45\x76\x48\xd2\x0c\x7a\x36\
\x3a\x40\x52\x37\x79\x8d\x92\x54\x8e\x63\x83\xa4\xae\xf1\xbd\x06\
\x95\xb4\x02\x38\xc4\xa1\x41\xb3\x22\xc3\x81\xc0\xed\x38\x34\x4c\
\xdb\x63\xc0\xf1\x09\x9e\x88\x0e\xa1\x7d\xa3\xc1\x91\x5d\x92\xfe\
\xd7\x10\xc6\x06\x4f\x36\x48\x05\x78\xb2\x41\x2a\xc7\xb1\x41\x52\
\xd7\x38\x36\xa8\x94\x8b\xea\xd4\x5c\x16\x1d\x21\x6d\x92\x61\x7f\
\xe0\x0e\xe0\x4d\xd1\x2d\x03\xd3\xd0\x0e\x0d\xeb\xa3\x43\xaa\x3c\
\xfa\x11\x70\x62\x74\x87\x24\xcd\xa8\x0d\xd1\x01\x53\xe0\xd8\x20\
\x15\xe0\xd8\x20\x95\xd3\xf7\x07\x06\x1d\x1b\xa4\xfe\x39\x35\x3a\
\x40\xbd\xf3\x08\x70\x6e\x9d\x9a\x3b\xa2\x43\xa4\x4d\x32\xec\x0b\
\xac\x06\x76\x8e\x6e\x19\x98\x0d\xc0\xc9\x09\xee\x8f\x0e\xa9\xf2\
\xe8\x2a\x60\x59\x74\x87\x7a\x2b\x47\x07\x48\xf3\xe0\xb9\xe8\x80\
\x29\x70\x6c\x90\x0a\x70\x6c\x90\xca\xd9\x3a\x3a\xa0\xb0\x17\xa2\
\x03\x24\xcd\x9f\x2a\x8f\x76\x07\xf6\x88\xee\x50\xaf\x5c\x5a\xa7\
\xe6\xe2\xe8\x08\x69\x73\x19\xf6\xa4\x3d\xd1\xb0\x5b\x74\xcb\xc0\
\x6c\x04\x4e\x49\x70\x4f\x74\x48\x95\x47\x17\x00\xe7\x45\x77\xa8\
\xd7\xfc\x00\x53\x7d\x30\x84\x07\xa2\x25\x15\xe0\x9b\x0d\x52\x39\
\xdb\x44\x07\x14\xe6\xc9\x06\xa9\x47\xea\xd4\x3c\x06\x1c\xc5\x0c\
\x7c\xc7\xa9\x3a\xef\xd7\xc0\x01\x0e\x0d\x9a\x35\x19\x76\x05\xd6\
\xd0\x0e\x0e\x9a\xae\xf7\x26\x58\x1b\x1d\x51\xe5\xd1\x87\x81\xaf\
\x44\x77\x48\xd2\xac\x4b\xf0\x74\x74\x83\xa4\x6e\x72\x6c\x90\xca\
\xe9\xfb\xc9\x06\xc7\x06\xa9\x67\xea\xd4\xd4\xc0\x21\xc0\x57\xa3\
\x5b\xd4\x49\x8f\x02\xcb\xea\xd4\x9c\x58\xa7\xe6\xbe\xe8\x18\x69\
\x73\x19\x76\xa2\x1d\x1a\xf6\x09\x4e\x19\xa2\xb3\x12\xfc\x32\x3a\
\xa2\xca\xa3\x93\x81\xe5\xd1\x1d\x92\xa4\x99\xe1\x29\x24\xa9\x00\
\xc7\x06\xa9\x1c\x4f\x36\x48\xea\x9c\x3a\x35\x1b\xeb\xd4\x5c\x00\
\xbc\x19\xf8\x76\x74\x8f\x3a\xe3\xcb\xb4\xa7\x19\x6e\x88\x0e\x91\
\x5e\x2a\xb7\x8f\x40\xaf\xa6\x7d\x14\x5a\xd3\xf5\xb1\x04\x37\x46\
\x47\x54\x79\x74\x24\x70\x53\x74\x87\x24\x75\xcc\x3f\xa3\x03\x24\
\x75\x8f\x63\x83\x54\xce\xf6\xd1\x01\x85\x39\x36\x48\x3d\x56\xa7\
\xe6\xaf\x75\x6a\x3e\x0e\x1c\x00\x5c\x17\xdd\xa3\x99\x75\x03\xb0\
\x5f\x9d\x9a\x2f\xd4\xa9\x79\x36\x3a\x46\x7a\xa9\x0c\x3b\x00\xb7\
\x03\x07\x06\xa7\x0c\xd1\x67\x13\x7c\x27\x3a\xa2\xca\xa3\x83\x68\
\x4f\x56\xf4\xfd\xd4\xb1\x66\x87\x0f\x44\xab\x2f\xfc\xbf\x9d\xa4\
\x89\x39\x36\x48\x9a\x2b\xc7\x06\x69\x00\xea\xd4\xdc\x57\xa7\xe6\
\x1c\xda\x93\x0e\x5f\x07\x9e\x0b\x4e\xd2\x6c\xf8\x03\xf0\x8e\x3a\
\x35\xcb\xea\xd4\x3c\x18\x1d\x23\xbd\x9c\x0c\x0b\x81\xdb\x80\x83\
\xa3\x5b\x06\xe8\xf2\x04\x5f\x8b\x8e\xa8\xf2\x68\x2f\x60\x25\xb0\
\x63\x74\x8b\x06\xc5\xab\x59\xd4\x17\x3e\x12\x2d\x69\x62\x8e\x0d\
\x52\x01\x19\xb6\x8d\x6e\x98\x02\xc7\x06\x69\x40\xc6\x27\x1d\x3e\
\x43\x7b\xdf\xf9\xa5\xc0\x13\xb1\x45\x0a\xf2\x28\xf0\x91\x3a\x35\
\x87\xd5\xa9\xf9\x5d\x74\x8c\xf4\x4a\xc6\x43\xc3\x4a\x60\x49\x74\
\xcb\x00\x7d\x23\xc1\x85\xd1\x11\x55\x1e\x2d\xa2\x3d\xd5\xb2\x7b\
\x70\x8a\x24\x75\x55\xdf\x4f\x36\x38\x0c\x4a\x05\x38\x36\x48\x65\
\xf4\xfd\xbd\x06\x80\x17\xa2\x03\x24\x4d\x5f\x9d\x9a\x27\xea\xd4\
\x5c\x5c\xa7\x66\x17\xe0\x5c\xe0\x9e\xe8\x26\x4d\xc5\x03\xc0\x27\
\xeb\xd4\xec\x55\xa7\xe6\xfb\xd1\x31\xd2\xff\x33\xfe\xa6\x8f\x15\
\xc0\xdb\xa3\x5b\x06\x68\x79\x82\x4f\x47\x47\x54\x79\xb4\x2d\xb0\
\x0a\xd8\x37\xba\x45\x92\x3a\xcc\x93\x0d\x92\x26\xe6\xd8\x20\x95\
\x31\x84\x3b\x61\x1d\x1b\xa4\x81\xab\x53\xf3\xbd\x3a\x35\x4b\x80\
\xa3\x69\xdf\x75\xd8\x18\x9c\xa4\xf9\xb7\x0e\xf8\x68\x9d\x9a\xfd\
\xeb\xd4\x7c\x2b\x3a\x46\x7a\x35\xb9\xfd\x3f\xd8\xcf\x80\x63\xa2\
\x5b\x06\xe8\xa6\x04\x67\x47\x47\x8c\xdd\x0c\x1c\x1a\x1d\x21\x49\
\x1d\xf7\x7c\x74\x80\xa4\xee\x71\x6c\x90\xca\x18\xc2\xc9\x86\xd7\
\x45\x07\x48\x9a\x0d\x75\x6a\xd6\x8e\xdf\x75\xd8\x03\x38\x9f\xf6\
\x03\x6a\x75\xdb\xcf\x81\xd3\xea\xd4\x2c\xae\x53\x73\x7d\x74\x8c\
\x34\x81\x9f\x00\x4b\xa3\x23\x06\x68\x45\x82\xf7\x45\x47\x00\x54\
\x79\xf4\x5d\xe0\xf8\xe8\x0e\x0d\x9a\x0f\x44\xab\x2f\xfa\x7e\x75\
\xb2\x7f\x56\xa5\x02\x5e\x1f\x1d\x20\xf5\xd4\x10\x4e\x36\x38\x36\
\x48\x7a\x91\x3a\x35\x4f\x01\x57\x02\x57\x56\x79\xb4\x18\x58\x06\
\x9c\x05\xbc\x2d\x34\x4c\x5b\xea\x6f\xc0\xb5\xc0\x37\xeb\xd4\xac\
\x8f\x8e\x91\x26\x95\xdb\xab\x93\x4e\x8d\xee\x18\xa0\xd5\xc0\xfb\
\xa3\x23\x36\x73\x5c\x74\x80\x06\xcf\x7b\xe0\xd5\x17\xde\x66\x20\
\x69\x62\x8e\x0d\x52\x19\x5b\x45\x07\x4c\x81\x63\x83\xa4\x57\x54\
\xa7\xe6\x5e\xe0\x12\xe0\x92\x2a\x8f\x0e\x00\x3e\x00\x9c\x09\x1c\
\x11\x1a\xa6\x97\xfa\x17\x70\x23\xf0\x83\x3a\x35\x2b\xa2\x63\xa4\
\xb9\xca\x70\x13\x0e\x0d\x11\x7e\x0b\x9c\x96\xbc\x46\x4f\x92\xfa\
\xc8\x93\x0d\x92\x26\xe6\xd8\x20\x69\xae\xbc\x86\x4d\xd2\x16\xa9\
\x53\xf3\x17\xe0\x72\xe0\xf2\x2a\x8f\xf6\xa4\xbd\x6a\xe3\x0c\xe0\
\x58\x86\x71\x12\x6c\xd6\x3c\x0b\xdc\x0a\x2c\x07\x7e\x51\xa7\xc6\
\x0f\x09\xd5\x69\xe3\xa1\xe1\x8c\xe8\x8e\x01\xba\x1b\x78\x57\x6a\
\xff\x4e\x91\x24\xf5\x8f\x27\x1b\x24\x4d\xcc\xb1\x41\xd2\x5c\x79\
\xb2\x41\xd2\xc4\xea\xd4\x3c\x0a\x5c\x3d\xfe\x41\x95\x47\xc7\xd2\
\xde\xad\x7d\x02\x50\xe1\xf8\x50\xca\x3a\xe0\x16\x60\x45\x9d\x9a\
\x55\xd1\x31\xd2\x7c\x71\x68\x08\xf3\x47\x60\x69\x82\x0d\xd1\x21\
\x92\xa4\x62\x3c\xd9\x20\x69\x62\x8e\x0d\x52\x19\x43\xb8\xa7\xd3\
\xb1\x41\xd2\x6b\x56\xa7\x66\x0d\xb0\x06\xf8\x12\x40\x95\x47\xef\
\x04\x36\xfd\x38\x0a\x58\x10\x57\xd7\x69\xff\x00\x56\x01\x2b\x81\
\x9b\xeb\xd4\x3c\x12\xdc\x23\xcd\xbb\x0c\x3f\xc6\xa1\x21\xc2\x3a\
\xe0\x84\x04\xcf\x44\x87\x48\x92\x8a\xf2\x64\x83\xa4\x89\x39\x36\
\x48\x9a\x2b\xc7\x06\x49\xf3\xae\x4e\xcd\x6a\xda\xc7\x46\x01\xa8\
\xf2\xa8\x02\x8e\x06\x8e\xa1\x1d\x20\xde\x18\x94\xd6\x05\xcf\x00\
\x57\x01\xb7\xd6\xa9\xb9\x33\x3a\x46\x2a\x69\x3c\x34\x9c\x15\xdd\
\x31\x40\xf7\x03\xc7\x25\x78\x2a\x3a\x44\x92\x54\x9c\x27\x1b\x24\
\x4d\xcc\xb1\x41\xd2\x5c\xf9\x66\x83\xa4\xe2\xea\xd4\xd4\x40\x0d\
\x5c\x01\x50\xe5\xd1\x41\xb4\x6f\x3d\x1c\x0a\xec\x07\xec\x3f\xfe\
\x2a\xf8\x7d\x9d\x9a\x2f\x46\x47\x48\xa5\x39\x34\x84\x79\x88\x76\
\x68\x78\x32\x3a\x44\x92\x34\x15\x9e\x6c\x90\x34\x31\xc7\x06\xa9\
\x0c\xaf\x51\x92\xa4\x02\xea\xd4\xac\xa3\xbd\xc2\xe3\x45\xaa\x3c\
\xda\x34\x3c\x1c\x06\x1c\x42\x3b\x46\x2c\x9e\x6e\x9d\xa4\xd2\x32\
\x5c\x8f\x43\x43\x84\xf5\xb4\x43\xc3\xe3\xd1\x21\x92\xa4\xa9\xe9\
\xfb\xd8\xe0\xc9\x06\xa9\x00\xc7\x06\x49\x73\xe5\xd8\x20\x69\x66\
\xd4\xa9\x79\x00\x78\x00\xb8\x75\xf3\x5f\xaf\xf2\xe8\x08\x60\x4f\
\x60\x17\x60\xd7\xf1\xd7\x5d\x80\x9d\x80\xdd\xc6\x3f\xdf\x6e\xaa\
\xb1\x92\xe6\x64\x3c\x34\x9c\x1d\xdd\x31\x40\x8f\xd3\x0e\x0d\xeb\
\xa3\x43\x24\x49\x53\xd5\xf7\x6b\x94\x24\x15\xe0\xd8\x20\x69\xae\
\xbc\x46\x49\xd2\xcc\xab\x53\x73\x17\x70\xd7\xab\xfd\xbe\x2a\x8f\
\xf6\x01\x76\xa6\x7d\x13\x62\x01\xb0\x70\xb3\xaf\xdb\x8e\xbf\x2e\
\x04\x8e\x04\x0e\x2f\x94\x2b\xe9\x15\x38\x34\x84\x79\x92\x76\x68\
\x78\x28\x3a\x44\x92\x34\x75\x9e\x6c\x90\x34\x31\xc7\x06\xa9\x8c\
\x21\x5c\xa3\xb4\x55\x74\x80\x24\xcd\x97\x3a\x35\x0f\x03\x0f\xbf\
\xda\xef\xab\xf2\xe8\x73\x38\x36\x48\x53\x95\xe1\x5a\x1c\x1a\x22\
\x3c\x0d\x1c\x9f\xda\x47\xa1\x25\x49\xc3\xf3\x7c\x74\x40\x61\xff\
\x89\x0e\x90\xfa\xc8\xef\x4c\x96\x34\x57\x5b\x47\x07\x48\x92\xa4\
\x7e\xcb\x70\x0d\xf0\x89\xe8\x8e\x01\xfa\x3b\xb0\x34\xc1\xbd\xd1\
\x21\x92\xa4\x30\x9e\x6c\x90\x34\x31\x4f\x36\x48\x9a\xab\x6d\xa2\
\x03\x24\x49\x52\x7f\x79\x75\x52\x98\x0d\xc0\x49\x09\xee\x89\x0e\
\x91\x24\x85\xea\xfb\x6d\x06\x8e\x0d\x52\x01\x8e\x0d\x52\x19\x7d\
\xff\x0e\x00\x70\x6c\x90\x24\x49\x85\x64\xf8\x21\xf0\xc1\xe8\x8e\
\x01\x7a\x0e\x38\x25\xc1\xdd\xd1\x21\x92\xa4\x70\x7d\xff\xcc\xd0\
\x6b\x94\xa4\x02\xfa\xfe\x17\x87\x14\x65\x08\x0b\xb9\x63\x83\x24\
\x49\x9a\x77\x19\x6e\x01\x4e\x8b\xee\x18\xa0\x8d\xc0\xa9\x09\xd6\
\x46\x87\x48\x92\x66\xc2\x1b\xa2\x03\x0a\x1b\xc2\xe7\x36\xd2\xd4\
\x39\x36\x48\x65\x0c\xe1\x1f\x2d\xc7\x06\x49\x92\x34\xaf\x32\xac\
\x04\x96\x46\x77\x0c\xd4\xe9\x09\x56\x47\x47\x48\x92\x66\x86\xd7\
\x28\x49\x9a\x98\x0f\x44\x4b\x65\x0c\xe1\x1f\x2d\xc7\x06\x49\x92\
\x34\x2f\x32\x6c\x93\xdb\x0f\xba\x1d\x1a\x62\xbc\x27\xb5\x43\x8f\
\x24\x49\x9b\xf4\xfd\x64\x83\xd7\x28\x49\x05\x38\x36\x48\x65\x38\
\x36\x48\x92\x24\x6d\x81\x0c\xdb\x03\xb7\x01\xc7\x46\xb7\x0c\xd4\
\x99\xa9\xbd\xba\x4a\x92\xa4\xcd\x79\xb2\x41\xd2\xc4\xbc\x46\x49\
\xd2\x5c\x39\x36\x48\x92\xa4\xd7\x24\xc3\x8e\xc0\x2a\x60\x49\x74\
\xcb\x40\x9d\x9d\xe0\xa7\xd1\x11\x92\xa4\x99\xe4\xd8\x20\x69\x62\
\x8e\x0d\x52\x19\xff\x8e\x0e\x98\x82\xad\xa3\x03\x24\x49\x52\x77\
\x65\x58\x44\x7b\x75\xd2\xe2\xe8\x96\x81\x3a\x27\xc1\xf2\xe8\x08\
\x49\xd2\xcc\xea\xfb\xd8\xe0\x35\x4a\x52\x01\x5e\xa3\x24\x95\x31\
\x84\xb1\xc1\x93\x0d\x92\x24\x69\x4e\x32\xec\x0e\xd4\x38\x34\x44\
\xf9\x54\x82\xeb\xa2\x23\x24\x49\x33\xad\xef\x63\x83\x27\x1b\xa4\
\x02\x1c\x1b\xa4\x32\x1c\x1b\x24\x49\x92\x5e\x46\x86\xbd\x81\x35\
\xc0\x5b\xa3\x5b\x06\xea\xfc\x04\xd7\x44\x47\x48\x92\x66\x9e\x0f\
\x44\x4b\x9a\x98\xd7\x28\x49\x65\x0c\x61\x6c\x58\x10\x1d\x20\x49\
\x92\xba\x25\xc3\x5b\x80\xdf\xd0\x9e\x6c\xd0\xf4\x7d\x3e\xc1\x95\
\xd1\x11\x92\xa4\x4e\xe8\xfb\xc9\x06\xc7\x06\xa9\x00\x4f\x36\x48\
\x65\xbc\x10\x1d\x30\x05\xdb\x47\x07\x48\x92\xa4\xee\xc8\x70\x20\
\xb0\x16\x87\x86\x28\x97\x25\xb8\x22\x3a\x42\x92\xd4\x19\x8e\x0d\
\x92\x26\xe6\xc9\x06\xa9\x8c\x8d\xd1\x01\x53\xe0\xd8\x20\x49\x92\
\xb6\x48\x6e\xdf\x66\x58\x4d\xfb\x28\xb4\xa6\xef\xea\x04\x17\x45\
\x47\x48\x92\x3a\xa5\xef\x63\xc3\x10\xbe\x49\x54\x9a\x3a\x4f\x36\
\x48\x65\x0c\x61\x6c\xd8\x2e\x3a\x40\x92\x24\xcd\xbe\x0c\x87\x03\
\x77\xe2\xd0\x10\xe5\x9a\x04\xe7\x45\x47\x48\x92\x3a\xa7\xef\x63\
\x83\x27\x1b\xa4\x02\xfe\x0b\x00\x00\xff\xff\xec\xdd\xcf\xeb\xe5\
\x55\x1d\xc7\xf1\xd7\x27\x5c\x38\x39\xe8\xd4\x7c\xb5\x5f\xa4\xd3\
\xc2\x4d\x90\x8b\x6c\xe1\x2c\x2c\x64\x12\xb2\x86\x86\x84\x61\x12\
\xad\x40\x49\xb0\x5a\x48\xfb\xca\xfe\x80\x70\x11\xb8\x29\x83\xca\
\xc0\x32\x68\x48\x9a\x12\x86\x51\x07\x23\x37\x2e\x72\xe3\xc2\x48\
\xcc\x48\x6b\xcc\xfc\x95\xb5\x3b\x2d\x6e\x54\x26\x43\x39\x33\xe7\
\xbe\xef\x3d\xe7\xf1\x58\xcf\xe2\xb9\xf8\xc2\x7c\xef\xf7\x75\xcf\
\x39\xc6\x06\xe8\x60\x49\x5e\xab\x6e\x58\x83\xdd\xd5\x01\x00\xc0\
\x66\x6b\xc9\x55\x49\x1e\x4e\xb2\xa7\xba\x65\x52\xdf\x5f\x92\x5b\
\xab\x23\x00\xd8\x4a\x1e\x88\x06\xde\x34\x63\x03\x70\xc6\x9a\xab\
\x94\x00\x80\xd3\x68\xc9\xd5\x49\x4e\x24\xb9\xa0\xba\x65\x52\x3f\
\x5c\x92\xcf\x56\x47\x00\xb0\xb5\x86\x3e\xd9\xb0\x18\x1b\xa0\x0b\
\x63\x03\xf4\xf3\x4a\x75\xc0\x1a\x18\x1b\x00\x80\x37\x68\xc9\x81\
\xac\xde\x68\xd8\x55\xdd\x32\xa9\xa3\x4b\xf2\xe9\xea\x08\x00\xb6\
\xda\xc8\x63\xc3\x8b\xd5\x01\x30\x2a\x63\x03\xf4\x33\xc3\xbb\x0d\
\xc6\x06\x00\xe0\x75\x5a\x72\x28\xc9\xf1\xea\x8e\x89\x1d\x5b\x92\
\x4f\x55\x47\x00\xb0\xf5\x46\x1e\x1b\x5e\xae\x0e\x80\x51\x19\x1b\
\xa0\x9f\x19\xde\x6d\xf0\x48\x34\x00\xf0\x2f\x2d\x39\x92\xe4\x68\
\x75\xc7\xc4\x7e\xbe\x24\x9f\xa8\x8e\x00\x60\x08\x23\x7f\xde\x37\
\x36\x40\x27\xc6\x06\xe8\x67\x86\xb1\xc1\xc9\x06\x00\x20\x49\xd2\
\x56\xef\x03\xdc\x5b\xdd\x31\xb1\x07\x93\x5c\x5f\x1d\x01\x00\x5b\
\x60\x86\x6b\xaf\xa1\x84\xb1\x01\xfa\x79\xb5\x3a\x60\x0d\x46\xfe\
\xa6\x03\x00\xf0\x7f\x6a\xc9\xcd\x49\xbe\x5b\xdd\x31\xb1\x47\x93\
\x1c\x5c\xe6\xb8\xc6\x13\x80\xce\x5a\xb2\xbb\xba\xa1\xb3\x97\xaa\
\x03\x60\x54\xc6\x06\xe8\xc7\xc9\x06\x00\x60\x78\x2d\xf9\x72\x92\
\xbb\xab\x3b\x26\xf6\x58\x92\x6b\x97\x39\x7e\xf7\x04\x60\x3d\x2e\
\xaa\x0e\xe8\xcc\x03\xd1\xd0\x89\xb1\x01\xfa\x99\xe1\x64\xc3\xde\
\xea\x00\x00\xa0\x4e\x4b\xbe\x92\xe4\x1b\xd5\x1d\x13\x7b\x3c\xc9\
\x81\x65\x8e\xdf\x3b\x01\x58\x9f\x3d\xd5\x01\x9d\xfd\xb9\x3a\x00\
\x46\x75\x5e\x75\x00\x0c\x6c\x86\x0f\x7d\x3b\xd5\x01\x00\x40\x8d\
\x96\xdc\x99\xe4\xf6\xea\x8e\x89\x3d\x91\xe4\x9a\xc5\x55\x10\x00\
\x9c\x7b\xa3\x9f\x6c\x30\x36\x40\x27\xc6\x06\xe8\xe7\xaf\xd5\x01\
\x6b\x60\x6c\x00\x80\x09\xb5\xe4\xae\x24\xb7\x55\x77\x4c\xec\xc9\
\x24\x1f\x59\x92\x17\xaa\x43\x00\x18\x92\x93\x0d\xc0\x19\x31\x36\
\x40\x3f\x33\x7c\xcb\xcc\xd8\x00\x00\x93\x69\xab\xf7\x19\x6e\xae\
\xee\x98\xd8\x53\x59\x0d\x0d\xa7\xaa\x43\x00\x18\xd6\xe8\x27\x1b\
\x9e\xaf\x0e\x80\x51\x19\x1b\xa0\x1f\xd7\x28\x01\x00\x43\x69\xc9\
\x3d\x49\x6e\xac\xee\x98\xd8\x33\x59\x0d\x0d\xcf\x56\x87\x00\x30\
\xb4\xd1\xc7\x06\x27\x1b\xa0\x13\x63\x03\xf4\xf3\x4a\x75\xc0\x1a\
\x18\x1b\x00\x60\x12\x2d\x39\x9a\xe4\x50\x75\xc7\xc4\x9e\xcd\x6a\
\x68\x78\xa6\x3a\x04\x80\xe1\xb9\x46\x09\x38\x23\xc6\x06\xe8\x67\
\x86\xb1\xe1\xe2\xea\x00\x00\xa0\xbf\x96\x1c\x4b\x72\x5d\x75\xc7\
\xc4\x4e\x65\x35\x34\x3c\x55\x1d\x02\xc0\x14\x46\x3f\xd9\xe0\x1a\
\x25\xe8\xc4\xd8\x00\xfd\xcc\x70\x8d\xd2\xde\xea\x00\x00\xa0\xaf\
\x96\x1c\x4f\x72\xa0\xba\x63\x62\x2f\x64\x35\x34\x3c\x59\x1d\x02\
\xc0\x34\x46\x1f\x1b\x9c\x6c\x80\x4e\xde\x52\x1d\x00\x03\x9b\xe1\
\x64\x43\x9a\xab\x94\x00\x60\x48\x2d\xd9\xd5\x92\x93\x31\x34\x54\
\x7a\x29\xc9\x35\x4b\xf2\x44\x75\x08\x00\x53\x19\xfa\x1a\xa5\x65\
\x92\xbf\xd7\x40\x05\x63\x03\xf4\x33\xc3\xc9\x86\xc4\xd8\x00\x00\
\xc3\x69\xc9\x85\x49\x4e\x24\xb9\xba\xba\x65\x62\xaf\x26\x39\xb0\
\x24\x8f\x57\x87\x00\x30\x9d\x91\x4f\x36\x3c\x5b\x1d\x00\x23\x73\
\x8d\x12\xf4\x33\xcb\x52\x6e\x6c\x00\x80\x81\xb4\xd5\xb7\x19\x1f\
\x4e\x72\x45\x75\xcb\xc4\x5e\x4b\x72\xed\x92\x3c\x56\x1d\x02\xc0\
\x94\x46\x3e\xd9\xe0\x0a\x25\xe8\xc8\xc9\x06\xe8\x67\x96\xb1\xe1\
\x92\xea\x00\x00\xe0\xdc\x68\xab\xf7\x98\x4e\xc6\xd0\x50\xed\xe0\
\x92\x3c\x5a\x1d\x01\xc0\xb4\x2e\xac\x0e\xe8\xe8\x54\x75\x00\x8c\
\xcc\xd8\x00\xfd\xcc\x72\x8d\xd2\xbb\xab\x03\x00\x80\xb3\xd7\x56\
\xff\xa7\x3f\x92\xe4\x03\xd5\x2d\x93\xfb\xd8\x92\x3c\x58\x1d\x01\
\xc0\xd4\xde\x56\x1d\xd0\xd1\x73\xd5\x01\x30\x32\xd7\x28\x41\x3f\
\xb3\x9c\x6c\x78\x57\x75\x00\x00\x70\x76\x5a\x72\x59\x92\x87\x92\
\xec\xab\x2d\x99\xde\x27\x97\xe4\x81\xea\x08\x00\xa6\x37\xf2\x9b\
\x0d\x7f\xa8\x0e\x80\x91\x19\x1b\xa0\x93\x25\x79\xb1\x55\x47\xac\
\x87\xb1\x01\x98\xc9\x33\x59\xfd\x41\x76\x13\xfd\xba\x3a\x80\xed\
\xd4\x92\xcb\xb3\xfa\xb9\x76\x5a\xb1\xd6\xa1\x25\xb9\xbf\x3a\x02\
\x00\x92\xec\xae\x0e\xe8\xc8\x03\xd1\xd0\x91\xb1\x01\xfa\xfa\x7b\
\x92\xf3\xab\x23\x3a\xf3\x87\x09\x60\x1a\xbf\x5a\x9e\xbf\x2f\xc9\
\x7d\xd5\x1d\x70\xae\xb4\xe4\xfd\x59\xbd\xd1\xb0\xb7\xba\x65\x72\
\x87\x96\xe4\xa7\xd5\x11\x00\xd0\x92\xb7\x57\x37\x74\x66\x6c\x80\
\x8e\xbc\xd9\x00\x7d\xfd\xa5\x3a\x60\x0d\x9c\x6c\x00\x80\x2d\xd4\
\x92\x2b\x93\xfc\x32\x86\x86\x6a\x87\x0d\x0d\x00\x6c\x90\x91\xaf\
\x50\x4a\x8c\x0d\xd0\x95\xb1\x01\xfa\x3a\x55\x1d\xb0\x06\xef\xa9\
\x0e\x00\x00\xde\x9c\x96\x7c\x38\xab\x13\x0d\x7b\xaa\x5b\x26\x77\
\x64\x49\x7e\x5c\x1d\x01\x00\xff\x61\xf4\x93\x0d\x1e\x88\x86\x8e\
\x8c\x0d\xd0\xd7\x9f\xaa\x03\xd6\xc0\xb7\x21\x01\x60\x8b\xb4\xe4\
\x40\x92\x5f\x24\x79\x6b\x75\xcb\xe4\x0e\x2f\xc9\x8f\xaa\x23\x00\
\xe0\xbf\xbc\xa3\x3a\xa0\x33\x0f\x44\x43\x47\xc6\x06\xe8\x6b\x86\
\xb1\x21\x2d\xb9\xb4\xba\x01\x00\xf8\xdf\x5a\x72\x28\xc9\xf1\x24\
\xbb\xaa\x5b\x26\x77\x93\x13\x0d\x00\x6c\xa8\xa1\xaf\x4a\x5e\x92\
\x97\xaa\x1b\x60\x64\xc6\x06\xe8\x6b\x86\x6b\x94\x12\x8f\x44\x03\
\xc0\xc6\x6b\xc9\xe1\x24\x47\xab\x3b\xc8\x4d\x4b\xf2\x83\xea\x08\
\x00\x38\x8d\x91\x3f\xdf\xff\xb6\x3a\x00\x46\x67\x6c\x80\xbe\xa6\
\x38\xd9\x90\xc1\xbf\xf9\x00\x00\xdb\xae\x25\x37\xc7\x95\x3d\x9b\
\xc0\xd0\x00\xc0\xa6\x1b\xf9\xf3\xbd\xc7\xa1\xa1\x33\x63\x03\xf4\
\xe5\x64\x03\x00\x50\xaa\x25\xb7\x25\xb9\xbb\xba\x83\xdc\x62\x68\
\x00\x60\x0b\x18\x1b\x80\x33\x66\x6c\x80\xbe\x66\x39\xd9\xf0\xde\
\xea\x00\x00\xe0\x8d\x5a\xf2\xd5\x24\x77\x55\x77\x90\xcf\x2f\xc9\
\x77\xaa\x23\x92\x64\x7f\xdb\xb9\xa3\xba\x01\x80\x8d\x36\xf2\x97\
\x09\x3d\x0e\x0d\x9d\x19\x1b\xa0\xaf\x59\xc6\x86\xcb\xaa\x03\x00\
\x80\xd7\x6b\xc9\x9d\x49\xbe\x5e\xdd\x41\x6e\x59\x92\x6f\x57\x47\
\x24\xc9\xfe\xb6\xf3\xb5\x24\x5f\xac\xee\x00\x60\xa3\x8d\x7c\xb2\
\xe1\x77\xd5\x01\x30\x3a\x63\x03\xf4\x35\xcb\x35\x4a\xfb\xaa\x03\
\x00\x80\x7f\x6b\xab\x6b\x93\x6e\xaf\xee\x20\x5f\xd8\xa0\x13\x0d\
\x5f\x4a\x72\x47\x75\x07\x00\x1b\x6f\xe4\x9b\x0b\x9e\xae\x0e\x80\
\xd1\x9d\x57\x1d\x00\x83\x9b\xe5\x64\xc3\xbe\xea\x00\x00\x60\xa5\
\x25\xf7\x24\xb9\xb1\xba\x83\xdc\xba\x24\xdf\xaa\x8e\x48\x92\xfd\
\x6d\xe7\x33\x49\xbe\x59\xdd\x01\xc0\x66\x6b\xc9\xc5\xd5\x0d\x9d\
\x39\xd9\x00\x9d\x19\x1b\xa0\xa3\x25\x79\xb9\x55\x47\xac\xc7\x3b\
\x5b\xb2\x6b\x49\xfe\x56\x1d\x02\x00\x33\x6b\xc9\xd1\x24\x87\xaa\
\x3b\xc8\xe7\x96\xe4\x7b\xd5\x11\x49\xb2\xbf\xed\x1c\xc9\x86\xb4\
\x00\xb0\xf1\x46\xbe\x42\x29\x31\x36\x40\x77\xae\x51\x82\xfe\x7e\
\x5f\x1d\xb0\x26\x97\x56\x07\x00\xc0\xcc\x5a\x72\x2c\x86\x86\x4d\
\xb0\x49\x43\xc3\xc7\x93\xdc\x5b\xdd\x01\xc0\xd6\x18\xf9\x71\xe8\
\x2c\xc9\x73\xd5\x0d\x30\x3a\x63\x03\xf4\xe7\x2a\x25\x00\xa0\x9b\
\x96\x5c\xd0\x92\x93\x49\xae\xab\x6e\x21\x37\x6c\xd0\xd0\xf0\xd1\
\x24\x3f\xab\xee\x00\x60\xab\x8c\x7c\xb2\xe1\x37\xd5\x01\x30\x03\
\xd7\x28\x41\x7f\xb3\x2c\xe7\xfb\xaa\x03\x00\x60\x36\x2d\xb9\x30\
\xc9\x89\x24\x57\x56\xb7\x90\x1b\x96\x0d\x39\x45\xb0\xbf\xed\x5c\
\x95\xe4\xfe\xea\x0e\x00\xb6\xce\xc8\x27\x1b\x5c\xa1\x04\x6b\x60\
\x6c\x80\xfe\x8c\x0d\x00\xc0\x39\xd7\x92\xbd\x59\x0d\x0d\x57\x54\
\xb7\x90\xeb\x97\xe4\x27\xd5\x11\x49\xb2\xbf\xed\x7c\x28\xc9\x03\
\x49\xce\x3f\xcd\x3f\x59\xd6\x98\x03\xc0\x76\x19\xf9\x64\xc3\xd3\
\xd5\x01\x30\x03\x63\x03\xf4\xf7\xc7\xea\x80\x35\xd9\x57\x1d\x00\
\x00\xb3\x68\xc9\x25\x49\x1e\x49\x72\x79\x75\x0b\x1b\x35\x34\x7c\
\x30\xc9\xf1\xac\x4e\xbc\x9c\x4e\x5b\x53\x0e\x00\xdb\x67\xe4\xb1\
\xc1\xc9\x06\x58\x03\x63\x03\xf4\xe7\x64\x03\x00\x70\xce\xb4\xe4\
\xd2\x24\x0f\x25\x79\x5f\x71\x0a\xc9\xc1\x65\x43\xde\x45\xf8\xe7\
\xd0\x70\x22\xc9\x45\xd5\x2d\x00\x6c\x2d\xd7\x28\x01\x67\xe5\x1f\
\x00\x00\x00\xff\xff\xec\xdd\x5f\xcc\xd6\x65\x1d\xc7\xf1\xf7\xd5\
\x38\x20\x74\x40\xf4\x0b\x4d\x18\x9b\x9a\xa2\xf8\x27\x32\x5c\xfc\
\x52\x02\x8d\x4a\x68\xab\x83\x46\x27\xd2\x6a\xb2\x0e\xe8\x48\xb6\
\xd6\x51\xb5\xca\x93\x5a\x6b\x71\x44\x5b\x9b\xb4\x15\x9e\xe0\xe6\
\x6a\x2b\xa9\xa1\x0e\x62\x14\xf0\xc4\x4a\x65\x96\xa1\x61\xae\x71\
\xc0\xa6\x23\x27\xc3\xb3\xcb\x83\x1f\xf7\x3d\x28\xfc\x83\xdc\xbf\
\xeb\x7b\x3f\xbf\xeb\xfd\x3a\xe1\xec\x79\xde\x07\xcf\xf6\x8c\xfb\
\xf3\x5c\xd7\xe5\xd8\x20\xf5\xaf\x96\xb1\xe1\xba\xe8\x00\x49\x92\
\x86\x2e\xc3\x8d\x74\x43\xc3\x90\xff\xf2\x70\xb6\xd8\x98\x60\x4f\
\x74\x04\x38\x34\x48\x92\x26\xc6\xb1\x41\xd2\x65\x79\x5f\x74\x80\
\x54\x81\x5a\xae\x51\x5a\x9c\xdf\xfe\xc8\xbe\x24\x49\xba\x0c\x19\
\x6e\xa5\xbb\x3a\xc9\xa1\x21\xd6\x1b\xc0\x7d\x0e\x0d\x92\xa4\x01\
\x5a\x16\x1d\xd0\xa3\x13\xd1\x01\x52\x0d\x1c\x1b\xa4\xfe\xd5\x72\
\xb2\x01\xbc\x37\x5a\x92\xa4\x5e\x64\x58\x45\x37\x34\x7c\x28\xba\
\x45\x6c\x48\xdd\x03\xcc\xe1\xda\xdc\xdc\x86\x43\x83\x24\x69\x02\
\x32\x7c\x30\xba\xa1\x4f\x09\x5e\x8c\x6e\x90\x6a\xe0\xd8\x20\xf5\
\xaf\x96\x93\x0d\x00\xcb\xa3\x03\x24\x49\x1a\x9a\x0c\x9f\x07\x66\
\xf0\x03\xe5\x68\x6f\x00\xeb\x52\x77\x8d\x55\xb8\x73\x43\xc3\x3e\
\xfc\xb9\x90\x24\x4d\xc6\x92\xe8\x80\x1e\xbd\x10\x1d\x20\xd5\xc2\
\xb1\x41\xea\x59\x82\xd3\xd1\x0d\x05\x79\xb2\x41\x92\xa4\x09\xca\
\xb0\x09\xf8\x6d\x74\x87\x38\x03\xdc\x93\x60\x7f\x74\x08\x5c\x30\
\x34\x2c\x0a\x4e\x91\x24\x0d\xc7\x90\xdf\x61\x3c\x1e\x1d\x20\xd5\
\xc2\xb1\x41\x2a\xe3\xdf\xd1\x01\x85\xdc\x18\x1d\x20\x49\xd2\x50\
\x64\xf8\x16\xb0\x3b\xba\x43\xbc\x06\xac\x4d\x70\x28\x3a\x04\x1c\
\x1a\x24\x49\xbd\xb9\x3e\x3a\xa0\x47\x9e\x6c\x90\x0a\x71\x6c\x90\
\xca\xa8\xe5\xdd\x06\xc7\x06\x49\x92\x26\x20\xc3\x0e\xe0\x47\xd1\
\x1d\xe2\x15\x60\x4d\x82\xa3\xd1\x21\xe0\xd0\x20\x49\xea\xd5\x47\
\xa2\x03\x7a\xe4\xc9\x06\xa9\x90\x39\xd1\x01\x52\x25\x1c\x1b\x24\
\x49\xd2\xbb\x92\xbb\xd3\x0c\x9b\xa2\x3b\xc4\x29\xe0\xee\x34\x25\
\x1f\x50\x38\x34\x48\x92\x7a\xe6\xc9\x06\x49\x97\xcd\x93\x0d\x52\
\x19\xb5\x5c\xa3\x34\x3f\xc3\x55\xd1\x11\x92\x24\xcd\x46\x19\xe6\
\x66\xd8\x8b\x43\xc3\x34\x78\x19\x58\xed\xd0\x20\x49\xaa\xc8\x90\
\xc7\x86\xa9\xf8\x7d\x2e\xd5\xc0\xb1\x41\x2a\xe3\xc5\xe8\x80\x82\
\x3c\xdd\x20\x49\xd2\x25\xca\xb0\x00\x38\x00\xac\x8f\x6e\x11\x27\
\x80\x36\x75\xff\x86\x3b\x37\x34\xec\x67\x72\x43\x43\x9a\xd0\xd7\
\x91\x24\x0d\xcb\x60\x1f\x88\x4e\x9e\x6c\x90\x8a\x71\x6c\x90\xca\
\x70\x6c\x90\x24\x49\x17\x95\xe1\x6a\xe0\x30\xb0\x2a\xba\x45\x1c\
\xa7\x3b\xd1\x70\x32\x3a\x04\xa0\xcd\xcd\x2d\x74\x43\xc3\x07\x26\
\xf8\x65\xf3\x04\xbf\x96\x24\x69\x00\xf2\xb0\xdf\x6b\xa8\xe9\xf3\
\x18\x29\x9c\x63\x83\x54\xc6\xbf\xa2\x03\x0a\xba\x21\x3a\x40\x92\
\xa4\xd9\x22\x77\x57\x16\xcc\x00\xcb\xa3\x5b\xc4\x33\x74\x27\x1a\
\x4e\x45\x87\x00\xb4\xb9\x59\x49\x77\xda\x65\x92\x43\x83\x24\x49\
\x17\x33\xe4\xb1\xc1\x2b\x94\xa4\x82\x1c\x1b\xa4\x32\x5e\x8a\x0e\
\x28\xe8\xe6\xe8\x00\x49\x92\x66\x83\x0c\x2b\x81\x23\xc0\xd2\xe8\
\x16\x71\x14\x58\x93\xe0\x95\xe8\x10\x18\x0f\x0d\x93\x3e\xd1\x20\
\x49\xd2\x5b\x19\xf2\x7b\x0d\x5e\xa1\x24\x15\xe4\xd8\x20\x15\x90\
\xe0\x2c\xf0\x9f\xe8\x8e\x42\x6e\x8d\x0e\x90\x24\x69\xda\x65\x58\
\x0b\x1c\xc4\x07\x7f\xa7\xc1\x01\x60\x6d\x82\xd7\xa2\x43\xe0\x82\
\xa1\x61\x7e\x74\x8b\x24\xa9\x1a\x43\x1e\x1b\x9e\x8f\x0e\x90\x6a\
\xe2\xd8\x20\x95\x53\xcb\x3d\x81\xd7\x65\xb8\x32\x3a\x42\x92\xa4\
\x69\x95\x61\x13\xb0\x0f\x98\x17\x9c\x22\x78\x32\xc1\xa7\x12\x9c\
\x89\x0e\x01\x68\x73\x73\x27\x0e\x0d\x92\xa4\xf2\x86\x7c\x8d\xd2\
\xdf\xa3\x03\xa4\x9a\x38\x36\x48\xe5\xd4\x32\x36\x80\x57\x29\x49\
\x92\x74\x51\x19\xb6\x02\xbb\xa3\x3b\x04\xc0\x9e\x04\xeb\xa3\x23\
\x46\xce\x0d\x0d\x4f\xe1\xd0\x20\x49\x2a\x6f\xc8\x27\x1b\x1c\x1b\
\xa4\x82\x1c\x1b\xa4\x72\x6a\x7a\x24\xda\xab\x94\x24\x49\xfa\x1f\
\x19\x7e\x08\xec\x88\xee\x10\x00\x8f\x26\xd8\x18\x1d\x31\x72\xde\
\xd0\xe0\xe9\x50\x49\x52\x84\x15\xd1\x01\x3d\x39\x93\xe0\x64\x74\
\x84\x54\x93\x39\xd1\x01\x52\x45\x6a\x3a\xd9\x70\x4b\x74\x80\x24\
\x49\xd3\x24\xc3\x2e\xe0\xfe\xe8\x0e\x01\xf0\x48\x82\xcd\xd1\x11\
\x23\x6d\x6e\x3e\x09\xfc\x01\x87\x06\x49\x52\x80\x0c\x4b\xa3\x1b\
\x7a\x74\x2c\x3a\x40\xaa\x8d\x63\x83\x54\x4e\x4d\x63\x83\x27\x1b\
\x24\x49\x02\x32\xcc\x05\x1e\x03\x36\x44\xb7\x08\x80\x9d\x09\xb6\
\x44\x47\x8c\x9c\x1b\x1a\x9e\x00\xde\x1f\xdd\x22\x49\xaa\x96\x57\
\x28\x49\x9a\x18\xaf\x51\x92\xca\x71\x6c\x90\x24\xa9\x22\x19\x16\
\x00\x07\x70\x68\x98\x16\xdb\x1d\x1a\x24\x49\xfa\x3f\x3e\x0e\x2d\
\x69\x62\x1c\x1b\xa4\x42\x12\xbc\x0a\xfc\x37\xba\xa3\x90\x25\x19\
\x16\x46\x47\x48\x92\x14\x25\xc3\x87\x81\x43\xc0\xaa\xe8\x16\x01\
\xf0\xbd\x04\xdb\xa2\x23\x46\xda\xdc\xac\xc3\xa1\x41\x92\x34\x1d\
\x3c\xd9\x20\x69\x62\x1c\x1b\xa4\xb2\x8e\x47\x07\x14\xe4\xe9\x06\
\x49\x52\x95\x32\x2c\x07\x8e\x00\x37\x45\xb7\x08\x80\x6d\x09\xbe\
\x1f\x1d\x31\xd2\xe6\xe6\x5e\xe0\x71\xe2\x86\x86\x14\xf4\x7d\x25\
\x49\xd3\xc9\x93\x0d\x92\x26\xc6\xb1\x41\x2a\xcb\xb1\x41\x92\xa4\
\x01\xcb\xdd\x49\x86\xc3\x0c\xfb\xb1\xc5\xd9\x64\x4b\x82\xed\xd1\
\x11\x23\x6d\x6e\x36\x00\x4f\x12\x7b\xa2\x21\x07\x7e\x6f\x49\xd2\
\xf4\x19\xec\xc9\x86\x04\x2f\x44\x37\x48\xb5\x71\x6c\x90\xca\x72\
\x6c\x90\x24\x69\xa0\x32\x6c\x04\x66\xe8\xde\x6a\x50\xbc\xaf\x26\
\xd8\x19\x1d\x31\xd2\xe6\xe6\x8b\x74\x27\x1a\x24\x49\x9a\x26\xcb\
\xa3\x03\x7a\xf2\x6c\x74\x80\x54\x23\xc7\x06\xa9\xac\x7f\x46\x07\
\x14\xf4\xb1\xe8\x00\x49\x92\x4a\xc9\xb0\x19\xf8\x5d\x74\x87\xc6\
\xbe\x9c\xe0\x97\xd1\x11\x23\x6d\x6e\x36\x01\xbf\x8e\xee\x90\x24\
\xe9\x7c\x19\x96\x01\x57\x44\x77\xf4\xc4\x2b\x94\xa4\x00\x8e\x0d\
\x52\x59\x35\x1d\xe1\x5b\x19\x1d\x20\x49\x52\x09\x19\xb6\x02\xbf\
\x8a\xee\xd0\xd8\xc6\x04\x8f\x46\x47\x8c\xb4\xb9\x79\x00\xd8\x1d\
\xdd\x21\x49\xd2\x45\xdc\x1e\x1d\xd0\xa3\x63\xd1\x01\x52\x8d\x1c\
\x1b\xa4\xb2\x6a\xba\x46\x69\x5e\x86\x9b\xa3\x23\x24\x49\xea\x53\
\x86\x1f\x03\x3b\xa2\x3b\x04\xc0\x59\x60\x7d\x82\x3d\xd1\x21\x23\
\x6d\x6e\xb6\x02\x0f\x47\x77\x48\x92\xf4\x16\x86\x3c\x36\xfc\x2d\
\x3a\x40\xaa\x91\x63\x83\x54\x50\x82\x57\x81\xd3\xd1\x1d\x05\x79\
\x95\x92\x24\x69\xb0\x72\x77\x4d\xcf\x37\xa3\x3b\x04\xc0\xeb\xc0\
\x67\x52\xf7\xf8\xf2\x54\x68\x73\xf3\x20\x0e\x51\x92\xa4\xe9\x76\
\x5b\x74\x40\x8f\x9e\x8e\x0e\x90\x6a\xe4\xd8\x20\x95\xf7\x7c\x74\
\x40\x41\x77\x44\x07\x48\x92\x34\x69\x19\xe6\x66\xd8\x0b\x7c\x25\
\xba\x45\x40\xf7\x87\x1c\xeb\x12\x1c\x8c\x0e\x19\x69\x73\xf3\x10\
\xf0\xd3\xe8\x0e\x49\x92\xde\xc1\x50\x4f\x36\x9c\x4e\xf0\x72\x74\
\x84\x54\x23\xc7\x06\xa9\xbc\x9a\xae\x52\x72\x6c\x90\x24\x0d\x4a\
\x86\x45\xc0\x01\x60\x7d\x74\x8b\x00\x38\x05\xdc\x95\xe0\x68\x74\
\xc8\x48\x9b\x9b\x1d\xc0\xb7\xa3\x3b\x24\x49\x7a\x17\x56\x44\x07\
\xf4\xe4\xaf\xd1\x01\x52\xad\xe6\x44\x07\x48\x15\xaa\x69\x6c\xf8\
\x44\x74\x80\x24\x49\x93\x92\x61\x29\xb0\x0f\xb8\x3e\x38\x45\x9d\
\x93\xc0\xdd\x09\x4e\x44\x87\x8c\xb4\xb9\x79\x18\x78\x20\xba\x43\
\x92\xa4\x77\x92\x87\x7d\xed\xb1\xef\x35\x48\x41\x3c\xd9\x20\x95\
\x57\xd3\xd8\x30\x2f\xc3\xb5\xd1\x11\x92\x24\x5d\xae\x0c\xcb\x81\
\x19\x1c\x1a\xa6\xc5\x09\xa0\x9d\xb2\xa1\x61\x17\x0e\x0d\x92\xa4\
\xd9\x63\xa8\x57\x28\x81\xef\x35\x48\x61\x1c\x1b\xa4\xf2\x6a\x1a\
\x1b\xc0\xab\x94\x24\x49\xb3\x5c\x86\x16\x38\x0c\x5c\x1d\xdd\x22\
\x00\x9e\x03\x56\x4f\xd3\x5d\xcc\x6d\x6e\x76\x03\xf7\x47\x77\x48\
\x92\x74\x09\x86\xfc\x38\xb4\x27\x1b\xa4\x20\x8e\x0d\x52\x79\xff\
\x88\x0e\x28\xcc\xb1\x41\x92\x34\x6b\x65\xf8\x02\xf0\x27\x60\x41\
\x74\x8b\x80\xee\x6d\x86\xbb\x52\xf7\x56\xc3\x54\x68\x73\xf3\x38\
\xb0\x29\xba\x43\x92\xa4\x4b\xf4\xd1\xe8\x80\xbe\x24\x4f\x36\x48\
\x61\x1c\x1b\xa4\xc2\x12\xbc\x0e\xbc\x14\xdd\x51\xd0\x90\xef\x81\
\x94\x24\x0d\x58\xee\xfe\x52\xfd\x37\xd1\x1d\x1a\x3b\x04\xac\x4d\
\x70\x3a\x3a\x64\xa4\xcd\xcd\x13\xc0\x86\xe8\x0e\x49\x92\xde\x83\
\x55\xd1\x01\x3d\x71\x68\x90\x02\x39\x36\x48\x31\x8e\x45\x07\x14\
\xe4\x23\xd1\x92\xa4\x59\x27\xc3\x77\x80\x5d\xd1\x1d\x1a\xdb\x0b\
\xdc\x9b\xe0\x4c\x74\x08\x40\x9b\x9b\x2b\xda\xdc\xfc\x11\xf8\x74\
\x74\x8b\x24\x49\x97\x2a\xc3\x62\x60\x61\x74\x47\x4f\xbc\x42\x49\
\x0a\xe4\xd8\x20\xc5\x78\x26\x3a\xa0\xa0\x45\xd9\xc7\x34\x25\x49\
\xb3\x48\x86\x5f\x00\x3f\x88\xee\xd0\xd8\x63\x09\x3e\x9b\xe0\x6c\
\x74\x08\x40\x9b\x9b\xf9\xc0\x7e\x60\x4d\x74\x8b\x24\x49\xef\x91\
\xef\x35\x48\xea\x85\x63\x83\x14\xe3\xd9\xe8\x80\xc2\x3c\xdd\x20\
\x49\x9a\x7a\x19\xae\xcc\xf0\x14\xf0\xb5\xe8\x16\x8d\x3d\x92\xe0\
\x4b\xd1\x11\x23\x6d\x6e\x16\x02\x07\x80\x8f\x47\xb7\x48\x92\x74\
\x19\x6e\x8f\x0e\xe8\xd1\xd1\xe8\x00\xa9\x66\x8e\x0d\x52\x8c\x9a\
\x4e\x36\x00\xac\x8e\x0e\x90\x24\xe9\xed\x64\x58\x02\x1c\x06\xee\
\x89\x6e\xd1\xd8\xce\x04\x9b\xa3\x23\x46\xda\xdc\x2c\x06\x0e\x32\
\xec\x0f\x68\x24\x49\x75\x18\xf2\xef\xb2\xbf\x44\x07\x48\x35\x73\
\x6c\x90\x02\x24\x78\x2e\xba\xa1\x30\xc7\x06\x49\xd2\xd4\xca\xdd\
\x7f\xb8\x8f\x02\x2b\xa2\x5b\x34\xb6\x3d\xc1\x96\xe8\x88\x91\x36\
\x37\xd7\xd0\x3d\x50\xed\xcf\x88\x24\x69\x08\x86\x3a\x36\x1c\x9b\
\x96\x6b\x17\xa5\x5a\x39\x36\x48\x71\x9e\x8e\x0e\x28\xe8\xce\xe8\
\x00\x49\x92\x2e\x26\xc3\xe7\x80\x3f\x03\x57\x45\xb7\x68\xec\xbb\
\x09\xb6\x45\x47\x8c\xb4\xb9\x59\x46\xf7\x33\x72\x6d\x74\x8b\x24\
\x49\x13\x72\x47\x74\x40\x4f\x8e\x44\x07\x48\xb5\x73\x6c\x90\xe2\
\x54\xf5\x6e\x43\x86\x36\xba\x41\x92\xa4\xf3\x65\xf8\x3a\xf0\x7b\
\x60\x5e\x74\x8b\xc6\xbe\x91\xe0\xa1\xe8\x88\x91\x36\x37\x37\xd0\
\x0d\x0d\xcb\xa2\x5b\x24\x49\x9a\x84\x0c\x37\x45\x37\xf4\x68\x26\
\x3a\x40\xaa\x9d\x63\x83\x14\xc7\x77\x1b\x24\x49\x0a\x92\xe1\x27\
\xc0\xcf\xa3\x3b\x74\x81\xcd\x09\x7e\x16\x1d\x31\xd2\xe6\x66\x05\
\xdd\xd0\x70\x4d\x74\x8b\x24\x49\x13\x34\xd4\x2b\x94\xc0\xb1\x41\
\x0a\xf7\x26\x00\x00\x00\xff\xff\xec\xdd\x4b\xac\x5d\x65\x19\x87\
\xf1\x67\x25\x0c\x8a\x4d\x2d\xd5\x05\xd1\xa8\x60\x40\x0b\x01\x25\
\x96\x0a\x74\x41\x4b\x5b\x29\x60\xb8\x04\xac\x09\xd6\x84\x04\x43\
\xc4\x01\x61\xe0\xc0\x38\x30\xdc\x24\x61\x64\x8c\x03\x06\x24\x24\
\x44\x26\x40\x22\x21\x01\x51\x01\xad\x50\x68\x81\xb6\x14\x11\xa2\
\x04\x83\x77\x2e\xa2\x06\x09\x42\xa5\xb3\xcf\xc1\x62\xc7\x73\xb2\
\x4f\xcb\xc5\xee\xfd\xff\xce\xda\xcf\x6f\xc2\xf4\x99\xb1\x7b\xde\
\xf5\xbd\xef\x21\xe9\x00\x69\x86\xcd\xd4\xcb\x06\xe0\xd4\x74\x80\
\x24\x49\x05\x96\x00\xb7\x03\x5f\x4a\xb7\x68\x9e\xaf\x34\xf0\xa3\
\x74\xc4\x48\x57\xda\x13\x81\x87\x81\xc3\xd2\x2d\x92\x24\x1d\x64\
\xab\xd2\x01\x93\xd2\xf4\x37\xb8\x24\x05\x39\x6c\x90\x72\x66\x6d\
\xd8\xe0\xcb\x06\x49\x52\x54\x81\x96\x7e\x6d\xd2\xea\x74\x8b\xe6\
\x39\xb7\x81\xfb\xd2\x11\x23\x5d\x69\xd7\x00\x0f\x00\x1f\x4c\xb7\
\x48\x92\x34\x01\x43\xfd\x10\xd0\x7b\x0d\x52\x05\x5c\xa3\x24\x85\
\x34\xf0\x12\xb0\x37\xdd\x31\x45\x47\x15\x38\x22\x1d\x21\x49\x9a\
\x4d\x05\x56\xd2\x7f\xed\xe6\xa0\xa1\x1e\x7b\x81\x33\x2a\x1b\x34\
\x6c\x00\xb6\x32\xec\x41\x43\x93\x0e\x90\x24\x45\x0d\xf5\x43\x40\
\x57\x28\x49\x15\x70\xd8\x20\x65\xed\x49\x07\x4c\xd9\xe9\xe9\x00\
\x49\xd2\xec\x29\xb0\x96\xfe\x1f\xa0\x1e\xf9\xad\xc7\x1b\xc0\xa6\
\x06\xb6\xa7\x43\x46\xba\xd2\x9e\x0d\x3c\x04\x2c\x4d\xb7\x4c\x58\
\x49\x07\x48\x92\x32\x4a\x7f\xaf\xe1\xd0\x74\xc7\x84\x38\x6c\x90\
\x2a\xe0\xb0\x41\xca\x9a\xb5\x55\x4a\xeb\xd2\x01\x92\xa4\xd9\x52\
\x60\x0b\xfd\x1f\xb4\x87\xfc\xa5\xfa\x62\xf3\x2a\xb0\xb6\x81\x9d\
\xe9\x90\x91\xae\xb4\x9b\xe9\x57\x27\x49\x92\x34\x64\x43\x5d\xa1\
\x04\x0e\x1b\xa4\x2a\x38\x6c\x90\xb2\x7e\x93\x0e\x98\xb2\xf5\xe9\
\x00\x49\xd2\xec\x28\x70\x15\x70\x47\xba\x43\xf3\xfc\x8d\x7e\xd0\
\xf0\x4c\x3a\x64\xa4\x2b\xed\xe5\xc0\x5d\xe9\x0e\x49\x92\xa6\xa0\
\x4b\x07\x4c\xc8\x9b\x0d\x3c\x9b\x8e\x90\xe4\x81\x68\x29\x6d\xd6\
\x86\x0d\x27\x15\x58\xd6\xf4\xab\x13\x24\x49\x9a\x98\xd2\x0f\x19\
\xb6\xa4\x3b\x34\xcf\x5f\x81\x75\x4d\xff\xdf\x2a\x74\xa5\xfd\x0e\
\x70\x43\xba\x43\x92\xa4\x29\x19\xea\xcb\x86\xc7\xd3\x01\x92\x7a\
\xbe\x6c\x90\xb2\x9e\x4e\x07\x04\xb8\x4a\x49\x92\x34\x31\x05\x56\
\x94\x7e\x6d\x92\x83\x86\xba\x3c\x0f\x74\x95\x0d\x1a\x6e\xc4\x41\
\x83\x24\x69\x46\x94\x7e\xa5\xe4\xf1\xe9\x8e\x09\x79\x34\x1d\x20\
\xa9\xe7\xb0\x41\x0a\x6a\xe0\x4d\xe0\xe5\x74\xc7\x94\x9d\x91\x0e\
\x90\x24\x0d\x53\x81\xa3\x81\x5d\xf4\x07\xa1\x55\x8f\x5f\xd1\x0f\
\x1a\xaa\xf9\xcd\xd3\x95\xf6\x56\xe0\xca\x74\x87\x24\x49\x53\x74\
\x4a\x3a\x60\x82\x1e\x4b\x07\x48\xea\x39\x6c\x90\xf2\x66\xed\x48\
\xb4\x77\x1b\x24\x49\x07\x5d\xe9\xd7\x02\xec\x01\x3e\x9d\x6e\xd1\
\x3c\x0f\xd3\xaf\x4e\x7a\x35\x1d\x32\xd2\x95\xf6\x2e\xe0\xd2\x74\
\x87\x24\x49\x53\xb6\x26\x1d\x30\x41\x3b\xd3\x01\x92\x7a\x0e\x1b\
\xa4\xbc\x5f\xa7\x03\xa6\x6c\x4d\x81\x25\xe9\x08\x49\xd2\x70\x94\
\x7e\x65\xd2\x4e\x60\x45\xba\x45\xf3\xdc\xd3\xc0\x86\x06\xfe\x93\
\x0e\x19\xe9\x4a\xfb\x00\xb0\x39\xdd\x21\x49\x52\xc0\x50\xef\x35\
\x3c\xed\x5d\x48\xa9\x1e\x0e\x1b\xa4\xbc\xdd\xe9\x80\x00\xd7\x5b\
\x48\x92\x0e\x8a\x02\xd7\xd2\x1f\x83\x56\x5d\x6e\x6a\xe0\xa2\x74\
\xc4\x48\x57\xda\x65\x5d\x69\x77\x00\x67\xa7\x5b\x24\x49\x0a\x19\
\xea\x4a\x63\xef\x35\x48\x15\x71\xd8\x20\xe5\xcd\xe2\xb0\x61\xa8\
\x3f\x72\x24\x49\x53\x54\xfa\x21\xc3\x75\xe9\x0e\x8d\xb9\xaa\x81\
\x2b\xd2\x11\x23\x5d\x69\x3f\x4c\xff\x87\x88\xd3\xd3\x2d\x92\x24\
\x25\x14\x38\x86\xfe\x40\xf4\x10\x79\xaf\x41\xaa\xc8\x21\xe9\x00\
\x69\xd6\x35\xf0\x62\x81\x7f\x00\x47\xa4\x5b\xa6\xc8\xbb\x0d\x92\
\xa4\xf7\xad\xf4\xeb\x92\x7e\x8c\x2f\xe5\x6a\x74\x49\x03\xb7\xa5\
\x23\x46\xba\xd2\x7e\x14\x78\x04\xf8\x54\xba\x45\x92\xa4\xa0\xa1\
\xae\x50\x02\x5f\x36\x48\x55\xf1\x65\x83\x54\x87\x59\x3b\x66\x74\
\x86\x77\x1b\x24\x49\xef\xc7\xdb\x5f\xe6\xed\xc6\x41\x43\x6d\xde\
\x02\xce\xab\x6c\xd0\xf0\x49\x60\x17\x0e\x1a\x24\x49\x1a\xea\x71\
\xe8\x57\x1a\xf8\x73\x3a\x42\xd2\xff\x38\x6c\x90\xea\x30\x8b\xab\
\x94\x5c\x65\x20\x49\x7a\x4f\x4a\xff\x55\xde\x13\xf8\xc7\xe3\xda\
\xbc\x0e\x9c\xd9\xc0\xcf\xd2\x21\x23\x5d\x69\x8f\xa3\x1f\x34\x7c\
\x22\xdd\x22\x49\x52\x05\x86\x3a\x6c\xd8\x91\x0e\x90\x34\x9f\xc3\
\x06\xa9\x0e\x8f\xa7\x03\x02\x36\xa5\x03\x24\x49\x8b\x47\x81\xaf\
\xd2\xbf\x04\x5c\x91\x6e\xd1\x3c\x7f\x07\x4e\x6b\x2a\xfa\x2d\xd3\
\x95\x76\x15\x7d\xcf\x2c\xad\xa8\x94\x24\x69\x41\x6f\x6f\x15\x38\
\x39\xdd\x31\x21\xae\x50\x92\x2a\xe3\xb0\x41\xaa\xc3\xae\x74\x40\
\xc0\x59\xe9\x00\x49\xd2\xe2\x50\xe0\x1a\xe0\xf6\x74\x87\xc6\x3c\
\x07\x9c\xdc\xc0\xb3\xe9\x90\x91\xae\xb4\x1b\x81\xed\xc0\x61\xe9\
\x16\x49\x92\x2a\xb1\x2a\x1d\x30\x41\x0e\x1b\xa4\xca\x38\x6c\x90\
\x2a\xd0\xc0\x5e\xe0\xe9\x74\xc7\x94\xad\x2e\xfe\x21\x40\x92\xf4\
\x0e\x0a\xdc\x01\x7c\x37\xdd\xa1\x31\x7b\x80\xd3\x1b\x78\x21\x1d\
\x32\xd2\x95\xf6\x7c\xe0\x41\x60\x69\xba\x45\x92\xa4\x8a\x0c\x75\
\x85\xd2\x9b\x4d\xbf\x5e\x53\x52\x45\x1c\x36\x48\xf5\xa8\x66\xfd\
\xc0\x14\xf9\xba\x41\x92\xb4\xa0\x02\xcb\x4b\xff\x85\xfa\x96\x74\
\x8b\xc6\x6c\x05\xd6\x35\xf0\xaf\x74\xc8\x48\x57\xda\x2d\xc0\xbd\
\xe9\x0e\x49\x92\x2a\x34\xd4\x61\xc3\x23\xe9\x00\x49\xe3\x1c\x36\
\x48\xf5\x70\xd8\x20\x49\x12\x50\xe0\x68\x60\x37\xb0\x36\xdd\xa2\
\x31\x77\x36\x70\x56\x03\xfb\xd2\x21\x23\x5d\x69\x2f\xa7\x7f\x01\
\x23\x49\x92\xc6\x6d\x48\x07\x4c\xc8\xb6\x74\x80\xa4\x71\x0e\x1b\
\xa4\x7a\xcc\xe2\xb0\xe1\x9c\x74\x80\x24\xa9\x2e\x05\x4e\xa5\x5f\
\xd1\xb3\x32\xdd\xa2\x31\xdf\x6f\xe0\xe2\x74\xc4\x5c\x5d\x69\xaf\
\x01\x6e\x4e\x77\x48\x92\x54\xa3\x02\xc7\x01\x47\xa4\x3b\x26\x64\
\x5b\x3a\x40\xd2\x38\x87\x0d\x52\x25\x1a\x78\x1e\xf8\x77\xba\x63\
\xca\x8e\x2c\x70\x4c\x3a\x42\x92\x54\x87\x02\x9b\x81\x9d\xc0\x8a\
\x74\x8b\xc6\x5c\xd1\xc0\xb7\xd2\x11\x73\x75\xa5\xbd\x11\xef\x79\
\x48\x92\x74\x20\x5f\x48\x07\x4c\x88\xf7\x1a\xa4\x4a\x39\x6c\x90\
\xea\xb2\x3d\x1d\x10\xe0\x2a\x25\x49\x12\x05\xae\x06\xee\x4a\x77\
\x68\x41\x17\x37\x70\x53\x3a\x62\xae\xae\xb4\xb7\x02\x57\xa6\x3b\
\x24\x49\xaa\xdc\x50\x87\x0d\xde\x6b\x90\x2a\xe5\xb0\x41\xaa\xcb\
\x2c\xae\x52\xda\x94\x0e\x90\x24\x65\x95\x7e\xdf\xfe\xf5\xe9\x0e\
\x8d\xd9\x47\x7f\x9f\xe1\xce\x74\xc8\x5c\x5d\x69\xef\x05\x2e\x4d\
\x77\x48\x92\xb4\x08\x9c\x99\x0e\x98\x90\x6d\xe9\x00\x49\x0b\x3b\
\x24\x1d\x20\x69\x1e\x87\x0d\x92\xa4\x99\x51\x60\x39\x70\x0f\xb0\
\x3e\xdd\xa2\x31\xaf\x01\xe7\xd4\xb4\xa2\xa0\x2b\xed\xa1\xc0\x4f\
\x81\x8d\xe9\x16\x49\x92\x6a\x57\x60\x15\x70\x58\xba\x63\x42\xb6\
\xa5\x03\x24\x2d\xcc\x97\x0d\x52\x5d\x66\x71\xd8\xb0\xbc\xc0\x9a\
\x74\x84\x24\x69\xba\x0a\x1c\x09\xec\xc6\x41\x43\x8d\x5e\x04\x4e\
\xae\x6c\xd0\xb0\x0c\xd8\x8a\x83\x86\x83\xa1\x49\x07\x48\x92\xa6\
\x62\xa8\x2b\x94\xbc\xd7\x20\x55\xcc\x61\x83\x54\x91\x06\xde\x02\
\x9e\x49\x77\x04\x9c\x97\x0e\x90\x24\x4d\x4f\x81\xd5\xc0\x93\xc0\
\xca\x74\x8b\xc6\xfc\x8e\x7e\xd0\xf0\x87\x74\xc8\x48\x57\xda\xc3\
\xe9\x3f\xc8\x38\x2d\xdd\x32\x10\x25\x1d\x20\x49\x9a\x8a\xa1\x0e\
\x1b\xbc\xd7\x20\x55\xcc\x61\x83\x54\x9f\x59\x7c\xdd\x70\x6e\x3a\
\x40\x92\x34\x1d\x05\xce\x07\x76\x00\x6d\xba\x45\x63\xf6\x00\xa7\
\x36\xf0\x4a\x3a\x64\xa4\x2b\xed\x51\xf4\x5f\x2f\x9e\x90\x6e\x91\
\x24\x69\x91\x19\xea\xeb\xd1\x6d\xe9\x00\x49\xfb\xe7\xb0\x41\xaa\
\xcf\x8e\x74\x40\xc0\x49\x05\x0e\x4f\x47\x48\x92\x26\xab\xc0\x37\
\x81\x7b\x81\x25\xe9\x16\x8d\xb9\x0f\x58\xd7\xc0\xeb\xe9\x90\x91\
\xae\xb4\x27\xd0\x0f\x1a\x8e\x4a\xb7\x48\x92\xb4\x98\x94\xfe\x35\
\xe0\xd2\x74\xc7\x84\x6c\x4d\x07\x48\xda\x3f\x87\x0d\x52\x7d\x1e\
\x4c\x07\x84\x5c\x90\x0e\x90\x24\x4d\x4e\x81\x9b\x81\x1f\xa4\x3b\
\xb4\xa0\xdb\x1a\x38\xb7\x81\x7d\xe9\x90\x91\xae\xb4\xeb\xe9\x5f\
\x7b\xfa\x31\x82\x24\x49\xef\xdd\x50\x57\x28\xbd\xde\xc0\x53\xe9\
\x08\x49\xfb\xe7\xb0\x41\xaa\x4c\x03\x2f\x53\xd1\x9e\xe4\x29\x72\
\x95\x92\x24\x0d\x50\x81\x25\xa5\x7f\xcd\x70\x79\xba\x45\x0b\xfa\
\x5e\x03\x97\xa4\x23\xe6\xea\x4a\x7b\x21\xfd\x8a\x84\x65\xe1\x14\
\x49\x92\x16\xab\x33\xd3\x01\x13\xf2\x93\x74\x80\xa4\x03\x73\xd8\
\x20\xd5\xe9\xe1\x74\x40\xc0\x17\xd3\x01\x92\xa4\x83\xab\xf4\x77\
\x19\x76\xd0\xdf\x69\x50\x7d\xae\x68\xe0\xdb\xe9\x88\xb9\xba\xd2\
\x5e\x06\xdc\x9d\xee\x90\x24\x69\x91\xdb\x90\x0e\x98\x90\xfb\xd3\
\x01\x92\x0e\xcc\x61\x83\x54\xa7\x6d\xe9\x80\x80\xa5\x65\xb8\x3f\
\x88\x24\x69\xe6\x14\x58\x09\x3c\x09\xac\x4e\xb7\x68\x41\x17\x35\
\x70\x53\x3a\x62\xae\xae\xb4\xd7\x02\xb7\xa4\x3b\x24\x49\x5a\xcc\
\xca\x70\x5f\x35\x00\x3c\x90\x0e\x90\x74\x60\x0e\x1b\xa4\x3a\xfd\
\x32\x1d\x10\x72\x5e\x3a\x40\x92\xf4\xff\x2b\xb0\x16\xd8\x0d\x1c\
\x99\x6e\xd1\x98\x37\x80\xd3\x1a\xb8\x27\x1d\x32\x57\x57\xda\x5b\
\x80\xeb\xd2\x1d\x92\x24\x0d\xc0\x50\xef\x35\x3c\xd5\xc0\x3f\xd3\
\x11\x92\x0e\xcc\x61\x83\x54\xa1\xb7\xef\x36\xfc\x29\xdd\x11\xe0\
\xdd\x06\x49\x5a\xe4\x0a\x6c\x01\xb6\x03\xcb\xd3\x2d\x1a\xf3\x0a\
\xd0\x35\xfd\xe1\xe5\x6a\x74\xa5\xbd\x1b\xb8\x2c\xdd\x21\x49\xd2\
\x40\x0c\x75\xd8\xe0\xab\x06\x69\x11\x70\xd8\x20\xd5\xeb\xa1\x74\
\x40\xc0\xf1\xc5\xaf\x60\x25\x69\xd1\x2a\x70\x35\x70\x47\xba\x43\
\x0b\x7a\x0e\x38\xa5\x81\xdf\xa6\x43\x46\xba\xd2\x7e\xa0\x2b\xed\
\x36\xe0\xc2\x74\x8b\x24\x49\x43\x50\x60\x19\xb0\x26\xdd\x31\x21\
\x3f\x4f\x07\x48\x7a\x67\x0e\x1b\xa4\x7a\x6d\x4b\x07\x84\x5c\x90\
\x0e\x90\x24\xbd\x77\x05\x7e\x08\x5c\x9f\xee\xd0\x82\x76\xd2\xaf\
\x4e\x7a\x21\x1d\x32\xd2\x95\xf6\x43\xc0\xa3\xc0\xfa\x74\x8b\x24\
\x49\x03\x32\xd4\xff\xaf\xee\x6d\x66\xf3\x83\x4c\x69\xd1\x71\xd8\
\x20\xd5\xeb\x91\x74\x40\xc8\x97\xd3\x01\x92\xa4\x77\xaf\xc0\xb2\
\x02\xbf\x00\xbe\x96\x6e\xd1\x82\xee\x03\x36\x36\xf0\x5a\x3a\x64\
\xa4\x2b\xed\xc7\x81\xc7\x80\xcf\xa5\x5b\x66\x54\x93\x0e\x90\x24\
\x4d\xcc\x50\x57\x28\x39\x68\x90\x16\x09\x87\x0d\x52\xa5\x1a\xf8\
\x0b\xf0\x52\xba\x23\x60\x63\x81\x36\x1d\x21\x49\x7a\x67\x05\x3e\
\x02\xec\x00\x36\xa5\x5b\xb4\xa0\x5b\x1a\x38\xb7\x81\x7d\xe9\x90\
\x91\xae\xb4\xc7\x02\x4f\x00\xc7\xa6\x5b\x66\x58\x49\x07\x48\x92\
\x26\x66\xa8\xbf\xc9\xbc\xd7\x20\x2d\x12\x0e\x1b\xa4\xba\x6d\x4d\
\x07\x84\xb8\xbb\x59\x92\x2a\x57\xe0\x33\xc0\x1e\xe0\xc4\x74\x8b\
\x16\x74\x43\x03\x5f\x4f\x47\xcc\xd5\x95\xf6\xf3\xc0\x2e\xfa\x21\
\x95\x24\x49\x3a\x88\x0a\x7c\x0c\xf8\x6c\xba\x63\x42\xee\x4f\x07\
\x48\x7a\x77\x1c\x36\x48\x75\x9b\xd5\xa7\x82\x9b\xd3\x01\x92\xa4\
\xfd\x2b\xb0\x11\x78\x9c\xfe\x1f\xb5\xaa\xcf\x37\x1a\xb8\x2a\x1d\
\x31\x57\x57\xda\x4d\xc0\x76\x60\x79\xba\x45\x92\xa4\x81\x1a\xea\
\xfd\xc3\x3f\x36\xf0\xfb\x74\x84\xa4\x77\xe7\xbf\x00\x00\x00\xff\
\xff\xec\xdd\xdd\x8f\x5d\x65\x15\x80\xf1\xe7\x4d\xb8\x68\x4b\xa5\
\x2d\xec\x06\x15\x08\x0a\x89\x24\x45\x94\x38\x4d\xe9\xe6\x4b\x40\
\x04\x29\x45\xa0\x82\x7c\x34\x60\x41\xc5\xa0\x17\x6a\x20\x98\x18\
\x8d\x55\x2f\x0c\x82\x44\x13\xe5\x42\x82\x04\x42\x42\x11\xca\x47\
\x6b\x2b\x14\x41\x81\x56\x28\xa5\xa1\x78\x81\x49\x63\x30\x56\xb9\
\x40\x6b\xca\x04\x2c\xde\xbd\x5e\xec\x9a\x1c\x86\x99\x69\x67\xe6\
\x6c\xd6\xfe\x78\x7e\x7f\xc1\x73\xd5\xe9\x39\xeb\xbc\x6b\x39\x6c\
\x90\x9a\xed\xb7\xd1\x01\x41\x96\x65\x38\x24\x3a\x42\x92\xf4\x6e\
\x19\xbe\x0a\x3c\x05\xcc\x8d\x6e\xd1\xb8\x96\x25\xb8\x23\x3a\x62\
\x50\x99\x8b\x4b\xa9\xee\x7a\xcc\x8a\x6e\x91\x24\xa9\xc3\xba\x3a\
\x6c\x58\x17\x1d\x20\xe9\xc0\x39\x6c\x90\x1a\x2c\xc1\x3f\x81\x57\
\xa2\x3b\x82\x9c\x1f\x1d\x20\x49\x7a\xa7\x0c\xbf\x02\x7e\x11\xdd\
\xa1\x71\xed\x06\x96\xa6\x86\xfd\x50\xa1\xcc\xc5\xf5\xc0\xaf\xa3\
\x3b\x24\x49\xea\xb2\x0c\xb3\x81\x65\xd1\x1d\x35\xd9\x10\x1d\x20\
\xe9\xc0\x39\x6c\x90\x9a\x6f\x53\x74\x40\x10\x57\x29\x49\x52\x43\
\x64\x38\x2c\xc3\x16\xe0\x9a\xe8\x16\x8d\x6b\x27\x30\x92\xaa\x7b\
\x08\x8d\x51\xe6\xe2\x16\xe0\xf6\xe8\x0e\x49\x92\x7a\xe0\xd3\xd1\
\x01\x35\xd9\x9b\xfa\x7b\xcb\x52\x6a\x25\x87\x0d\x52\xf3\x3d\x11\
\x1d\x10\xc4\x97\x0d\x92\xd4\x00\xfb\x0e\x41\xbf\x04\x9c\x1c\xdd\
\xa2\x71\x6d\x06\x96\x24\xd8\x15\x1d\x32\xa8\xcc\xc5\xbd\xc0\x8d\
\xd1\x1d\x92\x24\xf5\xc4\xf2\xe8\x80\x9a\x3c\x1e\x1d\x20\x69\x6a\
\x1c\x36\x48\xcd\xf7\x74\x74\x40\x90\xd9\x19\x2e\x8c\x8e\x90\xa4\
\x3e\xdb\xf7\xef\xf0\x56\xe0\xa8\xe8\x16\x8d\x6b\x4d\x82\xd3\x12\
\x8c\x46\x87\xfc\x5f\x99\x8b\x59\x65\x2e\x36\x02\x2b\xa3\x5b\x24\
\x49\xea\x91\xae\x6e\x06\x70\x85\x92\xd4\x32\x0e\x1b\xa4\x86\x4b\
\xf0\x1f\xe0\x0f\xd1\x1d\x41\xba\xfa\x1f\x26\x49\x6a\xbc\x0c\xab\
\x81\x47\x80\x39\xc1\x29\x1a\xdf\xea\x04\x57\x44\x47\x0c\x2a\x73\
\x31\x0f\x78\x16\x38\x2f\xba\x45\x92\xa4\xbe\xc8\xf0\x09\xe0\xb0\
\xe8\x8e\x9a\x3c\x1a\x1d\x20\x69\x6a\x0e\x8a\x0e\x90\x74\x40\x36\
\x01\x67\x44\x47\x04\xf8\x6c\x74\x80\x24\xf5\x4d\x86\x83\x81\x7b\
\x81\x8b\xa2\x5b\x34\xa1\x2b\x13\xdc\x17\x1d\x31\xa8\xcc\xc5\xfb\
\xa9\x7e\x1c\x71\x5c\x70\x8a\x24\x49\x7d\xd3\xd5\x15\x4a\x2f\x25\
\xd8\x1d\x1d\x21\x69\x6a\x7c\xd9\x20\xb5\x43\x5f\xef\x36\xcc\xcf\
\x70\x41\x74\x84\x24\xf5\x45\x86\xa3\x81\xed\x38\x68\x68\xaa\x51\
\xaa\xb5\x49\x4d\x1b\x34\x1c\x0b\x6c\xc3\x41\x83\x24\x49\x11\xba\
\xfa\x99\xd9\x15\x4a\x52\x0b\x39\x6c\x90\x5a\x20\xc1\x8b\xc0\x1b\
\xd1\x1d\x41\x2e\x8f\x0e\x90\xa4\x3e\xc8\x70\x1a\xb0\x03\xbf\x30\
\x6e\xaa\x57\xa9\x0e\x41\x6f\x8e\x0e\x19\x54\xe6\xe2\x44\xe0\x39\
\xe0\xc8\xe8\x16\x49\x92\xfa\x26\x57\xeb\x93\x16\x47\x77\xd4\xc4\
\x61\x83\xd4\x42\x0e\x1b\xa4\xf6\xd8\x14\x1d\x10\xe4\xe2\x0c\xb3\
\xa3\x23\x24\xa9\xcb\x32\x7c\x1d\x78\x06\x98\x1f\xdd\xa2\x71\x6d\
\x05\x16\x27\xd8\x19\x1d\x32\xa8\xcc\xc5\xd9\xc0\x16\x60\x61\x74\
\x8b\x24\x49\x3d\x75\x71\x74\x40\x4d\x46\x13\x3c\x1f\x1d\x21\x69\
\xea\x1c\x36\x48\xed\xd1\xd7\x61\xc3\x6c\xba\xbb\x83\x52\x92\xc2\
\x65\xb8\x0b\xf8\x69\x74\x87\x26\x74\x7f\x82\xa5\x09\xf6\x44\x87\
\x0c\x2a\x73\xb1\x92\x6a\xcd\xa3\x07\xc4\x25\x49\x8a\xd3\xd5\xcf\
\xca\x0f\x47\x07\x48\x9a\x1e\x87\x0d\x52\x7b\xf4\xf5\x6e\x03\xb8\
\x4a\x49\x92\x86\x2e\xc3\xc2\x5c\xad\xe9\x5b\x15\xdd\xa2\x09\xfd\
\x28\x35\xf0\x6f\x60\x99\x8b\xef\x51\x1d\x11\x97\x24\x49\xb1\xce\
\x89\x0e\xa8\xc9\xda\xe8\x00\x49\xd3\xe3\xb0\x41\x6a\x89\x04\xbb\
\x80\x3f\x47\x77\x04\x59\x91\xe1\x90\xe8\x08\x49\xea\x8a\x5c\xed\
\xf6\x7d\x19\x18\x89\x6e\xd1\x84\x56\x25\xf8\x76\x74\xc4\x58\x65\
\x2e\xee\x04\x56\x47\x77\x48\x92\xd4\x77\x19\xce\xa3\x9b\x2b\x87\
\xdf\x4c\xf0\x9b\xe8\x08\x49\xd3\xe3\xb0\x41\x6a\x97\x3e\xff\xc1\
\xbd\x30\x3a\x40\x92\xba\x20\xc3\x65\xc0\x36\xe0\x03\xd1\x2d\x1a\
\xd7\x5b\xc0\x59\x09\xee\x8e\x0e\x19\x54\xe6\x62\x56\x99\x8b\x8d\
\xc0\xb5\xd1\x2d\x92\x24\x09\xe8\xee\x0a\xa5\x75\xd1\x01\x92\xa6\
\xcf\x61\x83\xd4\x2e\x1b\xa2\x03\x02\x35\x6e\x8d\x84\x24\xb5\x4d\
\x86\x9f\x00\x6b\xa2\x3b\x34\xa1\x5d\xc0\x49\x09\x7e\x1f\x1d\x32\
\xa8\xcc\xc5\xa1\xc0\xb3\x54\xbf\xa0\x94\x24\x49\xcd\xd0\xd5\xe3\
\xd0\x0f\x46\x07\x48\x9a\xbe\x83\xa2\x03\x24\x1d\xb8\x04\x4f\x67\
\x18\x05\xe6\x45\xb7\x04\x58\x96\x61\x41\xd3\x0e\x64\x4a\x52\x1b\
\x64\x98\x4f\xb5\xfb\xf6\xac\xe8\x16\x4d\x68\x3b\xf0\x99\x04\xbb\
\xa3\x43\x06\x95\xb9\x38\x1a\x78\x12\x38\x36\xba\x45\x92\x24\x55\
\x32\x9c\x40\x37\x5f\xa9\xbe\x9d\xe0\x91\xe8\x08\x49\xd3\xe7\xcb\
\x06\xa9\x7d\x1e\x8b\x0e\x08\x74\x49\x74\x80\x24\xb5\x4d\x86\xe3\
\xa8\x0e\x41\x3b\x68\x68\xae\x47\x81\xd3\x1b\x38\x68\x38\x91\x6a\
\xe5\x96\x83\x06\x49\x92\x9a\xc5\x15\x4a\x92\x1a\xc9\x61\x83\xd4\
\x3e\x7d\xbe\xdb\x70\x65\x74\x80\x24\xb5\x49\x86\x0b\xf0\xcb\xe2\
\xa6\xbb\x25\xc1\x45\x09\xf6\x46\x87\x0c\x2a\x73\x71\x36\xb0\x05\
\x58\x18\xdd\x22\x49\x92\xde\x65\x45\x74\x40\x4d\xd6\x46\x07\x48\
\x9a\x19\x87\x0d\x52\xfb\xac\x8f\x0e\x08\x74\x46\x86\x23\xa3\x23\
\x24\xa9\x0d\x32\x7c\x87\xea\xd7\x61\xef\x8b\x6e\xd1\x84\xae\x4b\
\x70\x53\x74\xc4\x58\x65\x2e\x56\x02\x4f\x00\x73\xa2\x5b\x24\x49\
\xd2\x3b\x65\x38\x0a\x58\x1c\xdd\x51\x83\xb7\xe9\xf7\x8f\x2b\xa5\
\x4e\x70\xd8\x20\xb5\x4c\xaa\x6e\x36\xfc\x31\xba\x23\xd0\xd5\xd1\
\x01\x92\xd4\x64\x19\x66\xe7\x6a\x30\xfd\xc3\xe8\x16\x4d\xe8\x2d\
\xaa\xfb\x0c\x77\x44\x87\x8c\x55\xe6\xe2\xbb\xc0\xbd\xd1\x1d\xaa\
\x55\x8a\x0e\x90\x24\xcd\xc8\xe5\xd1\x01\x35\xd9\x98\xaa\x81\x83\
\xa4\x16\x73\xd8\x20\xb5\xd3\x86\xe8\x80\x40\x5f\x8c\x0e\x90\xa4\
\xa6\xda\xf7\xfa\x6b\x1b\xdd\xdd\xe3\xdb\x05\xaf\x01\x27\x25\x78\
\x3c\x3a\x64\xac\x32\x17\xf7\x01\x3f\x88\xee\x50\xed\x72\x74\x80\
\x24\x69\x46\x3e\x1f\x1d\x50\x13\x57\x28\x49\x1d\xe0\xb0\x41\x6a\
\xa7\x3e\x0f\x1b\x8e\xc9\xb0\x24\x3a\x42\x92\x9a\x26\xc3\xe9\xc0\
\xcb\xc0\xf1\xd1\x2d\x9a\xd0\x0e\x60\x24\xc1\x2b\xd1\x21\x83\xca\
\x5c\x2c\x28\x73\xf1\x3c\xdd\xfd\xa5\xa4\x24\x49\x9d\x90\xe1\x43\
\x74\x73\x85\x12\xb8\x42\x49\xea\x04\x87\x0d\x52\x0b\xa5\xea\xcb\
\xa4\x7f\x44\x77\x04\x72\x95\x92\x24\x0d\xc8\xf0\x35\xe0\x69\xe0\
\xd0\xe8\x16\x4d\xe8\x71\xe0\x94\x04\xaf\x47\x87\x0c\x2a\x73\xf1\
\x11\xe0\x45\xe0\xa4\xe8\x16\x49\x92\xb4\x5f\x97\x46\x07\xd4\xe4\
\xd1\x04\x6f\x46\x47\x48\x9a\x39\x87\x0d\x52\x7b\xf5\x79\xea\x7f\
\x65\x74\x80\x24\x35\x45\x86\x7b\x80\x9f\x47\x77\x68\x52\x77\xa4\
\xea\x46\xc3\xde\xe8\x90\x41\x65\x2e\x4e\x05\x5e\x00\x8e\x89\x6e\
\x91\x24\x49\x07\xa4\xab\x2b\x94\x1e\x8c\x0e\x90\x34\x1c\x0e\x1b\
\xa4\xf6\xea\xf3\xb0\x61\x41\x86\x8b\xa2\x23\x24\x29\x52\x86\x85\
\x19\xb6\x00\x57\x45\xb7\x68\x52\xdf\x48\x70\x5d\x74\xc4\x58\x65\
\x2e\xae\x06\x9e\x05\xe6\x45\xb7\x48\x92\xa4\xfd\xeb\xf8\x0a\xa5\
\xf5\xd1\x01\x92\x86\xc3\x61\x83\xd4\x52\xa9\xba\xdb\xf0\x76\x74\
\x47\x20\xbf\x5c\x93\xd4\x5b\x19\x3e\x4e\xb5\x52\xef\xe4\xe8\x16\
\x4d\x68\x2f\x70\x41\x82\x9f\x45\x87\x8c\x55\xe6\xe2\x66\xe0\xee\
\xe8\x0e\x49\x92\x34\x25\x5d\x5d\xa1\xb4\x21\xc1\x68\x74\x84\xa4\
\xe1\x38\x28\x3a\x40\xd2\x8c\xac\xa7\xbb\xcf\x28\xf7\x67\x45\x86\
\x05\x09\xf6\x44\x87\x48\xd2\x7b\x29\xc3\x65\xc0\x9a\xe8\x0e\x4d\
\xea\x75\xe0\x9c\x04\x7f\x8a\x0e\x19\x54\xe6\x62\x16\xf0\x00\xb0\
\x3c\xba\x45\x92\x24\x4d\x59\x57\x3f\xfb\xbb\x42\x49\xea\x10\x5f\
\x36\x48\xed\xf6\x70\x74\x40\xb0\xcb\xa3\x03\x24\xe9\xbd\x94\xe1\
\x36\x1c\x34\x34\xdd\x2b\xc0\x48\x03\x07\x0d\x87\x03\x9b\x71\xd0\
\x20\x49\x52\xeb\x64\x38\x8a\xee\xae\x50\x5a\x1b\x1d\x20\x69\x78\
\x1c\x36\x48\xed\xb6\x21\x3a\x20\xd8\xaa\xe8\x00\x49\x7a\x2f\x64\
\x38\x2c\xc3\x53\xc0\x37\xa3\x5b\x34\xa9\x4d\xc0\xd2\x04\xaf\x45\
\x87\x0c\x2a\x73\xb1\x08\xd8\x0e\x8c\x44\xb7\x48\x92\xa4\x69\x59\
\x19\x1d\x50\x93\xc7\x12\xbc\x19\x1d\x21\x69\x78\x1c\x36\x48\x2d\
\xb6\xef\x8f\xf2\xc6\xe8\x8e\x40\x4b\x32\x9c\x10\x1d\x21\x49\x75\
\xda\x77\x9f\x61\x07\x70\x66\x74\x8b\x26\x75\x4f\x82\x73\x9b\xf6\
\x81\xb9\xcc\xc5\xb9\xc0\x56\xe0\x88\xe8\x16\x49\x92\x34\x6d\xd7\
\x45\x07\xd4\xc4\x15\x4a\x52\xc7\x38\x6c\x90\xda\xaf\xef\xab\x94\
\xbe\x12\x1d\x20\x49\x75\xd9\x77\x9f\x61\x07\x70\x64\x74\x8b\x26\
\xf5\xad\x04\x5f\x88\x8e\x18\xab\xcc\xc5\xf5\xc0\x63\xc0\xdc\xe8\
\x16\x35\x4a\x8a\x0e\x90\x24\x1d\xb8\x5c\xbd\x4c\xfc\x70\x74\x47\
\x4d\x1e\x8a\x0e\x90\x34\x5c\x0e\x1b\xa4\xf6\xeb\xfb\xb0\x61\x55\
\x74\x80\x24\xd5\x21\xc3\xad\x78\x9f\xa1\xe9\xfe\x0b\x7c\x2e\xc1\
\x8f\xa3\x43\xc6\x2a\x73\x71\x1b\x70\x7b\x74\x87\x1a\x29\x47\x07\
\x48\x92\xa6\xe4\xaa\xe8\x80\x9a\xfc\x2e\xc1\x9e\xe8\x08\x49\xc3\
\xe5\xb0\x41\x6a\xb9\x04\xff\x06\x9e\x89\xee\x08\x74\x70\x76\xe0\
\x20\xa9\x43\x32\xcc\xcf\xf0\x24\x70\x43\x74\x8b\x26\xb5\x1b\x38\
\x35\x35\xec\x17\x79\x65\x2e\xe6\x94\xb9\x58\x8f\xf7\x3d\x24\x49\
\xea\x8a\xc6\xbd\x9e\x1c\x12\x57\x28\x49\x1d\xe4\xb0\x41\xea\x86\
\xbe\xbf\x6e\xe8\xea\xfe\x4a\x49\x3d\x93\xe1\x78\xaa\xb5\x49\x67\
\x45\xb7\x68\x52\x3b\x81\x91\x54\x1d\x5d\x6e\x8c\x32\x17\x87\x03\
\xcf\x01\xcb\xa3\x5b\x24\x49\xd2\xcc\x65\x38\x1f\x98\x1f\xdd\x51\
\x93\x46\xfd\x60\x43\xd2\x70\x38\x6c\x90\xba\xa1\xef\xc3\x86\x32\
\xc3\x47\xa3\x23\x24\x69\x26\x32\x5c\x02\xbc\x00\x1c\x1d\xdd\xa2\
\x49\x3d\x03\x2c\x49\xb0\x2b\x3a\x64\x50\x99\x8b\x45\x54\xc3\x8f\
\x8f\x45\xb7\x48\x92\xa4\xa1\xe9\xea\x0a\xa5\x75\x09\xfe\x15\x1d\
\x21\x69\xf8\x1c\x36\x48\x1d\x90\xe0\x6f\xc0\x4b\xd1\x1d\xc1\x7c\
\xdd\x20\xa9\xb5\x32\xdc\x02\x3c\x00\xcc\x89\x6e\xd1\xa4\xd6\x24\
\xf8\x64\x82\xd1\xe8\x90\x41\x65\x2e\xce\x04\xb6\x02\x47\x44\xb7\
\x48\x92\xa4\xe1\xc8\x70\x30\x70\x61\x74\x47\x4d\xee\x89\x0e\x90\
\x54\x0f\x87\x0d\x52\x77\xf4\xfd\x09\xe2\xd5\xd1\x01\x92\x34\x55\
\x03\xf7\x19\x6e\x8c\x6e\xd1\x7e\xad\x4e\x70\x45\x74\xc4\x58\x65\
\x2e\xbe\x0c\x3c\x05\xcc\x8d\x6e\x91\x24\x49\x43\x75\x19\x30\x2b\
\x3a\xa2\x06\x6f\x24\x58\x1b\x1d\x21\xa9\x1e\x0e\x1b\xa4\xee\x58\
\x13\x1d\x10\x6c\x5e\x76\xe0\x20\xa9\x45\xbc\xcf\xd0\x2a\x57\x24\
\xf8\x7e\x74\xc4\x58\x65\x2e\x6e\x05\x7e\x19\xdd\x21\x49\x92\x6a\
\xd1\xd5\x15\x4a\xf7\x45\x07\x48\xaa\x8f\xc3\x06\xa9\x23\x12\xfc\
\x05\x57\x29\xb9\x4a\x49\x52\x2b\x64\x58\x01\x6c\xc3\xfb\x0c\x4d\
\x37\x0a\x9c\x96\x1a\x36\xd0\x2f\x73\x31\xab\xcc\xc5\x7a\xe0\x86\
\xe8\x16\x49\x92\x34\x7c\x19\x3e\x08\x9c\x11\xdd\x51\x93\xbb\xa3\
\x03\x24\xd5\xc7\x61\x83\xd4\x2d\x8d\xfa\x32\x24\xc0\x29\x19\x16\
\x45\x47\x48\xd2\x64\x32\xdc\x4c\xf5\x74\x7c\x76\x74\x8b\x26\xf5\
\x2a\xd5\x21\xe8\xcd\xd1\x21\x83\xca\x5c\x1c\x4e\xd5\xb4\x3c\xba\
\x45\x92\x24\xd5\xe6\xda\xe8\x80\x9a\xfc\x35\x55\x77\xa6\x24\x75\
\x94\xc3\x06\xa9\x5b\x7c\x8e\xe8\xde\x73\x49\x0d\x35\x70\x9f\xe1\
\xa6\xe8\x16\xed\xd7\x56\x60\x71\x82\x9d\xd1\x21\x83\xca\x5c\x2c\
\x02\xb6\x03\x23\xd1\x2d\x92\x24\xa9\x56\x5f\x8a\x0e\xa8\xc9\x9d\
\xd1\x01\x92\xea\xe5\xb0\x41\xea\x90\x04\x7f\x07\xb6\x44\x77\x04\
\xbb\x26\xc3\xa1\xd1\x11\x92\x34\xc8\xfb\x0c\xad\xf2\x50\x82\xa5\
\x09\xf6\x44\x87\x0c\x2a\x73\x71\x26\xd5\x10\xe4\x88\xe8\x16\x49\
\x92\x54\x9f\x0c\x9f\xa2\xbb\xab\x36\xef\x8a\x0e\x90\x54\xaf\xff\
\x01\x00\x00\xff\xff\xec\xdd\x5b\x8c\x5d\x55\x01\x87\xf1\x6f\x25\
\x3e\x00\x16\x41\x9c\x82\x42\x20\xa2\x11\x23\x28\x48\x0b\x98\x21\
\x04\x82\x8a\x06\x84\x8a\x51\x41\x44\x2e\x4a\xb8\x94\x8b\x42\x41\
\x4c\xa3\x58\x53\x8d\x80\x20\x18\x20\x8a\x80\x0a\xe5\xa2\x5c\xa2\
\x56\x48\x50\x31\x05\x01\x13\xb5\x5c\x04\xb9\x69\x44\x42\x24\x35\
\xc2\x83\x40\x2d\xe5\x6d\xf9\xb0\x0b\x0c\x95\xca\x99\x32\x7b\xfe\
\x7b\xf6\xfe\x7e\x2f\x7d\xfd\x1e\x9a\xf6\xe4\xfc\xcf\x5a\xcb\xb1\
\x41\xea\x1f\x4f\x37\xc0\xf1\xe9\x00\x49\x7a\x81\xef\x33\xcc\x28\
\x67\x15\xf8\x78\x3a\x62\x6d\xe3\x75\xec\x68\x60\x19\x30\x2b\xdd\
\x22\x49\x92\x5a\x77\x54\x3a\xa0\x25\xb7\x16\x58\x91\x8e\x90\xd4\
\x2e\xc7\x06\xa9\x7f\x6e\x48\x07\x74\xc0\x89\xe9\x00\x49\x02\xa8\
\x70\x26\xbe\xcf\x30\x53\x1c\x51\x60\x61\x3a\x62\x6d\xe3\x75\xec\
\x1c\xe0\x92\x74\x87\x24\x49\x6a\x5f\x85\x4d\x80\x43\xd2\x1d\x2d\
\x59\x92\x0e\x90\xd4\xbe\xd7\xa5\x03\x24\x4d\xad\x02\xff\xaa\x70\
\x0b\xb0\x4f\xba\x25\x68\x8b\x0a\x87\x16\xb8\x3a\x1d\x22\x69\x98\
\x2a\x6c\x4a\x33\x32\x78\x6d\x52\xf7\xfd\x07\x98\x57\xe0\xd6\x74\
\xc8\x44\xe3\x75\x6c\x03\xe0\x7a\x7c\x08\x5a\x92\xa4\x21\x39\x2c\
\x1d\xd0\x92\xe7\x69\x3e\xd7\x48\xea\x39\x4f\x36\x48\xfd\xe4\x55\
\x4a\xb0\x20\x1d\x20\x69\x98\xd6\xbc\xcf\x70\x37\x0e\x0d\x33\xc1\
\x0a\x9a\xf7\x19\xba\x36\x34\x8c\x01\x77\xe2\xd0\x20\x49\xd2\xd0\
\xcc\x4f\x07\xb4\xe4\xda\x02\xab\xd2\x11\x92\xda\xe7\xd8\x20\xf5\
\x93\x57\x29\xc1\x9c\x0a\xe3\xe9\x08\x49\xc3\x52\x9b\x2f\x87\xff\
\x00\xbc\x2d\xdd\xa2\x57\xb5\x1c\xd8\xb9\xc0\x83\xe9\x90\x89\xc6\
\xeb\xd8\xf6\x34\x63\xd5\xdc\x74\x8b\x24\x49\x9a\x3e\xb5\xf9\xbf\
\x7f\xfb\x74\x47\x4b\x2e\x4d\x07\x48\x9a\x1e\x8e\x0d\x52\x0f\x15\
\x58\x09\xfc\x3c\xdd\xd1\x01\x27\xa7\x03\x24\x0d\x47\x85\x6f\x02\
\x37\x02\xaf\x4f\xb7\xe8\x55\x5d\x5f\x60\xb7\x02\x4f\xa6\x43\x26\
\x1a\xaf\x63\x7b\xd3\x8c\x55\xdb\xa4\x5b\x24\x49\xd2\xb4\xeb\xeb\
\xc3\xd0\x7f\x2b\xf0\xbb\x74\x84\xa4\xe9\xe1\xd8\x20\xf5\x97\x57\
\x29\xc1\x41\x15\xb6\x4e\x47\x48\xea\xb7\x0a\xb3\x2b\xdc\x46\x07\
\x1f\x17\xd6\x2b\x5a\x54\xe0\xa0\x74\xc4\xda\xc6\xeb\xd8\xe1\xc0\
\x32\x60\x56\xba\x45\x92\x24\x45\x1c\x9e\x0e\x68\xc9\x85\xe9\x00\
\x49\xd3\xc7\xb1\x41\xea\xaf\x1b\x69\x1e\xbd\x1c\xba\x13\xd2\x01\
\x92\xfa\xab\xc2\xae\xc0\x9f\x80\xbd\xd2\x2d\x1a\xc9\x41\x05\x16\
\xa7\x23\xd6\x36\x5e\xc7\xce\x06\xae\x48\x77\x48\x92\xa4\x8c\xda\
\x3c\x0c\xdd\xc7\xd3\xb1\xcf\xe3\x67\x1c\x69\x50\x1c\x1b\xa4\x9e\
\x2a\xb0\x1a\xb8\x2e\xdd\xd1\x01\xc7\x57\xd8\x30\x1d\x21\xa9\x7f\
\x2a\x9c\x04\xfc\x11\xd8\x32\xdd\xa2\x57\xf5\x24\x30\xa7\xc0\xf5\
\xe9\x90\x89\xc6\xeb\xd8\x06\xe3\x75\xec\x46\xe0\xf4\x74\x8b\x24\
\x49\x8a\x3a\x26\x1d\xd0\x92\xeb\x0a\x3c\x93\x8e\x90\x34\x7d\x1c\
\x1b\xa4\x7e\x5b\x92\x0e\xe8\x80\x8d\x81\xe3\xd2\x11\x92\xfa\xa3\
\xc2\x86\x15\x7e\x02\x5c\x90\x6e\xd1\x48\xee\xa3\x79\x08\xfa\xde\
\x74\xc8\x44\xe3\x75\x6c\x0c\xb8\x93\xe6\x51\x71\x49\x92\x34\x50\
\xb5\x79\x14\x7a\x8f\x74\x47\x4b\x2e\x49\x07\x48\x9a\x5e\x8e\x0d\
\x52\x8f\x15\xf8\x2d\xf0\x44\xba\xa3\x03\x4e\x4d\x07\x48\xea\x87\
\x0a\xef\x00\xee\x06\x0e\x4e\xb7\x68\x24\x4b\x81\xdd\x0b\xac\x48\
\x87\x4c\x34\x5e\xc7\xb6\xa3\xf9\x7b\x34\x37\xdd\x22\x49\x92\xe2\
\xfa\x7a\xf5\xaf\x0f\x43\x4b\x03\xe4\xd8\x20\xf5\xdf\x0f\xd3\x01\
\x1d\xb0\x55\x85\x4f\xa5\x23\x24\xcd\x6c\x15\xe6\xd1\xfc\x3a\xfe\
\x5d\xe9\x16\x8d\x64\x71\x81\x03\x0b\x3c\x97\x0e\x99\x68\xbc\x8e\
\x6d\x0d\x2c\x07\xb6\x49\xb7\x68\xb0\x4a\x3a\x40\x92\xd4\xa8\xb0\
\x11\x70\x64\xba\xa3\x25\x3e\x0c\x2d\x0d\x90\x63\x83\xd4\x7f\x3e\
\xc6\xd4\x58\x98\x0e\x90\x34\x73\x55\x38\x8f\xe6\x57\xf2\x7d\x7c\
\xb8\xaf\x6f\x9e\xa7\x19\x19\x16\xa5\x43\xd6\x61\x73\xe0\x0d\xe9\
\x08\x0d\x5a\x4d\x07\x48\x92\x5e\x74\x18\xcd\xe0\xd0\x47\x97\xa7\
\x03\x24\x4d\x3f\xc7\x06\xa9\xe7\x0a\xfc\x1d\x8f\x2e\x02\xec\x58\
\x61\xef\x74\x84\xa4\x99\xa5\xc2\x9b\x6b\xf3\x6f\xe8\x29\xe9\x16\
\x8d\x64\x05\xcd\xb5\x49\x4b\xd3\x21\x92\x24\x49\x23\xf8\x7c\x3a\
\xa0\x25\x57\x16\x78\x36\x1d\x21\x69\xfa\x39\x36\x48\xc3\xe0\xe9\
\x86\xc6\x69\xe9\x00\x49\x33\x47\x85\xdd\x81\xfb\x69\xfe\x54\xf7\
\x2d\xa7\x83\x0f\x41\x4b\x92\x24\xbd\x92\x35\x9f\x35\xb7\x4f\x77\
\xb4\xe4\xfb\xe9\x00\x49\x19\x8e\x0d\xd2\x30\x5c\x9b\x0e\xe8\x88\
\xfd\xaa\x77\xad\x4b\x1a\x41\x85\x2f\xd1\x9c\x68\x98\x9d\x6e\xd1\
\x48\x2e\x2f\xb0\x5b\x81\x27\xd3\x21\x92\x24\x49\x23\x9a\x9f\x0e\
\x68\xc9\x03\x3e\x0c\x2d\x0d\x97\x63\x83\x34\x00\x6b\x8e\x2f\x3a\
\x38\x34\x3c\xdd\x20\x69\x9d\x2a\x6c\x5c\x9b\x2b\x78\xce\x4a\xb7\
\x68\x64\x0b\x0a\x7c\x36\x1d\x21\x49\x92\x34\xaa\x0a\x9b\x01\x9f\
\x49\x77\xb4\xe4\xa2\x74\x80\xa4\x1c\xc7\x06\x69\x38\xbc\x4a\xa9\
\xf1\xb9\xda\x3c\xce\x29\x49\x2f\xb3\xe6\xe4\xd3\x7d\xc0\xbc\x74\
\x8b\x46\xf2\x34\xb0\x67\x81\xf3\xd3\x21\x92\x24\x49\x93\x74\x54\
\x3a\xa0\x25\x2b\x81\x2b\xd3\x11\x92\x72\x1c\x1b\xa4\x81\x28\x70\
\x33\x5e\x2f\xf1\x02\x1f\x7a\x95\xf4\x32\x15\x3e\x0d\xdc\x05\x6c\
\x9b\x6e\xd1\x48\x1e\x04\xe6\x14\xb8\x23\x1d\x22\x49\x92\xb4\x1e\
\xfa\x7a\x85\xd2\x0f\x0a\x3c\x97\x8e\x90\x94\xe3\xd8\x20\x0d\xcb\
\x92\x74\x40\x47\x9c\x58\x61\xd3\x74\x84\xa4\x6e\xa8\xcd\x51\xef\
\xab\x81\x8d\xd2\x2d\x1a\xc9\x52\xe0\x7d\x05\x1e\x4b\x87\x48\x92\
\x24\x4d\x56\x85\xfd\xe9\xef\x0f\x5c\xbc\x42\x49\x1a\x38\xc7\x06\
\x69\x58\x2e\x4d\x07\x74\xc4\x2c\xe0\xc4\x74\x84\xa4\xac\x0a\x5b\
\x55\xb8\x07\x38\x21\xdd\xa2\x91\x2d\x2e\x70\x60\x81\x55\xe9\x10\
\x49\x92\xa4\xf5\xd4\xd7\x93\xf6\x37\x17\x78\x34\x1d\x21\x29\xcb\
\xb1\x41\x1a\x90\x02\x7f\x05\x6e\x4f\x77\x74\xc4\x82\x0a\x1b\xa6\
\x23\x24\x65\x54\xd8\x0b\xb8\x1f\xd8\x39\xdd\xa2\x91\xac\x06\x0e\
\x28\xb0\x28\x1d\x22\x49\x92\xb4\xbe\x2a\xec\x08\xbc\x3f\xdd\xd1\
\x92\x0b\xd3\x01\x92\xf2\x1c\x1b\xa4\xe1\xf1\x74\x43\xe3\x8d\xc0\
\xb1\xe9\x08\x49\xd3\xaf\xc2\x19\xc0\x6d\xc0\x66\xe1\x14\x8d\xe6\
\x71\x60\xd7\x02\x37\xa5\x43\x24\x49\x92\x5e\xa3\x05\xe9\x80\x96\
\x3c\xb1\xe6\x9d\x48\x49\x03\xe7\xd8\x20\x0d\x4c\x81\xab\x80\x67\
\xd2\x1d\x1d\xf1\xc5\x74\x80\xa4\xe9\x53\x61\x93\x0a\xb7\x00\x8b\
\xd3\x2d\x1a\xd9\x1d\xc0\x7b\x4b\xf3\x20\xb4\x24\x49\xd2\x8c\x55\
\x61\x73\xe0\x88\x74\x47\x4b\xce\x4b\x07\x48\xea\x06\xc7\x06\x69\
\x98\x7c\x28\xba\xb1\x65\x85\xa3\xd3\x11\x92\xda\x57\xe1\x3d\x34\
\xd7\x26\x7d\x30\xdd\xa2\x91\x5d\x50\x60\xcf\x02\x4f\xa7\x43\x24\
\x49\x92\xa6\xc0\x49\xe9\x80\x96\x3c\x07\x5c\x96\x8e\x90\xd4\x0d\
\x8e\x0d\xd2\x30\x5d\x9c\x0e\xe8\x90\x85\xe9\x00\x49\xed\xaa\x70\
\x1c\xcd\xd0\xb0\x4d\xba\x45\x23\x3b\xb2\xc0\x17\xd2\x11\x92\x24\
\x49\x53\x68\x7e\x3a\xa0\x25\x57\x15\x58\x99\x8e\x90\xd4\x0d\x8e\
\x0d\xd2\x00\x15\x78\x08\xf8\x7d\xba\xa3\x23\xb6\xad\x70\x48\x3a\
\x42\xd2\xd4\xab\x30\xab\xc2\xcf\x80\xef\xa5\x5b\x34\xb2\xa7\x80\
\x5d\x0a\x5c\x91\x0e\x91\x24\x49\x9a\x2a\x15\x8e\x01\xde\x94\xee\
\x68\xc9\x77\xd2\x01\x92\xba\xc3\xb1\x41\x1a\x2e\x8f\x39\xbe\xe4\
\xcb\xe9\x00\x49\x53\xab\xc2\x2e\x34\xa7\x19\x0e\x4c\xb7\x68\x64\
\xcb\x81\x9d\x0a\xdc\x9d\x0e\x91\x24\x49\x9a\x62\xa7\xa6\x03\x5a\
\xb2\xac\xc0\xc3\xe9\x08\x49\xdd\xe1\xd8\x20\x0d\xd7\x8f\x81\x55\
\xe9\x88\x8e\xd8\xa1\xc2\xbc\x74\x84\xa4\xa9\x51\x61\x01\xcd\x17\
\xd7\xdb\xa6\x5b\x34\xb2\x2b\x0a\xec\x56\xe0\x9f\xe9\x10\x49\x92\
\xa4\xa9\x54\x61\x5f\x60\xbb\x74\x47\x4b\xce\x4d\x07\x48\xea\x16\
\xc7\x06\x69\xa0\x4a\xf3\x88\xd3\x95\xe9\x8e\x0e\xf9\x6a\x3a\x40\
\xd2\x6b\x53\x61\xb3\x0a\xbf\x04\xbe\x9d\x6e\xd1\xa4\x2c\x28\x70\
\x64\x3a\x42\x92\x24\xa9\x25\xa7\xa4\x03\x5a\xf2\x50\x81\x9b\xd3\
\x11\x92\xba\xc5\xb1\x41\x1a\xb6\x4b\xd3\x01\x1d\x32\xb7\xc2\xfe\
\xe9\x08\x49\xeb\xa7\xc2\x1e\xc0\x03\xc0\x87\xd3\x2d\x1a\xd9\xd3\
\xc0\x07\x0a\x9c\x9f\x0e\x91\x24\x49\x6a\x43\x85\x77\x03\xfb\xa4\
\x3b\x5a\x72\x4e\x3a\x40\x52\xf7\x38\x36\x48\x03\x56\xe0\x1e\xe0\
\xde\x74\x47\x87\x7c\x2d\x1d\x20\x69\xf2\x2a\x9c\x01\xdc\x01\xbc\
\x25\xdd\xa2\x91\x3d\x02\xcc\x29\xb0\x2c\x1d\x22\x49\x92\xd4\xa2\
\xaf\xa4\x03\x5a\xf2\x54\x81\xcb\xd3\x11\x92\xba\xc7\xb1\x41\xd2\
\x85\xe9\x80\x0e\x99\x5b\xe1\x23\xe9\x08\x49\xa3\xa9\xb0\x45\x6d\
\x46\x86\xc5\xe9\x16\x4d\xca\x4d\xc0\x2e\x05\x1e\x4b\x87\x48\x92\
\x24\xb5\xa5\xc2\x5b\x81\x83\xd3\x1d\x2d\xf1\xda\x52\x49\xaf\xc8\
\xb1\x41\x1a\xb8\x02\x3f\x02\x9e\x4d\x77\x74\x88\x5f\x5a\x4a\x33\
\x40\x85\x0f\xd1\x5c\x9b\xb4\x47\xba\x45\x93\xb2\xb8\xc0\x01\x05\
\x56\xa5\x43\x24\x49\x92\x5a\x76\x7a\x3a\xa0\x25\xab\x81\xef\xa6\
\x23\x24\x75\x93\x63\x83\x24\x80\x8b\xd3\x01\x1d\x32\xa7\xc2\x7e\
\xe9\x08\x49\xeb\x56\x9b\xfb\x61\x7f\x05\x8c\xa5\x5b\x34\xb2\xd5\
\x34\x23\xc3\xa2\x74\x88\x24\x49\x52\xdb\x2a\xcc\x06\xe6\xa7\x3b\
\x5a\x72\x71\x81\x95\xe9\x08\x49\xdd\xe4\xd8\x20\x09\xe0\xa2\x74\
\x40\xc7\x7c\x3d\x1d\x20\xe9\x7f\x55\xd8\xba\xc2\x5d\xc0\x69\xe9\
\x16\x4d\xca\xe3\xc0\xae\xa5\xb9\x3e\x49\x92\x24\x69\x08\x4e\x4e\
\x07\xb4\xe8\xdc\x74\x80\xa4\xee\x72\x6c\x90\x44\x81\x7f\x00\x4b\
\xd3\x1d\x1d\x32\xa7\xc2\xbe\xe9\x08\x49\x2f\xa9\xf0\x31\xe0\xcf\
\xc0\xdc\x74\x8b\x26\xe5\x76\x60\xe7\x02\x0f\xa6\x43\x24\x49\x92\
\xa6\x43\x85\x59\xc0\x49\xe9\x8e\x96\x5c\x53\x60\x45\x3a\x42\x52\
\x77\x39\x36\x48\x7a\x81\xa7\x1b\x5e\xee\x1b\xe9\x00\x49\x8d\xda\
\x5c\xf5\xf6\x53\x60\x93\x74\x8b\x26\xe5\x9c\x02\x7b\x15\xf8\x77\
\x3a\x44\x92\x24\x69\x1a\x1d\x07\x6c\x9c\x8e\x68\xc9\x99\xe9\x00\
\x49\xdd\xe6\xd8\x20\x09\x80\x02\xbf\x01\x1e\x4d\x77\x74\x88\xa7\
\x1b\xa4\xb0\x0a\xef\xac\xcd\x23\xd0\xc7\xa6\x5b\x34\x29\xab\x80\
\x8f\x96\xfe\x3e\x8a\x28\x49\x92\xf4\xff\xf4\xf5\x33\xd0\xb2\xd2\
\x7c\x36\x97\xa4\x75\x72\x6c\x90\x34\xd1\xf9\xe9\x80\x8e\xf1\xed\
\x06\x29\xa4\xc2\x51\xc0\x23\xc0\x0e\xe9\x16\x4d\xca\xc3\xc0\xdc\
\x02\xbf\x48\x87\x48\x92\x24\x4d\xb7\x35\x9f\x61\x67\xa7\x3b\x5a\
\x72\x76\x3a\x40\x52\xf7\x39\x36\x48\x9a\x68\x09\xb0\x3a\x1d\xd1\
\x21\x73\x2b\x7c\x22\x1d\x21\x0d\x49\x85\x8d\x2a\x5c\x03\x5c\x96\
\x6e\xd1\xa4\xdd\x40\xf3\x10\xf4\x5f\xd2\x21\x92\x24\x49\x21\x0b\
\xd3\x01\x2d\xb9\xa7\xc0\xaf\xd3\x11\x92\xba\xcf\xb1\x41\xd2\x8b\
\x0a\xac\xc4\x2f\xf8\xd6\xf6\xad\x74\x80\x34\x14\x15\x76\x02\xee\
\x07\x0e\x49\xb7\x68\xd2\x4e\x2b\xf0\xc9\xd2\x5c\xa1\x24\x49\x92\
\x34\x38\x15\x0e\x05\xde\x9e\xee\x68\x89\xa7\xfe\x25\x8d\xe4\xbf\
\x00\x00\x00\xff\xff\xec\xdd\x69\x8c\x5e\x75\x15\x80\xf1\xe7\xff\
\xad\x50\x29\x20\x17\x59\x34\x2a\x2d\x4b\x30\xb2\x14\xd4\x78\x41\
\x05\x17\x10\xa3\x88\x10\x44\xa3\xb8\xa0\x06\x71\x43\x16\x11\x90\
\xad\x65\x29\x14\x5a\x28\x22\x65\x49\x0c\x26\x04\x95\xb8\x2b\xa6\
\x20\xa8\x01\x04\x09\x41\x56\x85\x28\x89\x1b\xb2\x28\xab\x22\x81\
\x6f\xc7\x0f\xb7\x31\x56\xde\x19\x66\xde\x99\xcb\xb9\xf7\xce\xf3\
\xfb\xde\xf6\xf9\xd0\x4e\x3a\x73\xde\xff\x39\x0e\x1b\x24\xfd\xbf\
\xf3\xb3\x03\x3a\x66\xab\x80\x4f\x65\x47\x48\x43\x17\x70\x38\x70\
\x27\xc3\xfd\x06\x6d\xa8\x1e\x05\x76\x2f\xb0\x32\x3b\x44\x92\x24\
\x29\xd9\xa9\xd9\x01\x2d\xb9\xbf\xc0\x0f\xb3\x23\x24\xf5\x83\xc3\
\x06\x49\xeb\x28\xcd\x91\x68\x9f\x47\xae\xeb\xd4\x80\x79\xd9\x11\
\xd2\x10\x05\x6c\x1c\xf0\x13\x1c\x74\xf6\xd1\x2d\xc0\xce\x05\x6e\
\xce\x0e\x91\x24\x49\xca\x14\x70\x30\xb0\x30\xbb\xa3\x25\x4b\xb3\
\x03\x24\xf5\x87\xc3\x06\x49\xa3\xac\xca\x0e\xe8\x98\x2d\x80\x2f\
\x64\x47\x48\x43\x13\xf0\x46\xe0\x77\xc0\x7b\xb2\x5b\x34\x6d\xab\
\x0b\xd4\x05\x1e\xca\x0e\x91\x24\x49\xea\x80\xa1\xfe\x40\xfe\x2f\
\x05\xae\xc8\x8e\x90\xd4\x1f\x0e\x1b\x24\x3d\x4f\x81\x35\xc0\x7d\
\xd9\x1d\x1d\x73\x7c\xc0\x86\xd9\x11\xd2\x50\x04\x9c\x04\xfc\x9a\
\x66\x98\xa7\xfe\x78\x0e\x38\xb8\xc0\xe7\xb2\x43\x24\x49\x92\xba\
\x20\xe0\x23\x0c\xf7\x55\xc3\xb2\xec\x00\x49\xfd\xe2\xb0\x41\xd2\
\x44\xdc\xbf\xbd\xae\x8d\x81\xe3\xb2\x23\xa4\xbe\x0b\xd8\x22\xe0\
\x46\x86\xbb\xd3\x76\xc8\xfe\x0a\xec\xe2\xa7\xdb\x24\x49\x92\xd6\
\xb1\x24\x3b\xa0\x25\x0f\x17\xb8\x34\x3b\x42\x52\xbf\x38\x6c\x90\
\x34\x52\x81\xaf\x03\x4f\x64\x77\x74\xcc\x11\x01\x9b\x65\x47\x48\
\x7d\x15\xf0\x6e\x9a\xb5\x49\x6f\xca\x6e\xd1\xb4\x5d\x07\xec\x58\
\x7c\xf5\x26\x49\x92\xf4\x5f\x03\x7f\xd5\x70\x4e\x76\x80\xa4\xfe\
\x71\xd8\x20\x69\x32\x1e\x6c\x5d\xd7\x3c\x86\xbb\x8b\x53\x6a\x55\
\xc0\x57\x81\xab\x68\x5e\x09\xa9\x5f\x4e\x29\xb0\x57\x81\x7f\x66\
\x87\x48\x92\x24\x75\xcc\x92\xec\x80\x96\x3c\x05\x5c\x9c\x1d\x21\
\xa9\x7f\x1c\x36\x48\x9a\xcc\xea\xec\x80\x0e\xfa\x74\xc0\xb6\xd9\
\x11\x52\x5f\x04\x2c\x0a\xb8\x03\x8f\xac\xf7\xd1\xbf\x80\x7d\x8a\
\x2b\xaf\x24\x49\x92\x9e\x27\xe0\xa3\x0c\xf7\x55\xc3\xca\x02\xcf\
\x66\x47\x48\xea\x1f\x87\x0d\x92\x26\x54\xe0\x31\xdc\xd1\x38\xca\
\x8a\xec\x00\xa9\x0f\x02\x3e\x06\xdc\x05\xec\x9c\xdd\xa2\x69\xbb\
\x0b\xd8\xa9\xc0\x35\xd9\x21\x92\x24\x49\x1d\x75\x62\x76\x40\x4b\
\x9e\x06\xbe\x96\x1d\x21\xa9\x9f\x1c\x36\x48\x7a\x21\xab\xb2\x03\
\x3a\x68\xdf\x80\x3d\xb2\x23\xa4\xae\x0a\x78\x49\xc0\x95\xc0\x37\
\x80\xf9\xc9\x39\x9a\xbe\x6f\x16\xd8\xb9\xc0\x9f\xb3\x43\x24\x49\
\x92\xba\x28\xe0\x10\x60\x9b\xec\x8e\x96\x9c\x5b\x9a\x35\x4a\x92\
\x34\x6d\x0e\x1b\x24\x4d\x6a\xed\x31\xd0\xab\xb2\x3b\x3a\xc8\x15\
\x53\xd2\x08\x01\xbb\x02\xf7\x00\x07\x65\xb7\x68\x2c\x9f\x29\xf0\
\xe1\xec\x08\x49\x92\xa4\x8e\x1b\xea\x9a\xc9\x7f\x02\xe7\x65\x47\
\x48\xea\x2f\x87\x0d\x92\xa6\xe2\xdc\xec\x80\x0e\x7a\x4d\xc0\x61\
\xd9\x11\x52\x97\x04\x1c\x0b\xdc\x06\xbc\x3a\x39\x45\xd3\xf7\x20\
\xb0\x4b\xf1\x10\xa0\x24\x49\xd2\xa4\x02\x3e\x0b\xbc\x22\xbb\xa3\
\x25\x67\x97\x66\xe0\x20\x49\x63\x71\xd8\x20\xe9\x05\x15\xf8\x25\
\x70\x67\x76\x47\x07\x2d\x0b\x58\x90\x1d\x21\x65\x0b\xd8\x2c\xe0\
\x17\xc0\x59\xd9\x2d\x1a\xcb\xf5\xc0\x8e\xa5\x39\xe4\x2d\x49\x92\
\xa4\x09\x04\xcc\x03\x4e\xce\xee\x68\xc9\xe3\xc0\xf9\xd9\x11\x92\
\xfa\xcd\x61\x83\xa4\xa9\xf2\x28\xf2\xf3\x6d\xcc\x70\xff\xa3\x29\
\x4d\x49\xc0\xde\x34\x6b\x93\xde\x9a\xdd\xa2\xb1\x2c\x2f\xb0\x67\
\x81\x27\xb2\x43\x24\x49\x92\x7a\xe0\x73\xc0\x66\xd9\x11\x2d\x39\
\xb3\xc0\x33\xd9\x11\x92\xfa\xcd\x61\x83\xa4\x29\x29\x70\x05\x1e\
\x0b\x1d\xe5\xe8\x80\xad\xb3\x23\xa4\x0c\x01\x2b\x81\x6b\x80\x4d\
\xb3\x5b\x34\x6d\xcf\x00\xfb\x15\x38\x2e\x3b\x44\x92\x24\xa9\x0f\
\x02\xe6\x03\x5f\xc9\xee\x68\xc9\xe3\xc0\x85\xd9\x11\x92\xfa\xcf\
\x61\x83\xa4\xe9\x70\x45\xca\x68\xbe\xfa\xd0\x9c\x12\xb0\x28\x9a\
\xd5\x6a\x47\x65\xb7\x68\x2c\xf7\x03\x8b\x0b\xfc\x38\x3b\x44\x92\
\x24\xa9\x47\x8e\x04\x5e\x9a\x1d\xd1\x92\xa5\x05\x9e\xcb\x8e\x90\
\xd4\x7f\x0e\x1b\x24\x4d\x59\x81\x4b\x80\x87\xb2\x3b\x3a\x68\xbf\
\x80\x3d\xb2\x23\xa4\x17\x43\xc0\x41\xc0\xdd\xc0\x4e\xd9\x2d\x1a\
\xcb\x77\x69\x06\x0d\xf7\x67\x87\x48\x92\x24\xf5\x45\xc0\x86\x0c\
\xf7\x45\xe8\x23\x05\x2e\xc8\x8e\x90\x34\x0c\x0e\x1b\x24\x4d\x97\
\x9f\xe2\x1f\xed\x6b\xd9\x01\x52\x9b\x02\xd6\x0f\xb8\x0c\xb8\x12\
\x58\x3f\xbb\x47\x63\xf9\x74\x81\xf7\x77\x71\x17\x6f\x1d\xd5\xfc\
\x3a\xaa\xd5\xd9\x1d\x92\x24\x49\x13\x38\x96\x66\x8d\xd2\x10\x2d\
\xc9\x0e\x90\x34\x1c\x0e\x1b\x24\x4d\xd7\xc5\xc0\x93\xd9\x11\x1d\
\xf4\xda\x80\xc3\xb2\x23\xa4\x36\x44\xf3\x8a\xe1\x6e\xe0\xe3\xc9\
\x29\x1a\xcf\x9f\x80\x1d\x0b\x5c\x9a\x1d\x32\x4a\x1d\xd5\x22\xe0\
\x37\xc0\xfe\xd9\x2d\x92\x24\x49\xff\x2f\x9a\xd5\x49\x47\x66\x77\
\xb4\xe4\x81\xb5\x1b\x0c\x24\x69\x56\x38\x6c\x90\x34\x2d\x05\x9e\
\xa5\x39\x0a\xab\xe7\x3b\x3d\x60\x41\x76\x84\x34\x9b\xa2\xb9\xcb\
\x70\x27\xb0\x28\xbb\x45\x63\xf9\x1e\xb0\x53\x81\x7b\xb2\x43\x46\
\xa9\xa3\x7a\x27\x70\x3b\xb0\x5d\x76\x8b\x24\x49\xd2\x04\x4e\x02\
\xe6\x65\x47\xb4\xe4\x94\xec\x00\x49\xc3\xe2\xb0\x41\xd2\x38\x2e\
\x00\xfe\x9d\x1d\xd1\x41\x9b\x00\xa7\x66\x47\x48\xb3\x21\xa0\x0a\
\x58\x83\xc3\xc5\x3e\xfb\x7c\x81\x03\x0b\x3c\x9d\x1d\x32\x4a\x1d\
\xd5\x52\xe0\x6a\x1c\xd2\x4a\x92\xa4\x8e\x0a\xd8\x12\x38\x22\xbb\
\xa3\x25\xf7\x97\x66\x4d\xaa\x24\xcd\x1a\x87\x0d\x92\xa6\xad\xc0\
\xbf\x80\xf3\xb3\x3b\x3a\xea\x8b\x01\x5b\x67\x47\x48\x33\x11\xf0\
\x56\xe0\xb7\xc0\x3e\xd9\x2d\x1a\xcb\x5f\x81\x5d\x0a\x5c\x98\x1d\
\x32\x4a\x1d\xd5\x82\x3a\xaa\xab\x81\x93\xb3\x5b\x24\x49\x92\x5e\
\xc0\x49\xd9\x01\x2d\x3a\x3e\x3b\x40\xd2\xf0\x38\x6c\x90\x34\xae\
\x55\xc0\x73\xd9\x11\x1d\x75\x51\x76\x80\x34\xae\x80\xe5\xc0\x2f\
\x80\xcd\xb2\x5b\x34\x96\x9f\xd0\xac\x4d\xba\x23\x3b\x64\x94\x3a\
\xaa\xed\x68\xd6\x26\xbd\x33\xbb\x45\x92\x24\x69\x32\xd1\xac\x79\
\x1c\xea\x5d\xbe\xdb\x4a\xb3\x6e\x53\x92\x66\x95\xc3\x06\x49\x63\
\x29\xf0\x18\xb0\x3a\xbb\xa3\xa3\xde\x11\xf0\x9e\xec\x08\x69\x3a\
\x02\xb6\x89\xe6\x87\xc0\x5f\xce\x6e\xd1\xd8\xbe\x54\xe0\xbd\x05\
\x9e\xca\x0e\x19\xa5\x8e\xea\x00\x9a\x43\xd0\xde\xff\x90\x24\x49\
\x7d\x70\x71\x76\x40\x8b\xbe\x98\x1d\x20\x69\x98\x1c\x36\x48\x9a\
\x89\x15\xd9\x01\x1d\xb6\x2a\x3b\x40\x9a\xaa\x80\xc3\x81\x3f\x00\
\x8b\xb3\x5b\x34\x96\xbf\x01\x75\xe9\xf0\x7d\x8d\x3a\xaa\xe5\x34\
\x9f\x9e\x9b\x9f\xdd\x22\x49\x92\xf4\x42\x02\x3e\x0c\xec\x99\xdd\
\xd1\x92\x6b\x0a\xdc\x9c\x1d\x21\x69\x98\x1c\x36\x48\x1a\x5b\x81\
\x87\x71\x65\xd0\x44\x16\x05\x1c\x93\x1d\x21\x4d\x26\x60\xf3\x80\
\x9f\xe1\x0d\x96\x3e\xbb\x9a\x66\x6d\xd2\x2d\xd9\x21\xa3\xd4\x51\
\x6d\x54\x47\xf5\x73\x7c\x31\x23\x49\x92\xfa\xe5\xec\xec\x80\x16\
\x79\xab\x41\x52\x6b\x1c\x36\x48\x9a\xa9\xd3\xb2\x03\x3a\xec\xc4\
\x80\x4d\xb3\x23\xa4\x51\x02\x0e\x00\xee\x03\xf6\xca\x6e\xd1\xd8\
\xbe\x52\xe0\x5d\x05\x9e\xc8\x0e\x19\xa5\x8e\x6a\x17\x9a\xdb\x11\
\x6f\x9b\xe2\x2f\x29\x2d\xe6\x48\x92\x24\x4d\x49\x34\x47\xa1\xb7\
\xcc\xee\x68\xc9\xb7\xba\x7a\xdb\x4b\xd2\x30\x38\x6c\x90\x34\x23\
\x6b\x5f\x37\xb8\x32\x68\xb4\x05\xc0\x99\xd9\x11\xd2\xff\x0a\xd8\
\x28\xe0\xdb\x34\x2b\x6d\x36\xca\xee\xd1\x58\x1e\x06\xde\x52\x3a\
\xfc\xf5\xa5\x8e\xea\x50\x9a\xfb\x0c\xaf\x9e\xc6\x2f\x8b\x76\x6a\
\x24\x49\x92\xa6\x26\x60\x73\x86\xfd\xc9\xff\x13\xb3\x03\x24\x0d\
\x9b\xc3\x06\x49\xb3\xe1\x0c\xe0\xd9\xec\x88\x8e\xfa\x64\x40\x9d\
\x1d\x21\x01\x04\xbc\x05\xf8\x2d\xf0\x81\xec\x16\x8d\xed\x3a\x9a\
\xb5\x49\x37\x66\x87\x8c\x52\x47\xb5\x5e\x1d\xd5\x15\xc0\x25\xd9\
\x2d\x92\x24\x49\x63\x38\x03\x58\x2f\x3b\xa2\x25\x17\x16\xf8\x63\
\x76\x84\xa4\x61\x73\xd8\x20\x69\xc6\x0a\x3c\x86\x3b\xdf\x27\x73\
\x59\x76\x80\xe6\xb6\x80\x79\xd1\xfc\x1b\xbd\x1e\x78\x79\x76\x8f\
\xc6\xb6\xa4\xc0\x5e\x05\x1e\xcd\x0e\x19\xa5\x8e\x6a\x2b\x9a\xd7\
\x0c\x1f\xca\x6e\x91\x24\x49\x9a\xae\x80\xd7\x00\x9f\xc8\xee\x68\
\xc9\x33\xc0\xa9\xd9\x11\x92\x86\xcf\x61\x83\xa4\xd9\xb2\x1c\xf8\
\x77\x76\x44\x47\x6d\x17\x3e\x57\x55\x92\x80\xc5\xc0\xdd\xc0\xe1\
\xd9\x2d\x1a\xdb\xa3\xc0\x9e\x05\x96\x66\x87\x4c\xa4\x8e\xea\xbd\
\xc0\x5d\xc0\xf6\xd9\x2d\x92\x24\x49\x63\xba\x28\x3b\xa0\x45\xe7\
\x16\xf8\x47\x76\x84\xa4\xe1\x73\xd8\x20\x69\x56\x14\x78\x0a\x58\
\x91\xdd\xd1\x61\xa7\x05\x2c\xcc\x8e\xd0\xdc\x12\x70\x02\x70\x3b\
\xb0\x4d\x76\x8b\xc6\x76\x03\xb0\x63\x69\x5e\xa5\x74\x52\x1d\xd5\
\x39\xc0\x8f\x80\x0d\xb2\x5b\x24\x49\x92\xc6\x11\xf0\x3e\x9a\x95\
\xa3\x43\xf4\x38\x70\x4e\x76\x84\xa4\xb9\xc1\x61\x83\xa4\xd9\xb4\
\x92\x66\xe8\xa0\xd1\xbe\x9e\x1d\xa0\xb9\x21\x60\x61\xc0\xad\xc0\
\xe9\xd9\x2d\x9a\x91\x65\x05\xf6\x28\xf0\x48\x76\xc8\x28\x75\x54\
\x9b\xd7\x51\xdd\x04\x7c\x29\xbb\x45\x92\x24\x69\x86\x86\xbc\x16\
\xf8\xa4\x02\x4f\x67\x47\x48\x9a\x1b\x1c\x36\x48\x9a\x35\xa5\x59\
\xa3\xb4\x3c\xbb\xa3\xc3\xf6\x0c\xf8\x58\x76\x84\x86\x2d\xe0\x30\
\x9a\xb5\x49\xaf\xcf\x6e\xd1\xd8\x9e\xa0\xb9\xcd\x70\x42\x76\xc8\
\x44\xea\xa8\x76\xa3\xf9\x7b\xb6\x5b\x76\x8b\x24\x49\xd2\x4c\x04\
\x1c\x0b\xbc\x32\xbb\xa3\x25\xf7\x96\x61\xaf\x87\x92\xd4\x31\x0e\
\x1b\x24\xcd\xb6\xf3\x69\x0e\x46\x6b\xb4\x55\x01\x9b\x64\x47\x68\
\x78\x02\x5e\x16\xb0\x86\xe6\x9b\x89\xf9\xd9\x3d\x1a\xdb\xcd\x34\
\x6b\x93\xae\xcb\x0e\x99\x48\x1d\xd5\x31\xc0\x4d\xc0\xa6\xd9\x2d\
\x92\x24\x49\x33\x11\xcd\xff\x67\x4e\xce\xee\x68\xd1\x11\xd9\x01\
\x92\xe6\x16\x87\x0d\x92\x66\x55\x81\x67\x81\x33\xb2\x3b\x3a\x6c\
\x23\xe0\xbc\xec\x08\x0d\x4b\xc0\xbe\xc0\xbd\xc0\x3e\xd9\x2d\x9a\
\x91\x15\x05\x76\x2f\xf0\x60\x76\xc8\x28\x75\x54\x1b\xd4\x51\x7d\
\x1f\x38\xbb\xa5\x3f\xa2\xb4\xf4\xfb\x4a\x92\x24\x4d\x64\x39\xb0\
\x7e\x76\x44\x4b\x7e\x5a\xe0\xda\xec\x08\x49\x73\x8b\xc3\x06\x49\
\xb3\xae\xc0\x2a\xe0\xe1\xec\x8e\x0e\xfb\x48\xc0\xdb\xb3\x23\xd4\
\x7f\x01\x0b\x02\x2e\x07\x7e\x8c\x2f\x66\xfa\xec\x49\x60\xdf\x02\
\xc7\x64\x87\x4c\xa4\x8e\x6a\x31\x70\x17\xb0\x7f\x8b\x7f\x4c\xb4\
\xf8\x7b\x4b\x92\x24\xad\x23\x60\x57\xe0\x90\xec\x8e\x16\x1d\x9d\
\x1d\x20\x69\xee\x71\xd8\x20\xa9\x2d\x4b\xb2\x03\x3a\xee\xd2\x80\
\xf5\xb2\x23\xd4\x5f\x01\x6f\x06\xee\x01\x0e\xce\x6e\xd1\x8c\xdc\
\x0c\xec\x54\xe0\xaa\xec\x90\x89\xd4\x51\x7d\x16\xb8\x1d\xd8\x2a\
\xbb\x45\x92\x24\x69\x16\x5d\x90\x1d\xd0\xa2\xaf\x16\xf8\x7d\x76\
\x84\xa4\xb9\xc7\x61\x83\xa4\x56\x14\xb8\x14\xf8\x53\x76\x47\x87\
\x2d\x04\x4e\xcf\x8e\x50\x3f\x05\xac\x00\x6e\x60\xb8\x87\xec\xe6\
\x8a\x65\x6b\xd7\x26\x3d\x90\x1d\x32\xca\xda\xb5\x49\xdf\x01\x2e\
\xcc\x6e\x91\x24\x49\x9a\x4d\x01\x1f\x04\xea\xec\x8e\x96\x3c\x89\
\x1f\xfe\x93\x94\xc4\x61\x83\xa4\x36\xf9\x6c\x73\x72\x47\x05\xbc\
\x21\x3b\x42\xfd\x11\xb0\x43\x34\xb7\x19\xfc\xb7\xd5\x6f\x7f\x07\
\xde\x56\xe0\x84\xec\x90\x89\xd4\x51\xed\x40\xb3\x36\xe9\xc0\xec\
\x16\x49\x92\xa4\x16\x9c\x9b\x1d\xd0\xa2\x53\x4a\x33\x70\x90\xa4\
\x17\x9d\xc3\x06\x49\xad\x29\xf0\x03\xe0\xd6\xec\x8e\x8e\xbb\x3c\
\x3b\x40\xfd\x10\x70\x1c\x70\x37\xb0\x7d\x76\x8b\x66\xe4\x5a\x60\
\x87\x02\xbf\xcc\x0e\x99\x48\x1d\xd5\xa1\x34\x5f\xbb\x5d\x9b\x24\
\x49\x92\x06\x27\x60\x29\xb0\x45\x76\x47\x4b\x7e\x5f\x86\xbd\x1e\
\x4a\x52\xc7\x39\x6c\x90\xd4\x36\x3f\x81\x3d\xb9\x6d\x03\xce\xca\
\x8e\x50\x77\x05\xbc\x2a\xe0\x26\xe0\xcc\xec\x16\xcd\xd8\xf1\x05\
\xf6\x2e\xf0\x68\x76\xc8\x28\x75\x54\xf3\xeb\xa8\xae\x00\x2e\x01\
\xe6\x65\xf7\x48\x92\x24\xcd\xb6\x80\x6d\x80\x93\xb3\x3b\x5a\x74\
\x64\x76\x80\xa4\xb9\xcd\x61\x83\xa4\x56\x15\xf8\x15\x1d\x3e\x7c\
\xda\x11\xc7\x06\xec\x9c\x1d\xa1\xee\x09\x38\x94\xe6\x08\xf4\x6e\
\xd9\x2d\x9a\x91\x07\x80\xd7\x95\x0e\x0f\x16\xeb\xa8\xb6\x07\xee\
\x00\x3e\x94\xdd\x22\x49\x92\xd4\xa2\x21\xbf\x2c\xbf\xb6\xc0\x9a\
\xec\x08\x49\x73\xdb\x7f\x00\x00\x00\xff\xff\xec\xdd\xff\xb3\xa7\
\x65\x59\xc0\xf1\xf7\x3d\xd3\x0f\xf1\x55\xd1\x47\x18\xc3\x82\x24\
\xd2\x5d\x11\x64\x18\x85\xc7\xc6\xc8\x02\x1a\x31\x71\x26\x90\x52\
\xa0\x8d\x15\x06\x02\xf9\x62\x19\x53\x3b\x8b\xf2\x25\x5d\x6b\x54\
\x22\x01\x4d\x58\x60\x15\xac\x95\xcc\x20\x4d\x8d\x49\xcb\x99\x94\
\xc6\x2f\xbb\xb0\xb2\x0b\x39\x42\x0c\xea\x60\x5a\x28\x21\xdb\x6f\
\x57\x3f\xdc\xa7\x99\xad\xe1\x73\xdc\xe5\x7c\x9e\x73\x3d\xf7\x73\
\xde\xaf\xbf\xe0\xfd\xc3\xee\xcc\x39\xe7\x7a\xee\xeb\x72\xd8\x20\
\x69\x39\xbc\x2d\x3b\xa0\x01\xb7\x67\x07\x68\x3c\x02\x7e\x2a\xea\
\x9a\x9d\x3f\x07\xf6\xcb\xee\xd1\x92\x7c\x8a\xba\x36\xe9\xab\xd9\
\x21\xb3\xf4\xd1\xad\xa5\xf6\x1d\x9e\xdd\x22\x49\x92\x34\x94\x80\
\x37\x03\xc7\x66\x77\x0c\xe8\xfc\xec\x00\x49\x72\xd8\x20\x69\x70\
\x05\x1e\x04\x6e\xcd\xee\x18\xb9\xd5\x01\x57\x67\x47\x28\x5f\xc0\
\xb9\xc0\x0e\xe0\x97\x92\x53\xb4\x74\x6f\x29\xf0\x6b\x05\x7e\x98\
\x1d\xf2\x74\xfa\xe8\xf6\x5a\x58\x9b\xb4\x11\xd8\x2b\xbb\x47\x92\
\x24\x69\x28\x01\xcf\x05\xde\x9b\xdd\x31\xa0\x0d\x05\x1e\xca\x8e\
\x90\x24\x87\x0d\x92\x96\xcb\xe5\xd9\x01\x0d\x58\xef\x3a\xa5\x95\
\x6b\xe1\x35\xc3\xdd\xc0\x87\x80\xfd\xb3\x7b\xb4\x24\xdf\x04\x8e\
\x28\x70\x7d\x76\xc8\x2c\x0b\x6b\x93\xbe\x8a\x6b\x93\x24\x49\xd2\
\xca\xf0\x7e\xe0\x59\xd9\x11\x03\x79\x14\x3f\x5c\x93\x34\x12\x0e\
\x1b\x24\x2d\x8b\x02\xdf\x02\xde\x93\xdd\xd1\x00\xd7\x29\xad\x40\
\x0b\x4f\xba\x77\x00\x27\x64\xb7\x68\xc9\x3e\x0c\x1c\x59\xe0\xfe\
\xec\x90\x59\xfa\xe8\xde\x44\x1d\x34\xac\xca\x6e\x91\x24\x49\x1a\
\x5a\xc0\x89\xc0\x1b\xb3\x3b\x06\x74\x51\x81\x9d\xd9\x11\x92\x04\
\x0e\x1b\x24\x2d\xaf\x77\x01\x4f\x64\x47\x8c\xdc\xea\x80\xab\xb2\
\x23\xb4\x3c\x16\x5e\x33\x7c\x06\xb8\x09\x5f\x33\xb4\x6e\x27\x70\
\x66\x81\x35\x05\x9e\xca\x8e\x99\xa5\x8f\xee\x26\xea\x50\xd3\xb5\
\x49\x92\x24\x69\xf2\xa2\xfe\xcc\x73\x63\x76\xc7\x80\x3e\x5d\xe0\
\xce\xec\x08\x49\xfa\x5f\x0e\x1b\x24\x2d\x9b\x02\x8f\x53\x07\x0e\
\x5a\xdc\xe5\xae\x53\x9a\xbe\x80\x73\xa8\xf7\x4c\x7e\x35\xbb\x45\
\x4b\xb6\x95\x7a\x04\x7a\xb4\x2f\x93\xfa\xe8\x0e\xef\xa3\xbb\x8f\
\xfa\x8a\x46\x92\x24\x69\xa5\xb8\x12\x38\x24\x3b\x62\x40\x17\x66\
\x07\x48\xd2\xae\x1c\x36\x48\x5a\x56\x05\xfe\x18\x78\x24\xbb\xa3\
\x01\xa3\xfd\xa3\xa5\x96\x66\x97\xdb\x0c\x37\x02\xfb\x66\xf7\x68\
\xc9\xae\x2b\x70\x74\xa9\x77\x1a\x46\xa9\x8f\xee\x34\x60\x0b\xf0\
\xd2\xec\x16\x49\x92\xa4\xe5\x12\xf0\x12\xe0\xf7\xb3\x3b\x06\xf4\
\xf6\x02\x0f\x67\x47\x48\xd2\xae\x1c\x36\x48\xca\x70\x59\x76\x40\
\x03\x5c\xa7\x34\x41\x0b\xaf\x19\xb6\xe3\x6d\x86\x29\x78\x02\x78\
\x7d\x81\x8b\xb2\x43\x16\xd3\x47\xf7\x41\xe0\x0e\x60\x9f\xec\x16\
\x49\x92\xa4\x65\xb6\x29\x3b\x60\x40\x0f\x15\x8f\x42\x4b\x1a\x21\
\x87\x0d\x92\x96\x5d\x81\x8f\x01\xf7\x64\x77\x34\xc0\x75\x4a\x13\
\x11\x70\xd0\x2e\xaf\x19\x9e\x95\xdd\xa3\x25\xbb\x07\x38\xa2\xc0\
\x5d\xd9\x21\xb3\xf4\xd1\xfd\xec\xc2\xda\xa4\xf3\xb2\x5b\x24\x49\
\x92\x96\x5b\xc0\xa5\xc0\x31\xd9\x1d\x03\x3a\x27\x3b\x40\x92\x9e\
\x8e\xc3\x06\x49\x59\x2e\xc8\x0e\x68\x84\xeb\x94\x1a\x17\xb0\x06\
\x78\x00\x5f\x33\x4c\xc5\x86\x02\x7d\x81\x47\xb3\x43\x66\x59\x58\
\x9b\x74\x2f\xae\x4d\x92\x24\x49\x2b\x50\xc0\xc1\x4c\xfb\x56\xe0\
\x5f\x15\xf8\x7c\x76\x84\x24\x3d\x1d\x87\x0d\x92\x52\x94\xba\x3f\
\xfc\xa3\xd9\x1d\x0d\x70\x9d\x52\xa3\x16\x5e\x33\xfc\x1d\x70\x2b\
\xf0\xec\xe4\x1c\x2d\xdd\x77\x81\x5f\x2e\xb0\x2e\x3b\x64\x31\x7d\
\x74\xd7\x51\xd7\x26\xed\x97\xdd\x22\x49\x92\x94\xe4\x16\x60\xaf\
\xec\x88\x81\xec\x64\xe4\x6b\x3c\x25\xad\x6c\x0e\x1b\x24\x65\x9a\
\xf2\xb1\xae\x79\x72\x9d\x52\x63\x02\x7e\x0b\xd8\x01\xbc\x26\xbb\
\x45\x73\xf1\x79\xea\xda\xa4\xd1\x7e\x41\xd6\x47\xf7\x33\x7d\x74\
\x5f\x03\x2e\xcc\x6e\x91\x24\x49\xca\x12\x70\x06\x70\x62\x76\xc7\
\x80\xd6\x17\x78\x2c\x3b\x42\x92\x66\x71\xd8\x20\x29\x4d\x81\xef\
\x00\xef\xcc\xee\x68\x84\xeb\x94\x1a\xb0\xcb\x6b\x86\x4d\xc0\x01\
\xd9\x3d\x9a\x8b\x75\xa5\xbe\x68\xf8\x7e\x76\xc8\x2c\x7d\x74\xa7\
\x00\xf7\x01\x47\x67\xb7\x48\x92\x24\x65\x09\x78\x2e\x70\x6d\x76\
\xc7\x80\xee\x2f\xf0\xbe\xec\x08\x49\x5a\x8c\xc3\x06\x49\xd9\xde\
\x05\x7c\x2f\x3b\xa2\x01\xae\x53\x1a\xb9\x80\x33\xf1\x35\xc3\x94\
\x3c\x4a\xbd\xcd\xb0\x21\x3b\x64\x31\x7d\x74\xd7\x00\x77\x32\x8d\
\xc3\xe3\x25\x3b\x40\x92\x24\x35\xed\x1a\xea\xc0\x61\xaa\xce\xca\
\x0e\x90\xa4\x1f\xc7\x61\x83\xa4\x54\x05\x9e\x02\xfe\x30\xbb\xa3\
\x11\x97\x07\xbc\x32\x3b\x42\xff\xd7\xc2\x6b\x86\xbb\x80\x8f\xe0\
\x6b\x86\xa9\xf8\x38\x70\x64\x81\x7b\xb2\x43\x66\xe9\xa3\x3b\xac\
\x8f\x6e\x2b\x70\x69\x76\xcb\x1c\x45\x76\x80\x24\x49\x6a\x53\xc0\
\x09\x4c\xfb\x8f\xf1\x7f\xba\x70\xf7\x50\x92\x46\xcd\x61\x83\xa4\
\x74\x05\x36\x02\xdb\xb3\x3b\x1a\xb1\x39\x3c\x36\x3c\x1a\x0b\x3b\
\x61\xb7\x03\xaf\xcb\x6e\xd1\x5c\x3c\x09\xbc\xb9\xc0\x69\x05\x7e\
\x90\x1d\x33\x4b\x1f\xdd\x5a\xe0\x5e\xe0\xa8\xec\x16\x49\x92\xa4\
\x6c\x51\x8f\x41\xdf\x9a\xdd\x31\xa0\x6f\x03\xeb\xb2\x23\x24\x69\
\x77\x38\x6c\x90\x34\x16\x17\x64\x07\x34\xe2\x05\x78\xbf\x21\x5d\
\xc0\xf3\xa2\xae\xae\xb9\x0d\x78\x4e\x76\x8f\xe6\xe2\xcb\xd4\x23\
\xd0\x37\x67\x87\xcc\xd2\x47\xb7\x6f\x1f\xdd\x66\xea\x80\x76\x9f\
\xec\x1e\x49\x92\xa4\x91\xf8\x23\xe0\xe0\xec\x88\x01\x9d\x5d\x60\
\x67\x76\x84\x24\xed\x0e\x87\x0d\x92\x46\xa1\xc0\x3f\x01\x7f\x9d\
\xdd\xd1\x88\x93\xc3\xe1\x4c\x9a\x85\xdb\x0c\x0f\x00\xa7\x64\xb7\
\x68\x6e\xae\x2a\xf0\x8a\x02\x8f\x64\x87\xcc\xd2\x47\x77\x0c\xb0\
\x0d\x38\x3d\xbb\x45\x92\x24\x69\x2c\x02\x8e\x05\x7e\x37\xbb\x63\
\x40\x1f\x2f\x70\x77\x76\x84\x24\xed\x2e\x87\x0d\x92\xc6\xe4\x42\
\xfc\x62\x63\x77\x5d\x1f\xf0\x92\xec\x88\x95\x24\xe0\xf9\x01\x9f\
\xa5\xde\x66\xf0\x35\xc3\x34\x3c\x42\x1d\x32\xbc\x23\x3b\x64\x31\
\x7d\x74\xeb\x80\xaf\x00\x87\x26\xa7\x48\x92\x24\x8d\x46\xc0\x4f\
\x02\x1f\xcd\xee\x18\xd0\x93\xd4\xdf\x91\x25\xa9\x19\x0e\x1b\x24\
\x8d\x46\x81\xc7\x80\xf5\xd9\x1d\x0d\xf9\x44\xc0\xde\xd9\x11\x2b\
\x41\xc0\x79\xd4\xd7\x0c\x27\x65\xb7\x68\x6e\x6e\xa7\xae\x4d\xfa\
\x72\x76\xc8\x2c\x7d\x74\x07\xf5\xd1\x7d\x0e\x78\x67\x76\x8b\x24\
\x49\xd2\x08\x5d\x03\xbc\x30\x3b\x62\x40\x97\x15\xf8\x6e\x76\x84\
\x24\xed\x09\x87\x0d\x92\x46\xa5\xc0\xfb\xa8\xab\x42\xf4\xe3\x1d\
\x0e\x5c\x97\x1d\x31\x65\x01\x87\x04\x7c\x01\xf8\x20\xb0\x7f\x76\
\x8f\xe6\xe2\x09\xe0\xd4\x02\x67\x96\xfa\xb5\xd8\x28\xf5\xd1\x9d\
\x04\x7c\x1d\x78\x75\x76\x8b\x24\x49\xd2\xd8\x44\xfd\x08\xe8\xfc\
\xec\x8e\x01\x6d\x29\xf0\x81\xec\x08\x49\xda\x53\x0e\x1b\x24\x8d\
\xd1\xda\xec\x80\x86\x9c\x1d\xf0\x9b\xd9\x11\x53\x14\xf0\x7b\xc0\
\x76\xe0\x55\xd9\x2d\x9a\x9b\x2f\x02\xab\xcb\xc8\xef\xc3\xf4\xd1\
\x5d\x4b\x5d\xd9\xd5\x65\xb7\x48\x92\x24\x8d\x4d\xc0\x01\xc0\x6d\
\xd9\x1d\x03\x3b\x2b\x3b\x40\x92\x9e\x09\x87\x0d\x92\x46\xa7\xd4\
\xdd\xe4\x37\x65\x77\x34\x64\x63\xb8\xcb\x7d\x6e\x02\x56\x05\x6c\
\x01\xde\x83\x6b\xaa\xa6\x64\x7d\x81\x5f\x28\xf0\xed\xec\x90\x59\
\xfa\xe8\x0e\xeb\xa3\xdb\x0a\x5c\x9c\xdd\x22\x49\x92\x34\x62\x9b\
\x80\xe7\x65\x47\x0c\xe8\xaa\x02\xf7\x67\x47\x48\xd2\x33\xe1\xb0\
\x41\xd2\x58\x5d\x06\x7c\x3f\x3b\xa2\x11\x7b\x33\xf2\x2f\xb5\x5b\
\x11\xf5\x50\xf0\x76\xe0\x65\xd9\x2d\x9a\x9b\x87\x81\x97\x97\x91\
\xdf\x3d\xe8\xa3\x5b\x0b\xdc\x0b\x1c\x95\xdd\x22\x49\x92\x34\x56\
\x01\x67\x03\xaf\xcb\xee\x18\xd0\xb6\x52\x7f\x27\x91\xa4\x26\x39\
\x6c\x90\x34\x4a\x05\x1e\xa7\x0e\x1c\xb4\x7b\x8e\x8e\x7a\x57\x40\
\xcf\x40\xc0\xcb\xa2\x0e\x19\xae\xc8\x6e\xd1\x5c\x6d\xa4\x1e\x81\
\xfe\x4a\x76\xc8\x2c\x7d\x74\xfb\xf6\xd1\x6d\xa6\xb6\xee\x93\xdd\
\x23\x49\x92\x34\x56\x01\x3f\x0d\xbc\x3f\xbb\x63\x60\xae\x4f\x92\
\xd4\x34\x87\x0d\x92\x46\xab\xc0\x2d\xd4\x1d\xeb\xda\x3d\xe7\x05\
\x9c\x9e\x1d\xd1\x9a\xa8\xeb\x92\xb6\x00\xab\xb2\x5b\x34\x37\x3f\
\x00\x4e\x29\x70\x4e\x81\xa7\xb2\x63\x66\xe9\xa3\x3b\x06\xd8\x86\
\xff\x6f\x25\x49\x92\x76\xc7\xc7\x98\xf6\xc7\x19\x57\x95\xfa\xd2\
\x55\x92\x9a\xe5\xb0\x41\xd2\xd8\x79\x2c\x7a\xcf\xdc\x12\xb0\x3a\
\x3b\xa2\x05\x01\xc7\x05\x7c\x93\x7a\x08\x5a\xd3\xf1\x05\x60\x55\
\x81\xbf\xcd\x0e\x59\x4c\x1f\xdd\x3a\xea\x8b\x8b\x43\x93\x53\x24\
\x49\x92\x46\x2f\xe0\x0f\x80\xe3\xb2\x3b\x06\xb4\xc3\xf5\x49\x92\
\xa6\xc0\x61\x83\xa4\x51\x2b\xf0\x20\xf0\x27\xd9\x1d\x0d\xd9\x1b\
\xb8\x33\x3c\x6c\x3c\x53\xc0\x7e\x0b\x2b\xa7\xbe\x04\xbc\x30\xbb\
\x47\x73\xf5\xb6\x02\xc7\x17\x78\x2c\x3b\x64\x96\x3e\xba\x83\xfa\
\xe8\x3e\xc7\xc8\x6f\x48\x48\x92\x24\x8d\x45\xc0\x4b\x81\x0d\xd9\
\x1d\x03\x7b\x63\x76\x80\x24\xcd\x83\xc3\x06\x49\x2d\xb8\x02\xf8\
\xb7\xe4\x86\x96\xfc\x1c\x75\x05\x95\xfe\x9f\x80\x93\xa8\x03\xac\
\xf3\xb2\x5b\x34\x57\xdf\x00\x8e\x2c\xf0\xde\xec\x90\xc5\xf4\xd1\
\x9d\x04\x7c\x1d\x78\x75\x76\x8b\x24\x49\x52\x43\xee\xc8\x0e\x18\
\xd8\x95\xae\x4f\x92\x34\x15\x0e\x1b\x24\x8d\x5e\x81\x9d\xc0\x9a\
\xec\x8e\xc6\x9c\x1e\xf0\x3b\xd9\x11\x63\x11\x70\x40\xc0\x6d\xc0\
\x67\x81\xe7\x67\xf7\x68\xae\xae\xa7\x0e\x1a\xb6\x65\x87\x2c\xa6\
\x8f\xee\x5a\xea\xbf\xbf\x2e\xbb\x45\x92\x24\xa9\x15\x01\xd7\x00\
\x2f\xca\xee\x18\xd0\x8e\x52\x3f\xae\x93\xa4\x49\x70\xd8\x20\xa9\
\x09\xa5\xee\x61\xdf\x94\xdd\xd1\x98\x1b\x02\x8e\xca\x8e\xc8\x16\
\xf0\x1b\xc0\x03\xc0\x19\xd9\x2d\x9a\xab\x7f\x07\x4e\x28\xf0\x96\
\x02\xff\x9d\x1d\x33\x4b\x1f\xdd\x61\x7d\x74\x5b\x81\x8b\xb3\x5b\
\x24\x49\x92\x5a\x12\x70\x3c\x70\x69\x76\xc7\xc0\x5c\x9f\x24\x69\
\x52\x1c\x36\x48\x6a\xc9\x25\xc0\x7f\x64\x47\x34\xe6\x6f\x02\x9e\
\x9d\x1d\x91\x21\xe0\xc0\x80\x4f\x02\x7f\x09\x1c\x98\xdd\xa3\xb9\
\xfa\x0c\xb0\xba\xc0\x3f\x64\x87\x2c\xa6\x8f\x6e\x2d\xf5\x49\xfc\
\x8a\x1f\xfa\x49\x92\x24\xed\x89\x80\xfd\x81\xbf\xc8\xee\x18\x98\
\xeb\x93\x24\x4d\x8e\xc3\x06\x49\xcd\x28\xf0\x43\xe0\xc2\xec\x8e\
\xc6\x1c\x0a\xdc\x9e\x1d\xb1\xdc\x02\xd6\x52\xf7\xf8\xbf\x36\xbb\
\x45\x73\x77\x49\x81\xd7\x94\x11\x0f\x1e\xfb\xe8\xf6\xed\xa3\xdb\
\x0c\x6c\x04\xf6\xc9\xee\x91\x24\x49\x6a\xd0\x07\x98\xf6\xfa\xd3\
\xfb\x5c\x9f\x24\x69\x8a\x1c\x36\x48\x6a\x4a\x81\xcd\xc0\xdd\xd9\
\x1d\x8d\x39\x39\xe0\xea\xec\x88\xe5\x10\x70\x48\xd4\x95\x5b\x1b\
\xa9\x5f\x43\x69\x3a\xb6\x01\x3f\x5f\xe0\xcf\xb2\x43\x16\xd3\x47\
\xf7\x0a\x6a\xeb\xe9\xd9\x2d\x0d\x2a\xd9\x01\x92\x24\x29\x5f\xc0\
\x1b\x80\x37\x65\x77\x0c\xec\x0d\xd9\x01\x92\x34\x04\x87\x0d\x92\
\x5a\xb4\x16\xf8\x51\x76\x44\x63\xd6\x07\x9c\x9a\x1d\x31\xa4\x80\
\xb7\x52\x6f\x33\xbc\x2a\xbb\x45\x73\xb7\xa1\xd4\x23\xd0\xdf\xc8\
\x0e\x59\x4c\x1f\xdd\x15\xc0\xbf\x50\x5f\x14\x69\xcf\x45\x76\x80\
\x24\x49\xca\x15\x70\x30\xf0\xa1\xec\x8e\x81\x5d\x52\xe0\x5f\xb3\
\x23\x24\x69\x08\x3f\x91\x1d\x20\x49\x7b\xaa\xc0\xb7\x02\x2e\x03\
\xae\xcf\x6e\x69\xcc\x87\x03\x1e\x28\x70\x7f\x76\xc8\x3c\x05\xbc\
\x88\x7a\x3c\xfc\xd8\xec\x16\xcd\xdd\x43\xc0\x19\x05\xee\xc9\x0e\
\x59\x4c\x1f\xdd\x21\xc0\x1d\xc0\xcb\xb3\x5b\x24\x49\x92\x1a\xb7\
\x89\x69\xdf\x9c\xfb\xfb\xb1\xbf\xd4\x95\xa4\xa5\xf0\x65\x83\xa4\
\x26\x15\xb8\x01\xf8\x62\x76\x47\x63\xf6\x06\x3e\x19\xf0\x9c\xec\
\x90\x79\x09\x78\x07\xf5\x35\x83\x83\x86\xe9\xb9\x01\x38\xa2\x81\
\x41\xc3\x1a\xea\xda\x24\x07\x0d\x92\x24\x49\x4b\x10\x70\x11\xf0\
\x2b\xd9\x1d\x03\x7a\x1c\x58\x93\x1d\x21\x49\x43\xf2\x65\x83\xa4\
\x96\xfd\x36\x3e\x3f\xdd\x53\x87\x02\x9f\x00\x8e\x4f\xee\x58\x92\
\x80\xe3\x80\x9b\x81\x55\xd9\x2d\x9a\xbb\xef\x50\x5f\x33\xfc\x63\
\x76\xc8\x62\xfa\xe8\xf6\x07\x6e\x01\x7e\x3d\xbb\x45\x92\x24\xa9\
\x75\x01\xc7\x30\xfd\x2f\xfe\xcf\x2a\xf0\x58\x76\x84\x24\x0d\xc9\
\x97\x0d\x92\x9a\xb5\xb0\xbf\xfd\xed\xd9\x1d\x0d\xfa\xc5\x80\x6b\
\xb3\x23\x9e\x89\x80\xfd\xa2\xae\xcf\xfa\x12\x0e\x1a\xa6\xe8\x36\
\xe0\xc5\x0d\x0c\x1a\x5e\x09\x6c\xc7\x41\x83\x24\x49\xd2\x92\x45\
\x5d\x9b\x74\x67\x76\xc7\xc0\x6e\x2c\xf0\xa9\xec\x08\x49\x1a\x9a\
\xc3\x06\x49\x4d\x2b\x70\x35\x13\xbb\x41\xb0\x4c\x2e\x0e\x38\x3b\
\x3b\x62\x4f\x04\xbc\x16\x78\x10\xb8\x20\xbb\x45\x73\xf7\x9f\xc0\
\xeb\x4b\xfd\xda\xeb\xbf\xb2\x63\x16\xd3\x47\xf7\x6e\xe0\x9f\xa9\
\xc7\x0b\x25\x49\x92\xb4\x74\x9b\x99\xf6\xcf\x56\x0f\x03\x6f\xcd\
\x8e\x90\xa4\xe5\xe0\x1a\x25\x49\x53\x70\x16\xf0\xb5\xec\x88\x06\
\xdd\x1c\xb0\x63\xec\x3b\xf1\x03\x0e\xa4\xbe\x66\x38\x2d\xbb\x45\
\x83\xf8\x34\xb0\xa6\xc0\xf7\xb2\x43\x16\xd3\x47\x77\x38\xf5\x17\
\xe1\xa3\xb3\x5b\x24\x49\x92\xa6\x22\xea\x4b\xf5\x93\xb2\x3b\x06\
\x76\x6a\x81\x1f\x65\x47\x48\xd2\x72\xf0\x65\x83\xa4\xe6\x15\xd8\
\x02\xbc\x3b\xbb\xa3\x51\x77\x05\xbc\x20\x3b\x62\x96\x80\x73\xa9\
\xeb\xb2\x1c\x34\x4c\xcf\x93\xc0\xb9\x05\x4e\x6e\x60\xd0\x70\x3e\
\xb0\x15\x07\x0d\x92\x24\x49\x73\x13\x70\x22\x70\x65\x76\xc7\xc0\
\xd6\x2f\xfc\xbe\x2a\x49\x2b\xc2\xff\x00\x00\x00\xff\xff\xec\xdd\
\x69\xac\x5d\x55\x19\x80\xe1\x77\x25\xfc\x60\x0e\x09\x1b\x65\xd0\
\x84\x30\xb5\x05\x64\xb0\x20\xd9\x08\x44\x06\x11\x65\x0a\xd0\x96\
\x79\x10\x69\xa2\x01\x51\x2a\x02\x15\x0a\x06\x0a\x16\x50\x14\x30\
\xc5\x00\x2a\xc8\x50\x44\xd0\x22\x50\xb0\x16\x10\x24\x0e\x0c\x2a\
\x33\x0a\x28\x8a\xcc\x20\x60\x40\xf8\xb7\xfc\xb1\x30\x10\x2c\xbd\
\xb7\xed\xdd\xe7\xdb\x7b\x9f\xf7\xf9\xd3\xa6\xb9\x3d\xe7\x4d\x93\
\x26\xe7\xde\x6f\xaf\xf5\x79\xb2\x41\x52\x2f\x24\x98\x9e\x61\x1f\
\x60\xfd\xe8\x96\x8e\x59\x0d\xb8\x3e\xc3\xd6\x09\xde\x8c\x8e\xf9\
\x9f\x0c\xeb\x00\x97\x00\xdb\x06\xa7\xa8\x19\xbf\xa2\x2c\x81\x7e\
\x26\x3a\x64\x51\xea\x5c\xad\x4a\xd9\x23\xb1\x4b\x74\x8b\x24\x49\
\x52\x9f\xe4\x72\x6d\xd2\xd5\xd1\x1d\x0d\xfb\x7d\x82\xd3\xa3\x23\
\x24\x69\x90\x3c\xd9\x20\xa9\x4f\x0e\x8b\x0e\xe8\xa8\xcd\x28\x3f\
\x50\x6d\x85\x0c\x27\x02\x4f\xe0\xa0\xa1\xaf\x8e\x4a\xb0\x7d\x07\
\x06\x0d\x3b\x52\x96\x40\x3b\x68\x90\x24\x49\x1a\x7b\x73\x29\x8b\
\xa1\xfb\xea\x75\x60\xdf\xe8\x08\x49\x1a\x34\x87\x0d\x92\x7a\x23\
\xc1\x6f\x80\xf3\xa2\x3b\x3a\x6a\xef\x0c\x5f\x8f\x0c\xc8\xb0\x65\
\x86\x07\x80\x99\x91\x1d\x6a\xcc\x3d\xc0\xfa\xa9\xec\xdf\x68\xb5\
\x3a\x57\xe7\x02\x0b\x28\xfb\x42\x24\x49\x92\x34\x86\x32\xcc\x06\
\xb6\x88\xee\x68\xd8\x67\x13\xfc\x3d\x3a\x42\x92\x06\xcd\x61\x83\
\xa4\xbe\x39\x01\x78\x32\x3a\xa2\xa3\x4e\xc9\xb0\xc7\xa0\xdf\x34\
\xc3\xca\x6f\x7f\xc3\x71\x17\xb0\xf1\xa0\xdf\x5f\x03\x71\x62\x82\
\x2d\x13\x3c\x1e\x1d\xb2\x28\x75\xae\x26\xd4\xb9\x7a\x18\x38\x3a\
\xba\x45\x92\x24\xa9\x8f\x72\xd9\xc5\xf6\x85\xe8\x8e\x86\x5d\x94\
\xe0\x9a\xe8\x08\x49\x8a\xe0\xb0\x41\x52\xaf\xbc\xbd\x77\xe0\xd0\
\xe8\x8e\x0e\xbb\x2a\x97\x6b\x95\x06\x22\xc3\x81\xc0\x5f\xe8\xff\
\x37\x1c\xc3\xea\x21\x60\xe3\x04\x67\x44\x87\x8c\xa4\xce\xd5\x31\
\x94\x6b\x93\x26\x44\xb7\x48\x92\x24\xf5\x51\x2e\x9f\xb3\x2e\x8d\
\xee\x68\xd8\x63\xf8\xe0\x8a\xa4\x21\xe6\xb0\x41\x52\xef\x24\xb8\
\x03\xb8\x38\xba\xa3\xa3\x96\x03\xe6\x65\x58\xa3\xc9\x37\xc9\xb0\
\x6e\x86\xdb\x29\xbb\x22\x3e\xd8\xe4\x7b\x29\xcc\xac\x54\x06\x0d\
\x0f\x45\x87\x2c\x4a\x9d\xab\x0f\xd4\xb9\x5a\x00\x9c\x13\xdd\x22\
\x49\x92\xd4\x57\x19\x56\x04\x7e\x0e\x2c\x1f\xdd\xd2\xa0\xb7\x80\
\xbd\x52\xf9\x55\x92\x86\x92\xc3\x06\x49\x7d\x75\x2c\xf0\x7c\x74\
\x44\x47\xad\x01\xcc\x6b\xea\xc5\x33\x9c\x4a\xb9\x4e\x67\xbb\xa6\
\xde\x43\xa1\x9e\x04\xb6\x48\x30\x3d\x3a\x64\x24\x75\xae\x76\xa1\
\x9c\x66\xd8\x31\xba\x45\x92\x24\xa9\xe7\xae\x04\xd6\x8b\x8e\x68\
\xd8\xb4\xb6\x3f\x68\x23\x49\x4d\x73\xd8\x20\xa9\x97\x12\xbc\x06\
\x1c\x11\xdd\xd1\x61\x9b\x65\xb8\x7a\x2c\x5f\x30\xc3\x0e\x19\xfe\
\x06\xcc\x18\xcb\xd7\x55\xab\xcc\x06\x36\x4c\x70\x6f\x74\xc8\xa2\
\xd4\xb9\x5a\xbe\xce\xd5\x85\xc0\x4d\xc0\xaa\xd1\x3d\x92\x24\x49\
\x7d\x96\x61\x1a\xb0\x7b\x74\x47\xc3\xe6\x25\xb8\x20\x3a\x42\x92\
\xa2\x39\x6c\x90\xd4\x5b\x09\x6e\x00\x7e\x18\xdd\xd1\x61\x93\x33\
\x9c\xb4\xb4\x2f\x92\x61\xf5\x0c\x73\x80\x5b\x80\xb5\x97\xba\x4a\
\x6d\xf4\x2c\xb0\x53\x82\x23\xdf\xde\x9b\xd2\x5a\x75\xae\x36\x07\
\x1e\x00\xa6\x46\xb7\x48\x92\x24\xf5\x5d\x86\x6d\x80\x6f\x45\x77\
\x34\xec\x29\xca\x2e\x3a\x49\x1a\x7a\x0e\x1b\x24\xf5\xdd\x17\x81\
\xbf\x46\x47\x74\xd8\x69\x19\x0e\x58\xd2\xbf\x9c\xcb\xbf\xff\x9f\
\x81\xfd\xc6\x2e\x49\x2d\x73\x19\x30\x2e\x95\x61\x52\xab\xd5\xb9\
\x9a\x0e\xfc\x01\x58\x27\xba\x45\x92\x24\xa9\xef\x72\xd9\xcd\x76\
\x4d\x74\xc7\x00\x4c\x4a\xf0\x6a\x74\x84\x24\xb5\xc1\x32\xd1\x01\
\x92\xd4\xa4\x04\x6f\x64\x98\x4c\xcb\xaf\x75\x69\xb9\x2b\x32\x3c\
\x9d\xca\x42\xe7\x51\xc9\xf0\x51\xca\xa9\x92\x4d\x9a\xcb\x52\xb0\
\x17\x81\x43\x53\xb9\x8a\xa8\xd5\xea\x5c\xad\x45\xb9\x16\x6c\xeb\
\xe8\x16\x49\x92\xa4\x21\xf2\x33\xca\xc0\xa1\xcf\x66\x24\xb8\x2b\
\x3a\x42\x92\xda\xc2\x93\x0d\x92\x7a\x2f\x95\x27\x99\x5b\xbf\xac\
\xb6\xe5\xae\xcf\x30\x61\xa4\x2f\xca\xb0\x72\x86\xf3\x29\xc3\x1d\
\x07\x0d\xfd\x35\x17\x18\xdf\x91\x41\xc3\xde\x94\x25\xd0\x0e\x1a\
\x24\x49\x92\x06\x24\xc3\x99\x40\x1d\xdd\xd1\xb0\xdb\x13\xcc\x8c\
\x8e\x90\xa4\x36\x71\xd8\x20\x69\x28\x24\x98\xc5\x62\x3c\x99\xaf\
\xff\xb3\x12\x30\x3f\x43\xf5\x7e\x5f\x90\x61\x7f\xca\x95\x49\x47\
\x0d\xac\x4a\x83\xf6\x32\x70\x50\x82\xbd\x12\xfc\x2b\x3a\x66\x51\
\xea\x5c\xad\x52\xe7\x6a\x0e\x70\x2d\xb0\x72\x74\x8f\x24\x49\xd2\
\xb0\xc8\x65\x19\xf4\x71\xd1\x1d\x0d\x7b\x01\x98\x12\x1d\x21\x49\
\x6d\xe3\xb0\x41\xd2\x30\x39\x08\xef\xd2\x5c\x1a\x1f\x02\x6e\xce\
\xb0\xdc\xbb\xff\x30\xc3\xba\x19\x16\x00\x57\x02\xab\x87\x94\x69\
\x10\x7e\x42\x39\xcd\x70\x45\x74\xc8\x48\xea\x5c\x7d\x1a\x78\x14\
\x77\x85\x48\x92\x24\x0d\x54\x86\x75\x81\x39\xd1\x1d\x03\xb0\x4f\
\x2a\x03\x07\x49\xd2\xbb\x38\x6c\x90\x34\x34\x12\xfc\x13\x38\x24\
\xba\xa3\xe3\x26\x52\xee\xbe\x07\x20\xc3\xa9\xc0\xe3\xc0\x8e\x61\
\x45\x6a\xda\x4b\xc0\x6e\x09\xa6\xa4\xf2\xfb\xd6\xaa\x73\xb5\x52\
\x9d\xab\x4b\x80\x79\xf4\xff\x7e\x60\x49\x92\xa4\x56\xc9\xb0\x22\
\xe5\x73\xd8\x0a\xd1\x2d\x0d\xfb\x4a\x82\x3b\xa3\x23\x24\xa9\x8d\
\x1c\x36\x48\x1a\x2a\x09\xae\x07\x2e\x8a\xee\xe8\xb8\xdd\x32\xcc\
\xcd\xf0\x04\x30\x23\x3a\x46\x8d\xba\x0c\x18\x97\xe0\xc6\xe8\x90\
\x91\xd4\xb9\xda\x89\x72\x9a\xe1\xd0\xe8\x16\x49\x92\xa4\x21\x75\
\x25\xb0\x41\x74\x44\xc3\xae\x4d\x70\x4e\x74\x84\x24\xb5\xd5\x32\
\xd1\x01\x92\x14\xe0\x18\xca\x93\xf8\xeb\x44\x87\x74\xd8\x9e\xd1\
\x01\x6a\xd4\xb3\xc0\x61\x09\xe6\x47\x87\x8c\xa4\xce\xd5\x0a\xc0\
\xb7\x81\xa9\xd1\x2d\x92\x24\x49\xc3\x2a\xc3\xe9\x94\x5d\x0d\x7d\
\xf6\x04\x70\x58\x74\x84\x24\xb5\x99\x27\x1b\x24\x0d\x9d\x04\x6f\
\x00\x93\xa2\x3b\xa4\x96\xba\x18\x98\xd0\x91\x41\xc3\x27\x80\x47\
\x70\xd0\x20\x49\x92\x14\x26\xc3\xbe\xc0\xd7\xa2\x3b\x1a\xf6\x26\
\xb0\x67\x82\xd7\xa3\x43\x24\xa9\xcd\x1c\x36\x48\x1a\x4a\x09\xfe\
\x08\x7c\x35\xba\x43\x6a\x91\xa7\x81\x9d\x13\x4c\x4d\xf0\x5a\x74\
\xcc\xa2\xd4\xb9\x5a\xae\xce\xd5\x77\x81\xdb\x80\x0f\x47\xf7\x48\
\x92\x24\x0d\xab\x0c\x9b\x03\x57\x45\x77\x0c\xc0\xe1\x09\x1e\x8a\
\x8e\x90\xa4\xb6\x73\xd8\x20\x69\x68\x25\xf8\x26\x70\x4b\x74\x87\
\xd4\x02\xdf\xa3\xec\x66\xf8\x65\x74\xc8\x48\xea\x5c\x6d\x05\x3c\
\x0c\x1c\x19\xdd\x22\x49\x92\x34\xcc\x32\xac\x46\x07\x76\x7b\x8d\
\x81\xd9\x69\x38\x06\x2a\x92\xb4\xd4\xdc\xd9\x20\x69\xd8\xed\x07\
\xdc\x07\xac\x19\x1d\x22\x05\xf8\x07\x70\x70\x82\x3b\xa2\x43\x46\
\x52\xe7\x6a\x59\xe0\x0c\xca\xce\x15\x49\x92\x24\xc5\xbb\x0e\x58\
\x23\x3a\xa2\x61\xf7\x26\x1f\x72\x91\xa4\x51\xf3\x64\x83\xa4\xa1\
\x96\xe0\x25\xca\x1d\xa3\xd2\xb0\x39\x0f\x18\xdf\x91\x41\xc3\x44\
\xe0\x01\x1c\x34\x48\x92\x24\xb5\x42\x86\xcb\x80\x3a\xba\xa3\x61\
\xaf\x01\x7b\x44\x47\x48\x52\x97\x38\x6c\x90\x34\xf4\x12\xdc\x09\
\x9c\x12\xdd\x21\x0d\xc8\x63\x40\x9d\xe0\x4b\xa9\x2c\xba\x6b\xb5\
\x3a\x57\xb3\x80\x7b\x80\xf5\xa2\x5b\x24\x49\x92\x04\x19\x8e\x06\
\x0e\x8a\xee\x18\x80\xbd\x13\x3c\x13\x1d\x21\x49\x5d\xe2\x35\x4a\
\x92\x04\x24\x38\x35\xc3\x27\x81\x6d\xa2\x5b\xa4\x06\x9d\x9d\xe0\
\xb8\xe8\x88\xd1\xa8\x73\xb5\x29\xf0\x63\x60\x5c\x74\x8b\x24\x49\
\x92\x8a\x0c\x3b\x01\xe7\x46\x77\x0c\xc0\xd1\x09\x6e\x8d\x8e\x90\
\xa4\xae\xf1\x64\x83\x24\xbd\x63\x32\xe5\x5a\x25\xa9\x6f\x1e\x01\
\x36\xef\xd0\xa0\xe1\x54\xe0\x4f\x38\x68\x90\x24\x49\x6a\x8d\x0c\
\x1f\x01\xe6\x46\x77\x0c\xc0\xe5\x09\xce\x8f\x8e\x90\xa4\x2e\xf2\
\x64\x83\x24\xbd\x2d\xc1\x73\x19\x0e\x04\x7e\x11\xdd\x22\x8d\xa1\
\x99\x09\x66\x44\x47\x8c\x46\x9d\xab\x8d\x28\xa7\x19\x36\x8a\x6e\
\x91\x24\x49\xd2\x3b\x32\xac\x45\xf9\x3e\x69\x85\xe8\x96\x86\xdd\
\x9d\xe0\xe0\xe8\x08\x49\xea\x2a\x4f\x36\x48\xd2\xbb\x24\x98\x0f\
\xcc\x8a\xee\x90\xc6\xc0\x03\xc0\x26\x1d\x1a\x34\x9c\x04\x3c\x88\
\x83\x06\x49\x92\xa4\x56\xc9\x65\xc0\xb0\x00\x58\x23\xba\xa5\x61\
\xcf\x02\xbb\x46\x47\x48\x52\x97\x79\xb2\x41\x92\xde\x23\xc1\xf4\
\x0c\x3b\x00\x1f\x8b\x6e\x91\x96\xd0\xc9\x09\x4e\x8b\x8e\x18\x8d\
\x3a\x57\xe3\x28\xa7\x19\x36\x8d\x6e\x91\x24\x49\xd2\x42\xcd\x05\
\xc6\x47\x47\x0c\xc0\x67\x12\xbc\x18\x1d\x21\x49\x5d\xe6\xc9\x06\
\x49\x5a\xb8\x49\xc0\xab\xd1\x11\xd2\x62\xba\x07\x98\xd0\xa1\x41\
\xc3\x71\xc0\xa3\x38\x68\x90\x24\x49\x6a\xa5\x0c\x17\x52\x96\x42\
\xf7\xdd\x01\xa9\xec\x0c\x93\x24\x2d\x05\x87\x0d\x92\xb4\x10\x09\
\x9e\x02\xf6\x8f\xee\x90\x46\xe9\x2d\xe0\xf8\x04\x5b\xa6\xf2\xc3\
\xfb\x56\xab\x73\xb5\x5e\x9d\xab\xdf\x01\x67\x46\xb7\x48\x92\x24\
\x69\xe1\x32\x1c\x0b\x4c\x8d\xee\x18\x80\xb3\x12\xcc\x89\x8e\x90\
\xa4\x3e\x70\xd8\x20\x49\xef\x23\xc1\xcd\xf8\xc3\x50\xb5\xdf\x6f\
\x29\xbb\x19\xce\x8a\x0e\x19\x8d\x3a\x57\x5f\x06\xee\x07\xb6\x8a\
\x6e\x91\x24\x49\xd2\xc2\x65\xd8\x07\x38\x3b\xba\x63\x00\x6e\x4a\
\x70\x7c\x74\x84\x24\xf5\x85\x3b\x1b\x24\x69\x11\x12\x9c\x90\x61\
\x6b\x60\xdb\xe8\x16\xe9\x3d\xfe\x0d\x4c\x4f\x30\x3b\x3a\x64\x34\
\xea\x5c\xad\x0d\xfc\x08\xff\x2f\xe9\xfd\xa5\xe8\x00\x49\x92\x04\
\x19\xb6\x04\x2e\x8f\xee\x18\x80\xc7\x80\xfd\xa2\x23\x24\xa9\x4f\
\x3c\xd9\x20\x49\x23\x9b\x0c\xbc\x1c\x1d\x21\xbd\xcb\x4f\x81\xf1\
\x1d\x1a\x34\x1c\x0d\x3c\x84\x83\x06\x2d\x5a\x8e\x0e\x90\x24\x69\
\xd8\x65\xd8\x00\x98\x0f\x2c\x1b\xdd\xd2\xb0\x57\x80\x5d\x53\x79\
\x80\x47\x92\x34\x46\x3c\xd9\x20\x49\x23\x48\xf0\x7c\x2e\x03\x87\
\x5b\xa3\x5b\x34\xf4\x9e\x05\xa6\x26\xb8\x31\x3a\x64\x34\xea\x5c\
\xad\x07\x5c\x02\x7c\x3c\x38\x45\x92\x24\x49\x23\xc8\xb0\x26\x70\
\x1b\xb0\x4a\x74\xcb\x00\xec\x9a\xca\xc9\x06\x49\xd2\x18\xf2\x64\
\x83\x24\x8d\x42\x2a\x1f\xba\x67\x44\x77\x68\xa8\x5d\x40\x39\xcd\
\xd0\x95\x41\xc3\xb1\x94\xdd\x0c\x0e\x1a\x24\x49\x92\x5a\x2e\x97\
\x01\xc3\x2d\x94\x81\x43\xdf\x1d\x96\xca\xde\x33\x49\xd2\x18\xf3\
\x64\x83\x24\x8d\x52\x82\x99\x19\x76\x00\xb6\x8f\x6e\xd1\x50\x79\
\x04\x38\x24\xc1\x3d\xd1\x21\xa3\x51\xe7\x6a\x1c\x70\x29\x2e\x80\
\x96\x24\x49\xea\x84\x5c\xae\x4c\x9a\x0f\x8c\x8f\x6e\x19\x80\x59\
\xa9\x7c\x56\x95\x24\x35\xc0\x93\x0d\x92\xb4\x78\x26\x03\x4f\x47\
\x47\x68\x68\xcc\x48\xb0\x61\x87\x06\x0d\xd3\x81\x47\x71\xd0\x20\
\x49\x92\xd4\x25\xd7\x51\x96\x42\xf7\xdd\x0d\x09\xa6\x47\x47\x48\
\x52\x9f\x79\xb2\x41\x92\x16\x43\x82\x97\x33\xec\x05\xdc\x15\xdd\
\xa2\x5e\xfb\x35\xf0\xb9\xae\xdc\x23\x5b\xe7\x6a\x23\xca\x13\x62\
\x13\xa3\x5b\x24\x49\x92\x34\x7a\x19\xae\x01\x76\x8e\xee\x18\x80\
\xfb\x81\x29\xd1\x11\x92\xd4\x77\x9e\x6c\x90\xa4\xc5\x94\xe0\x6e\
\xe0\x98\xe8\x0e\xf5\xd2\x2b\xc0\x11\x09\xb6\xeb\xd0\xa0\xe1\x64\
\xe0\x41\x1c\x34\x48\x92\x24\x75\x4a\x2e\x3b\xc1\xf6\x89\xee\x18\
\x80\xe7\x80\x4f\x25\x78\x33\x3a\x44\x92\xfa\xce\x93\x0d\x92\xb4\
\x04\x12\x7c\x27\xc3\xb6\xc0\xde\xd1\x2d\xea\x8d\x2b\x80\x69\x09\
\x5e\x88\x0e\x19\x8d\x3a\x57\x13\x81\x1f\x00\x9b\x44\xb7\xa8\x37\
\x52\x74\x80\x24\x49\xc3\x22\xc3\x09\xc0\xe7\xa3\x3b\x06\xe0\x3f\
\xc0\x2e\xa9\x0c\x1c\x24\x49\x0d\x73\xd8\x20\x49\x4b\xee\x60\x60\
\x1c\xb0\x51\x74\x88\x3a\xed\x69\x60\x6a\x82\x9b\xa2\x43\x46\xa3\
\xce\xd5\x72\xc0\x4c\x60\x5a\x74\x8b\x7a\x27\x47\x07\x48\x92\x34\
\x0c\x32\x1c\x0e\x7c\x23\xba\x63\x40\xa6\x24\xb8\x2f\x3a\x42\x92\
\x86\x85\xd7\x28\x49\xd2\x12\x4a\xe5\x29\x99\xdd\x81\x57\xa3\x5b\
\xd4\x59\xdf\x06\xc6\x75\x68\xd0\xb0\x33\xf0\x08\x0e\x1a\x24\x49\
\x92\x3a\x29\xc3\x24\xe0\xfb\xd1\x1d\x03\x32\x2d\xc1\x8d\xd1\x11\
\x92\x34\x4c\xfe\x0b\x00\x00\xff\xff\xec\xdd\x5f\xac\xd7\x75\x1d\
\xc7\xf1\xe7\x7b\xeb\x82\x39\xcb\x2d\x59\x73\xae\xb9\x69\x80\xb9\
\xca\xdc\xc4\xc9\x49\xd3\x40\x50\x09\x2c\xd1\x39\xd2\x85\xc8\x9f\
\xe5\xf4\x26\xbb\x48\x0a\x57\x37\x35\x6d\xe2\x0d\x5e\xa4\x73\xf9\
\xa7\xd2\xb9\x68\x73\x5a\x60\x14\x07\x35\x2d\x95\x29\x26\x38\x5c\
\x8e\x02\xa1\x01\x05\x1d\x11\xe5\xcf\xd9\x6a\x7d\xbb\xf8\x9c\x4d\
\x4a\x0f\x1e\xce\xf9\x9d\xef\xfb\xf7\xfd\x7d\x9f\x8f\x1b\x6f\x9f\
\xdc\xfd\x8e\xaf\xef\xe7\xf3\xf1\x64\x83\x24\x8d\x41\xc0\xf6\x0a\
\xae\x01\xd6\x65\xb7\xa8\x51\x5e\x03\xae\x0f\x78\x35\x3b\x64\x24\
\xfa\xaa\x89\x13\x81\xbb\x81\x6b\xb3\x5b\x24\x49\x92\x34\x3a\x55\
\x79\x08\xfa\x97\xd9\x1d\x35\xb9\x3f\xca\x87\x3d\x92\xa4\x1a\x79\
\xb2\x41\x92\xc6\x28\xa0\x1f\xf8\x76\x76\x87\x1a\xe1\x08\xf0\x9d\
\x80\xb3\x1b\x34\x34\x2c\x02\xde\xc0\xa1\x41\x92\x24\xa9\xb1\x2a\
\xf8\x02\xf0\x44\x76\x47\x4d\xd6\x06\x2c\xcd\x8e\x90\xa4\x36\xf2\
\x64\x83\x24\x75\x40\xc0\x5d\x15\xf4\xe1\x83\xd1\x1a\xde\xd3\xc0\
\xd2\x80\x6d\xd9\x21\x23\xd1\x57\x4d\x3c\x03\x78\x88\xf2\x10\xba\
\x24\x49\x92\x1a\xaa\x82\xcf\x03\x6b\x81\x09\xd9\x2d\x35\xf8\x13\
\x30\x2f\x3b\x42\x92\xda\xca\x93\x0d\x92\xd4\x39\x0b\x28\xd7\xe3\
\x48\x47\x1b\x00\x16\x06\xcc\x68\xd0\xd0\xb0\x1c\xd8\x82\x43\x83\
\x24\x49\x52\xa3\x55\x30\x05\x58\x0f\x7c\x34\xbb\xa5\x06\x7f\x05\
\x66\x05\x0c\x66\x87\x48\x52\x5b\x79\xb2\x41\x92\x3a\x24\xe0\x70\
\x05\x73\x29\x5f\xd3\x7c\x3c\xbb\x47\x5d\xe1\x61\xe0\x5b\x01\xff\
\xcc\x0e\x19\x89\xbe\x6a\xe2\x54\xe0\x67\xc0\x59\xd9\x2d\x92\x24\
\x49\x1a\x9b\x0a\x4e\xa5\x9c\xae\x3d\x39\xbb\xa5\x06\x03\x94\x8f\
\x7b\x06\xb2\x43\x24\xa9\xcd\x3c\xd9\x20\x49\x1d\x14\xb0\x13\x8f\
\xed\x0a\x76\x50\xfe\xd8\x59\xd0\xa0\xa1\xe1\x73\xc0\x4b\x38\x34\
\x28\x4f\x64\x07\x48\x92\xd4\x2b\xaa\x32\x30\x3c\x4d\x19\x1c\x7a\
\xdd\x20\xe5\x44\xc3\xce\xec\x10\x49\x6a\x3b\xc7\x06\x49\xea\xb0\
\x80\x67\x81\x6f\x66\x77\x28\xcd\x0a\xe0\xac\x28\x7f\xdc\x35\xc9\
\x09\xd9\x01\x6a\xbd\x2a\x3b\x40\x92\xa4\x5e\x50\x95\x2b\x93\xd6\
\x53\xae\x50\x6a\x83\x79\x51\x4e\x97\x4b\x92\x92\x39\x36\x48\xd2\
\x38\x08\xb8\x9b\x72\x1d\x8d\xda\xe3\x65\xe0\x9c\x80\x5b\x03\x8e\
\x64\xc7\x48\x92\x24\xa9\x7d\x2a\x38\x11\x58\x47\x79\x14\xba\x0d\
\x6e\x8c\xf2\xf8\xb5\x24\xa9\x0b\x38\x36\x48\xd2\x38\x09\x58\x08\
\xbc\x90\xdd\xa1\x71\xb7\x1f\xb8\x29\xe0\xbc\x80\x4d\xd9\x31\x92\
\x24\x49\x6a\xa7\xaa\x9c\x54\xed\x07\xce\xcf\x6e\xa9\xc9\xed\x01\
\xf7\x65\x47\x48\x92\xde\xe3\xd8\x20\x49\xe3\x6b\x0e\xb0\x3d\x3b\
\x42\xe3\xe6\x01\x60\x72\xc0\xbd\xd9\x21\x92\x24\x49\x6a\xaf\xa1\
\xa1\xe1\x37\xb4\x67\x68\x78\x38\xe0\xb6\xec\x08\x49\xd2\xff\x72\
\x6c\x90\xa4\x71\x14\xe5\xab\xf7\xcb\x80\x77\xb2\x5b\xd4\x51\xaf\
\x03\x17\x04\x2c\x09\x18\xc8\x8e\x91\x24\x49\x52\x7b\x55\x30\x01\
\xf8\x2d\x70\x51\x76\x4b\x4d\x1e\x0f\x58\x90\x1d\x21\x49\x7a\x3f\
\xc7\x06\x49\x1a\x67\x01\x5b\x81\xaf\x64\x77\xa8\x23\x0e\x51\xde\
\x64\xf8\x4c\xc0\xf3\xd9\x31\x92\x24\x49\x6a\xb7\xa1\xa1\x61\x0d\
\x70\x61\x76\x4b\x4d\xfa\x03\xe6\x65\x47\x48\x92\x3e\x98\x63\x83\
\x24\xd5\x20\xe0\xf7\xc0\xe2\xec\x0e\x8d\xc9\x63\xc0\x94\x80\x15\
\xd9\x21\x92\x24\x49\xd2\x90\x35\xc0\x8c\xec\x88\x9a\x3c\x0b\x5c\
\x91\x1d\x21\x49\x1a\x9e\x63\x83\x24\xd5\x24\xe0\x41\x60\x65\x76\
\x87\x8e\xdb\x9b\xc0\xe5\x01\x57\x07\xec\xce\x8e\x91\x24\x49\x92\
\x00\xaa\xf2\x46\x43\x5b\x86\x86\x8d\xc0\xec\x80\xc1\xec\x10\x49\
\xd2\xf0\x1c\x1b\x24\xa9\x46\x01\xb7\x00\xeb\xb2\x3b\x34\x62\x3f\
\x08\x38\x3d\xca\x1d\xb8\x92\x24\x49\x52\x57\x18\x1a\x1a\x2e\xcf\
\xee\xa8\xc9\x66\xe0\x92\x80\xc3\xd9\x21\x92\xa4\x63\x73\x6c\x90\
\xa4\xfa\x5d\x45\x79\x60\x58\xdd\xab\x9f\x72\x65\xd2\xf7\xb3\x43\
\x24\x49\x92\xa4\xa3\x55\xe5\x7a\xcf\xb6\x0c\x0d\x6f\x00\x33\x03\
\x0e\x64\x87\x48\x92\x3e\x9c\x63\x83\x24\xd5\x2c\xe0\x20\x30\x1b\
\x18\xc8\x6e\xd1\xfb\xec\x02\xe6\x07\xcc\x1a\x7a\xd8\x5b\x92\x24\
\x49\xea\x1a\x15\xac\xa6\x3d\x0f\x24\x6f\x03\xa6\x07\xec\xcb\x0e\
\x91\x24\x8d\x8c\x63\x83\x24\x25\x08\xd8\x49\xf9\x1a\xc9\x3b\x47\
\xbb\xc7\x0f\x81\x49\x01\xab\xb2\x43\x24\x49\x92\xa4\xa3\x55\x70\
\x42\x05\x4f\x01\x73\xb2\x5b\x6a\xb2\x8b\x72\x75\xd2\x9e\xec\x10\
\x49\xd2\xc8\x39\x36\x48\x52\x92\x80\x97\x81\x6b\xb3\x3b\xc4\xaf\
\x80\x33\x02\xbe\xe7\x83\x73\x92\x24\x49\xea\x36\x15\x9c\x08\xfc\
\x0e\x98\x9e\xdd\x52\x93\x7d\x94\x13\x0d\x6f\x66\x87\x48\x92\x8e\
\x8f\x63\x83\x24\x25\x0a\x78\x1c\xb8\x31\xbb\xa3\xa5\xb6\x51\xee\
\x7f\xfd\x6a\xc0\xf6\xec\x18\x49\x92\x24\xe9\xff\x55\xf0\x31\xe0\
\x19\xe0\x82\xe4\x94\xba\xbc\x05\x5c\xe4\x95\xa6\x92\xd4\x4c\x8e\
\x0d\x92\x94\x2c\xe0\x3e\xe0\x8e\xec\x8e\x16\x39\x08\x2c\x0b\xf8\
\x54\xc0\xfa\xec\x18\x49\x92\x24\xe9\x83\x54\x70\x32\xf0\x1c\x70\
\x6e\x76\x4b\x4d\x0e\x00\x5f\x0a\xf8\x73\x76\x88\x24\x69\x74\x1c\
\x1b\x24\xa9\x0b\x04\x2c\x07\x7e\x91\xdd\xd1\x02\x8f\x50\x46\x86\
\x3b\xb3\x43\x24\x49\x92\xa4\xe1\x54\xf0\x09\xe0\x05\xe0\xec\xec\
\x96\x9a\x1c\x04\x66\x04\xbc\x96\x1d\x22\x49\x1a\x3d\xc7\x06\x49\
\xea\x12\x01\x5f\x03\xfa\xb3\x3b\x7a\xd4\x16\x60\x5a\xc0\xd7\x03\
\xf6\x66\xc7\x48\x92\x24\x49\xc3\xa9\xe0\x54\xe0\x45\x60\x72\x76\
\x4b\x4d\x0e\x52\xae\x37\x7d\x25\x3b\x44\x92\x34\x36\x8e\x0d\x92\
\xd4\x5d\xae\xc4\xaf\x79\x3a\x69\x00\xb8\x39\xe0\xb3\x01\x1b\xb2\
\x63\x24\x49\x92\xa4\x63\xa9\xe0\x34\xca\x89\x86\xd3\xb3\x5b\x6a\
\x72\x98\x32\x34\xf8\x5b\x5d\x92\x7a\x80\x63\x83\x24\x75\x91\x80\
\x43\xc0\x2c\x60\x47\x76\x4b\x0f\xb8\x87\x72\x65\xd2\x3d\xd9\x21\
\x92\x24\x49\xd2\x87\xa9\xe0\x4c\xca\xff\x74\x3f\x2d\xbb\xa5\x26\
\x83\xc0\x65\x0e\x0d\x92\xd4\x3b\x1c\x1b\x24\xa9\xcb\x04\xfc\x03\
\x98\x09\xec\xcf\x6e\x69\xa8\x0d\x94\x93\x0c\x37\x47\x79\x64\x4e\
\x92\x24\x49\xea\x6a\x15\x4c\xa5\xfc\x8e\x3d\x25\xbb\xa5\x46\x73\
\x02\xfe\x90\x1d\x21\x49\xea\x1c\xc7\x06\x49\xea\x42\x01\x7f\x01\
\xbe\x0c\x1c\xc9\x6e\x69\x90\xdd\x94\x37\x19\xa6\x45\x79\xa3\x41\
\x92\x24\x49\xea\x7a\x15\xcc\x06\x9e\x03\x4e\xca\x6e\xa9\xd1\xec\
\x80\xa7\xb2\x23\x24\x49\x9d\xe5\xd8\x20\x49\x5d\x2a\xca\xa3\x70\
\xf3\xb3\x3b\x1a\xe2\x47\xc0\xe4\x80\x47\xb2\x43\x24\x49\x92\xa4\
\x91\xaa\xe0\x7a\xe0\x49\x60\x42\x76\x4b\x8d\xae\x0c\x58\x9b\x1d\
\x21\x49\xea\x3c\xc7\x06\x49\xea\x62\x01\xbf\x06\xae\xcb\xee\xe8\
\x62\xab\x29\xef\x32\x7c\x37\xca\xe3\x72\x92\x24\x49\x52\x23\x54\
\xb0\x0c\xf8\x69\x76\x47\xcd\xae\x0a\x78\x22\x3b\x42\x92\x34\x3e\
\x3e\x92\x1d\x20\x49\x3a\xb6\x80\x47\xab\x72\xa4\xda\x87\x8e\xdf\
\xb3\x0d\xf8\x46\xc0\xfa\xec\x10\x49\x92\x24\xe9\x78\x55\xf0\x63\
\xe0\xa6\xec\x8e\x9a\xcd\x0d\x58\x93\x1d\x21\x49\x1a\x3f\x9e\x6c\
\x90\xa4\x06\x08\xb8\x17\xb8\x2d\xbb\xa3\x0b\xbc\x0b\x2c\x8b\x72\
\x9a\xc1\xa1\x41\x92\x24\x49\x8d\x53\xc1\x2a\xda\x37\x34\x5c\xea\
\xd0\x20\x49\xbd\xcf\xb1\x41\x92\x1a\x22\xe0\x76\x60\x65\x76\x47\
\xa2\x9f\x03\x93\x02\xee\xcc\x0e\x91\x24\x49\x92\x8e\x57\x05\x13\
\x2a\x58\x07\x5c\x93\xdd\x52\xa3\x23\xc0\xf4\x28\xff\x6e\x49\x52\
\x8f\xf3\x1a\x25\x49\x6a\x90\x80\x5b\x86\xae\x54\xba\x21\xbb\xa5\
\x46\x9b\x80\x25\x01\x1b\xb3\x43\x24\x49\x92\xa4\xd1\x18\xfa\x0d\
\xdf\x0f\x4c\xcd\x6e\xa9\xd1\x11\x60\x66\xc0\xf3\xd9\x21\x92\xa4\
\x7a\x78\xb2\x41\x92\x1a\x26\x60\x11\xf0\x68\x76\x47\x0d\xf6\x01\
\x8b\x03\xce\x71\x68\x90\x24\x49\x52\x53\x55\xf0\x49\x60\x03\xed\
\x1a\x1a\xde\x05\x66\x38\x34\x48\x52\xbb\x38\x36\x48\x52\x03\x05\
\x5c\x07\xac\xce\xee\x18\x47\x2b\x28\xef\x32\x3c\x98\x1d\x22\x49\
\x92\x24\x8d\x56\x05\x67\x02\x2f\x51\xfe\xdb\x16\xef\x00\x97\x04\
\xbc\x98\x1d\x22\x49\xaa\x97\x63\x83\x24\x35\x54\xc0\x15\xc0\x33\
\xd9\x1d\x1d\xf6\x18\x65\x64\xb8\x35\xca\xd7\x50\x92\x24\x49\x52\
\x23\x55\xd0\x47\x39\xd1\x70\x4a\x76\x4b\x8d\xf6\x03\x17\x47\x19\
\x58\x24\x49\x2d\xe3\xd8\x20\x49\xcd\x36\x87\xde\xf8\x21\xbf\x09\
\xb8\x30\xe0\xea\x80\x6d\xd9\x31\x92\x24\x49\xd2\x58\x54\x30\x9b\
\x72\x85\xd0\x49\xd9\x2d\x35\xda\x0f\x7c\x31\xe0\xd5\xec\x10\x49\
\x52\x0e\xc7\x06\x49\x6a\xb0\x80\xc3\xc0\x2c\x60\x73\x76\xcb\x28\
\xfd\x1d\x58\x3a\xf4\x2e\xc3\x1f\xb3\x63\x24\x49\x92\xa4\xb1\xaa\
\x60\x31\xf0\x64\x76\x47\xcd\xf6\x52\x3e\x1e\xda\x92\x1d\x22\x49\
\xca\xe3\xd8\x20\x49\x0d\x17\x70\x00\x98\x0e\x6c\xcd\x6e\x39\x0e\
\x83\xc0\x1d\xc0\xa4\x80\xfb\xb3\x63\x24\x49\x92\xa4\x4e\x78\xe8\
\xdc\xb7\x17\xd1\xbe\xdf\xb7\xbb\x81\x69\x01\xaf\x67\x87\x48\x92\
\x72\x39\x36\x48\x52\x0f\x08\x78\x0b\xb8\x18\xd8\x9e\xdd\x32\x02\
\xab\x80\x4f\x07\x2c\x0f\x38\x94\x1d\x23\x49\x92\x24\x75\xc2\xf2\
\x25\x07\x99\xf2\xca\xbf\x6f\xc8\xee\xa8\xd9\x76\xa0\x2f\x9a\xf1\
\x77\x88\x24\x69\x9c\x39\x36\x48\x52\x8f\x08\xd8\x43\x19\x1c\xf6\
\x64\xb7\x0c\x63\x23\xe5\x8b\xa7\xf9\x01\x3b\xb2\x63\x24\x49\x92\
\xa4\x4e\x98\x70\xb8\x62\xe5\xac\x03\xcc\x7d\x60\x30\x3b\xa5\x6e\
\x5b\x29\xbf\xef\x77\x66\x87\x48\x92\xba\x83\x63\x83\x24\xf5\x90\
\x80\xbf\x51\x06\x87\x7d\xd9\x2d\x47\xd9\x05\x2c\x0c\x98\x1a\xb0\
\x21\x3b\x46\x92\x24\x49\xea\x94\x89\xbb\xff\xc3\x4f\xce\x7f\x9b\
\xf3\xfa\xff\x95\x9d\x52\xb7\xcd\x94\x13\x0d\x7b\xb3\x43\x24\x49\
\xdd\xe3\xbf\x00\x00\x00\xff\xff\xec\xdd\x6b\x8c\xdc\x55\x01\xc6\
\xe1\xf7\xa8\x91\x06\x4c\x40\x89\x17\x8c\x26\x2a\x4a\x0a\xb1\x42\
\x4b\x94\x08\x88\x84\xab\x71\xad\x8a\xb6\x25\xd8\x16\xdb\x18\x37\
\x56\x21\xc4\x94\x9a\x14\x30\x45\xa5\xd8\x44\x51\x11\x8d\x9a\x8a\
\x94\xeb\x07\x44\xe3\xb5\x24\x86\x6a\x9a\xc6\x6a\x40\x42\x4d\x21\
\xa9\x01\x0d\xe0\x0d\xb9\xd8\xdd\x9d\xee\x6c\xdb\xdd\xee\xf8\x61\
\xd5\x18\x23\x91\x96\xdd\x39\xb3\xf3\x7f\x9e\xaf\xbb\x3b\xf3\xfb\
\xdc\xb7\xe7\x1c\x63\x03\x40\x9f\x29\x53\xff\xc3\xe8\xec\x24\x23\
\xb5\x5b\x92\x7c\x36\xc9\x71\x25\xb9\xa5\x76\x08\x00\x00\x4c\xa7\
\xb9\xf7\x4f\x64\xd3\x82\xa1\xbc\xe1\xc1\x03\xb5\x53\xba\xed\xde\
\x24\xef\x2c\xc9\x33\xb5\x43\x00\xe8\x2d\xc6\x06\x80\x3e\x54\x92\
\x9d\x49\xce\x4a\xb2\xa7\x52\xc2\x5d\x49\x5e\x57\x92\x75\x25\x69\
\x57\x6a\x00\x00\x80\x19\xf1\xf6\xcd\xfb\xf3\xcd\xd3\x87\xf3\xb2\
\xbf\x4d\xd6\x4e\xe9\xb6\x6d\x49\xce\x2a\xc9\x50\xed\x10\x00\x7a\
\x8f\xb1\x01\xa0\x4f\x95\xa9\x37\x12\xce\x4d\xd2\xcd\xcb\x63\x7f\
\x9b\xe4\xf4\x92\x2c\xf6\x2e\x03\x00\x00\xfd\x68\xf9\x86\xb1\x5c\
\x37\x30\x92\x17\xef\xed\xd4\x4e\xe9\xb6\x2d\x25\x39\xa3\x24\xa3\
\xb5\x43\x00\xe8\x4d\xc6\x06\x80\x3e\x56\x92\x5f\x27\x59\xd8\x85\
\xaf\x7a\x32\xc9\x60\x49\x4e\x2a\xc9\x2f\xbb\xf0\x7d\x00\x00\xd0\
\x75\xeb\x96\xb5\xb2\x6a\x6d\x23\xff\xad\xfd\xee\x92\x9c\x53\x3b\
\x02\x80\xde\x66\x6c\x00\xe8\x73\x25\xb9\x27\xc9\xc0\x0c\x7e\xc5\
\x17\x93\xbc\xb1\x24\x1b\x67\xf0\x3b\x00\x00\xa0\x9a\x23\x46\x3a\
\xf9\xd6\x69\xc3\x39\xff\xf6\x7d\xb5\x53\x6a\xf8\x4e\x49\xde\x5d\
\x3b\x02\x80\xde\x67\x6c\x00\x68\x80\x92\x6c\x4e\xb2\x74\x9a\x3f\
\x76\x73\xa6\x46\x86\x35\x25\x69\x4d\xf3\x67\x03\x00\x40\x4f\x78\
\xcd\x23\x07\x72\xd3\xc9\x43\x99\xb7\x7d\xbc\x76\x4a\x0d\x9f\x2e\
\xc9\x47\x6a\x47\x00\x30\x3b\xbc\xa8\x76\x00\x00\xdd\x51\x92\x3b\
\x3a\xc9\x0b\x93\xdc\xf2\x3c\x3f\x6a\x57\x92\x4b\x4a\xb2\x65\x1a\
\xb2\x00\x00\xa0\x67\x9d\xfc\xf3\xf1\x6c\xb8\x60\x24\x47\x8c\x34\
\xee\x7d\x86\x24\x59\x56\x92\xdb\x6b\x47\x00\x30\x7b\x38\xd9\x00\
\xd0\x20\x25\xb9\x35\xc9\xa5\x87\xf8\xe7\x7f\x4f\x72\x69\x49\x8e\
\x37\x34\x00\x00\xd0\xef\x96\x6f\x18\xcb\x0d\x67\x0f\x37\x71\x68\
\x68\x27\x39\xd7\xd0\x00\xc0\xc1\x72\xb2\x01\xa0\x61\x4a\xf2\xb5\
\x4e\x72\x54\x92\xcf\x1d\xc4\x9f\xdd\x90\xa9\x23\xd4\xc3\x33\x94\
\x05\x00\x00\x3d\xe1\xb0\xb1\x4e\xd6\x2d\x6b\xe5\xcc\xef\xef\xaf\
\x9d\x52\xc3\x53\x49\xce\x2b\xc9\x8e\xda\x21\x00\xcc\x3e\xc6\x06\
\x80\x06\x2a\xc9\x35\x9d\xe4\xc8\x24\x97\xff\x9f\x5f\xdd\x92\xa9\
\x2b\x93\x76\x75\x21\x0b\x00\x00\xaa\x7a\xc5\x9f\x26\xf3\xe5\x77\
\x0d\xe7\xf5\x0f\x1d\xa8\x9d\x52\xc3\xef\x92\x9c\x5f\x92\xc7\x6a\
\x87\x00\x30\x3b\xb9\x46\x09\xa0\xa1\x4a\xb2\x26\xc9\xc6\x67\xf9\
\xf1\xc3\x49\x16\x96\xe4\x1c\x43\x03\x00\x00\x4d\x70\xe2\xb6\xf1\
\xdc\x7c\xd2\xee\xa6\x0e\x0d\xbf\x4a\x72\x8a\xa1\x01\x80\xe7\xc3\
\xd8\x00\xd0\x60\x25\x19\xcc\xd4\x3b\x0e\xff\x32\x9c\xe4\xf2\x92\
\x1c\x57\x92\x9f\x54\xca\x02\x00\x80\xae\x5a\x72\xfd\x58\xbe\x71\
\xc6\x70\x8e\x7c\xa6\x71\xef\x33\x24\xc9\x0f\x4b\x72\xaa\x2b\x53\
\x01\x78\xbe\x5c\xa3\x04\xd0\x70\x25\xb9\xb8\x93\xcc\x49\xb2\x3b\
\xc9\x95\x25\x79\xba\x76\x13\x00\x00\x74\xcb\x95\x2b\xf7\x64\x60\
\xd3\xde\xda\x19\xb5\x7c\xb5\x24\x97\xd5\x8e\x00\xa0\x3f\x18\x1b\
\x00\x48\x49\x96\xd4\x6e\x00\x00\x80\x6e\x7a\xe5\xe3\x93\xb9\x76\
\xd1\x48\x8e\xbf\x6f\xa2\x76\x4a\x2d\x83\xe5\xd9\xaf\x55\x05\x80\
\x83\x66\x6c\x00\x00\x00\x00\x1a\xe5\xad\xf7\x8c\x67\xfd\xa2\x91\
\xbc\x64\xb8\x91\xd7\x26\x8d\x24\x79\x6f\x49\xb6\xd6\x0e\x01\xa0\
\xbf\x18\x1b\x00\x00\x00\x80\xc6\x18\xbc\xaa\x9d\x15\xeb\xdb\xb5\
\x33\x6a\x79\x34\xc9\xb9\x25\x79\xa4\x76\x08\x00\xfd\xc7\xd8\x00\
\x00\x00\x00\xf4\xbd\xa3\x9e\x9a\xcc\xfa\xc5\xad\xcc\xdf\x3a\x5e\
\x3b\xa5\x96\xed\x49\xde\x53\xa6\xde\x6a\x03\x80\x69\xf7\x82\xda\
\x01\x00\x00\x00\x00\x33\xe9\x84\x7b\x27\x72\xeb\x5b\x86\x9a\x3c\
\x34\xdc\x5e\x92\xd3\x0c\x0d\x00\xcc\x24\x63\x03\x00\x00\x00\xd0\
\xb7\x2e\xba\x6e\x2c\xdf\x3e\x65\x28\x47\x3f\x31\x59\x3b\xa5\x96\
\x4f\x95\x64\x59\xed\x08\x00\xfa\x9f\x6b\x94\x00\x00\x00\x80\xbe\
\x73\x78\xab\x93\x75\xcb\x5a\x79\xc7\x8f\xf6\xd7\x4e\xa9\xa5\x9d\
\x64\x71\x49\x36\xd7\x0e\x01\xa0\x19\x8c\x0d\x00\x00\x00\x40\x5f\
\x79\xd3\x8e\x89\x6c\xb8\xa0\x95\x63\x1e\x3d\x50\x3b\xa5\x96\xbf\
\x24\x19\x28\xc9\x8e\xda\x21\x00\x34\x87\x6b\x94\x00\x00\x00\x80\
\xbe\x71\xe1\x57\xc6\x72\xf3\xfc\xa1\x26\x0f\x0d\xf7\x25\x99\x6f\
\x68\x00\xa0\xdb\x9c\x6c\x00\x00\x00\x00\x66\xbd\xa3\x9e\x9e\xcc\
\xd5\x4b\x5b\x79\xdb\xcf\x1a\xfb\x08\x74\x92\x7c\xb7\x24\x4b\x6a\
\x47\x00\xd0\x4c\x4e\x36\x00\x00\x00\x00\xb3\xda\x82\x5f\x8c\xe7\
\xb6\x37\x0f\x35\x7d\x68\xb8\xc2\xd0\x00\x40\x4d\x4e\x36\x00\x00\
\x00\x00\xb3\xd6\xaa\xb5\xa3\x59\xbe\x61\xac\x76\x46\x4d\x7b\x92\
\x5c\xe8\x21\x68\x00\x6a\x33\x36\x00\x00\x00\x00\xb3\xce\x31\x8f\
\x1e\xc8\xfa\x45\xad\xcc\xbd\x7f\xa2\x76\x4a\x4d\x7f\x4c\x72\x5e\
\x49\x76\xd5\x0e\x01\x00\xd7\x28\x01\x00\x00\x00\xb3\xca\xd9\x77\
\xee\xcb\x6d\xf3\x86\x9a\x3e\x34\x6c\xcf\xd4\x43\xd0\x86\x06\x00\
\x7a\x82\x93\x0d\x00\x00\x00\xc0\xac\x30\xa7\xdd\xc9\xea\x4f\x8c\
\x66\x60\xd3\xde\xda\x29\xb5\x6d\x2a\xc9\xca\xda\x11\x00\xf0\x9f\
\x8c\x0d\x00\x00\x00\x40\xcf\x3b\xee\x81\x89\x5c\xbb\xa8\x95\x57\
\xff\xe1\x40\xed\x94\xda\x56\x97\xe4\x4b\xb5\x23\x00\xe0\xbf\x19\
\x1b\x00\x00\x00\x80\x9e\x76\xf1\xe7\xc7\xf2\xb1\x2b\x46\x6b\x67\
\xd4\xf6\x54\x92\xc5\x25\xd9\x5a\x3b\x04\x00\xfe\x17\x63\x03\x00\
\x00\x00\xd0\x93\x5e\xfe\xe7\xc9\x5c\xb3\xa4\x95\x79\xdb\xc7\x6b\
\xa7\xd4\xb6\x3d\xc9\x07\x4b\xf2\x44\xed\x10\x00\x78\x36\x1e\x88\
\x06\x00\x00\x00\x7a\xce\xe9\x3f\xde\x9f\x3b\x4e\xd8\x6d\x68\x48\
\xbe\x50\x92\xd3\x0c\x0d\x00\xf4\x3a\x27\x1b\x00\x00\x00\x80\x9e\
\x31\xa7\xdd\xc9\xea\x4b\x46\x33\x70\x53\xe3\x1f\x81\x1e\x4e\x72\
\x51\x49\xee\xae\x1d\x02\x00\xcf\x85\xb1\x01\x00\x00\x00\xe8\x09\
\x1e\x81\xfe\xb7\x07\x92\xbc\xbf\x24\x8f\xd7\x0e\x01\x80\xe7\xca\
\x35\x4a\x00\x00\x00\x40\x75\x1f\xbe\xb6\x9d\x4d\x0b\x86\x0c\x0d\
\xc9\xd7\x4b\xb2\xc0\xd0\x00\xc0\x6c\xe3\x64\x03\x00\x00\x00\x50\
\xcd\xb1\x3b\x27\x72\xf5\xd2\x3d\x39\x76\xe7\x44\xed\x94\xda\x46\
\x93\xac\x28\xc9\x5d\xb5\x43\x00\xe0\x50\x18\x1b\x00\x00\x00\x80\
\x2a\x06\xaf\x6a\x67\xc5\xfa\x76\xed\x8c\x5e\xf0\x60\x92\x0f\x94\
\xe4\xe1\xda\x21\x00\x70\xa8\x8c\x0d\x00\x00\x00\x40\x57\xcd\xfd\
\xcd\x44\x3e\xf3\xa1\x56\x5e\xfb\x70\xe3\xaf\x4c\x4a\x92\x1b\x93\
\x5c\x52\x92\xc6\xbf\x88\x0d\xc0\xec\x66\x6c\x00\x00\x00\x00\xba\
\xe2\xb0\xb1\x4e\x56\xad\x6d\x67\xc9\xf5\x63\xb5\x53\x7a\x41\x3b\
\xc9\xca\x92\xdc\x59\x3b\x04\x00\xa6\x83\xb1\x01\x00\x00\x00\x98\
\x71\x27\x6e\x1b\xcf\xba\xe5\xad\xbc\xea\xb1\xc9\xda\x29\xbd\xe0\
\xa1\x24\xef\x2b\xc9\xef\x6b\x87\x00\xc0\x74\x31\x36\x00\x00\x00\
\x00\x33\xe6\xf0\x56\x27\x97\x7d\x72\x34\x0b\x6f\x74\x4b\xd0\x3f\
\x6d\x2c\xc9\x60\xed\x08\x00\x98\x6e\xc6\x06\x00\x00\x00\x60\x46\
\x9c\xfa\xd3\xfd\x59\xfb\xd1\x3d\x39\xfa\xaf\x4e\x33\x64\xea\xda\
\xa4\xa5\x25\xf9\x41\xed\x10\x00\x98\x09\xc6\x06\x00\x00\x00\x60\
\x5a\xbd\xf4\xc9\xc9\xac\xf9\xf8\x68\xce\xfc\xde\xbe\xda\x29\xbd\
\xc2\xb5\x49\x00\xf4\xbd\x7f\x00\x00\x00\xff\xff\xec\xdd\x79\x70\
\x94\xe5\x01\xc7\xf1\xef\xd3\xe9\x68\x3c\x46\xad\x08\x2a\x1e\x88\
\x06\x54\xa2\xa8\x54\xad\xd4\xb3\x95\xf1\xae\x27\x50\xaa\xcc\x88\
\xa2\x64\x74\x04\x41\xb4\xa0\xe2\x14\x69\x3d\xaa\x68\x55\xb4\x3a\
\xe0\xed\xa0\x72\x63\xf1\xaa\xd3\x56\x2b\x5a\xb1\x6a\xd5\xa2\x68\
\xab\x88\x07\x88\x17\xbb\x4b\xb2\xd9\x6c\x20\xc9\xdb\x3f\x96\x8e\
\x88\x02\x09\x92\x3c\xbb\xc9\xf7\xf3\xe7\xbe\xef\xce\x7c\x87\xc9\
\x1f\x90\x1f\xef\xfb\x38\x36\x48\x92\x24\x49\x92\xa4\x8d\xe6\xe4\
\x49\x79\x86\x5e\x5a\xc3\x16\x55\x49\xec\x94\x62\x31\x31\x40\x65\
\xec\x08\x49\x92\x5a\x9a\x63\x83\x24\x49\xad\x28\x81\xcd\x81\xee\
\x01\xde\x88\xdd\x22\x49\x92\xb4\x31\x75\xfe\xa0\x81\x2b\xce\xcb\
\xd2\xeb\xd9\x95\xb1\x53\x8a\x45\x35\x30\x38\xc0\xb4\xd8\x21\x92\
\x24\xb5\x06\xc7\x06\x49\x92\x5a\x51\x28\xbc\xab\xf7\x8d\x04\x8e\
\x01\x32\x01\xfe\x19\xbb\x49\x92\x24\xe9\xfb\x1a\x78\x43\x2d\x83\
\xc7\xe6\xd8\xb4\xd6\xa7\x19\x56\xf9\x07\xd0\x3f\xc0\x92\xd8\x21\
\x92\x24\xb5\x96\x1f\xc4\x0e\x90\x24\xa9\x3d\x0a\xf0\x0c\x50\x93\
\xc0\x95\x09\xec\x10\xbb\x47\x92\x24\x69\x43\xec\x31\xbf\x9e\x07\
\x0e\xc8\x70\xe1\xa8\x1a\x87\x86\xaf\x5d\x15\xe0\x50\x87\x06\x49\
\x52\x7b\xe3\x93\x0d\x92\x24\x45\x12\x0a\x07\x05\xbe\x9d\xc0\xf5\
\x09\x7c\x16\xe0\x96\xd8\x4d\x92\x24\x49\x4d\xb1\x59\x4d\xc2\x39\
\xe3\x72\x0c\xbc\xa1\x36\x76\x4a\x31\x59\x04\x0c\xf0\xc9\x55\x49\
\x52\x7b\xe5\x93\x0d\x92\x24\x45\x16\x60\x34\xf0\x5e\x02\xcf\x25\
\xd0\x2b\x76\x8f\x24\x49\xd2\xba\x1c\xf7\x50\x1d\x53\xba\xa7\x1d\
\x1a\xbe\xe9\x7e\x60\x1f\x87\x06\x49\x52\x7b\xe6\x93\x0d\x92\x24\
\x15\x81\x00\x4f\x24\xf0\x2f\xe0\xd1\x04\x16\x00\x97\x07\xc8\xc4\
\xee\x92\x24\x49\xfa\xbf\xf2\x37\xeb\x19\x55\x99\xa5\xe2\xe5\xfa\
\xd8\x29\xc5\xa4\x0a\x38\x27\xc0\xcc\xd8\x21\x92\x24\xc5\xe6\x93\
\x0d\x92\x24\x15\x89\x00\x4b\x03\x1c\x09\x7c\x0c\xbc\x9b\xc0\xf9\
\xb1\x9b\x24\x49\x92\xb6\x5e\x96\x30\xfa\xfc\x2c\x0f\xee\x9f\x71\
\x68\xf8\xa6\xb9\x40\x85\x43\x83\x24\x49\x05\x8e\x0d\x92\x24\x15\
\x99\x00\xd7\x01\xc7\x03\xa3\x13\x78\x2b\x81\x43\x63\x37\x49\x92\
\xa4\xf6\xa9\xdf\x6d\xb5\x4c\x2b\x4f\x71\xf2\xdd\xf9\xd8\x29\xc5\
\xe6\xf2\x00\x47\x04\x58\x1c\x3b\x44\x92\xa4\x62\xe1\xd8\x20\x49\
\x52\x11\x0a\xf0\x3a\xb0\x2f\xf0\x12\xf0\x42\x52\x78\xbd\xd2\xce\
\x91\xb3\x24\x49\x52\x3b\xd1\xf3\xc5\x95\x3c\xb2\x77\x9a\x11\x17\
\xd7\xb0\x65\x26\x89\x9d\x53\x4c\xe6\x03\x3d\x03\x5c\x1f\x3b\x44\
\x92\xa4\x62\xe3\xd8\x20\x49\x52\x91\x0a\x90\x0b\x85\x57\x29\x9d\
\x06\x1c\x07\x7c\x92\xc0\x55\x09\x94\x45\x4e\x93\x24\x49\x6d\x54\
\xa7\xc5\x8d\x8c\x1b\x50\xcd\x5d\x87\x2d\xa7\xcb\xbb\x0d\xb1\x73\
\x8a\xcd\x15\xa1\x30\x34\xcc\x8f\x1d\x22\x49\x52\x31\x72\x6c\x90\
\x24\xa9\xc8\x05\x98\x0d\xec\x05\x3c\x0f\x8c\xa3\x70\x9e\x43\xbf\
\xb8\x55\x92\x24\xa9\x2d\x29\xcb\x25\x0c\x19\x93\x63\x6a\xb7\x34\
\x7d\xa6\xd4\xc5\xce\x29\x36\xaf\x02\xdd\x57\xbd\xea\x52\x92\x24\
\xad\x85\x63\x83\x24\x49\x25\x20\xc0\x67\xab\x0e\x8f\x1e\x09\x74\
\x01\xa6\x26\x85\xd7\x2b\x55\x44\x4e\x93\x24\x49\x25\xee\xf8\x07\
\xeb\x98\xda\x2d\xcd\xa0\x6b\x72\x6c\x92\xf7\x95\x49\xab\xc9\x01\
\x23\x03\x1c\x14\xe0\xbd\xd8\x31\x92\x24\x15\x3b\xc7\x06\x49\x92\
\x4a\x48\x80\x9b\x81\xfd\x80\x77\x29\x1c\x1c\xfd\x56\x02\x93\x12\
\xd8\x31\x6e\x99\x24\x49\x2a\x35\x15\xf3\xea\xb9\xf7\xa0\x0c\x57\
\x9d\x5d\xcd\x76\x9f\x36\xc6\xce\x29\x36\x7f\x07\xf6\x5d\xf5\x77\
\x2f\x49\x92\xd4\x04\x8e\x0d\x92\x24\x95\x98\x00\xff\x0e\xb0\x37\
\x70\xfb\xaa\x8f\xce\x03\x3e\x48\xe0\xc6\x04\xb6\x8d\x98\x26\x49\
\x92\x4a\x40\x87\xa5\x8d\x8c\x3d\xab\x9a\x49\xbd\x33\xec\xf5\x6a\
\x7d\xec\x9c\x62\x53\x0d\x5c\x18\xe0\xa8\x00\x1f\xc4\x8e\x91\x24\
\xa9\x94\x38\x36\x48\x92\x54\xa2\x02\x0c\x05\x8e\x00\x3e\xa2\x70\
\x68\xf4\xa5\xc0\xa2\x04\xc6\x24\xb0\x79\xd4\x38\x49\x92\x54\x74\
\x36\xc9\x27\x0c\xbe\x3a\xc7\xb4\xf2\x34\xc7\x3c\xec\xb9\x0c\xdf\
\xe1\x59\xa0\x47\x80\x3b\x63\x87\x48\x92\x54\x8a\x1c\x1b\x24\x49\
\x2a\x61\x01\xe6\x52\x78\xca\xe1\xa6\x55\x1f\x6d\x05\xfc\x16\xf8\
\x38\x81\x61\xd1\xc2\x24\x49\x52\x51\x39\xe1\x81\x3a\xa6\x95\xa7\
\x19\x3c\x36\x47\x59\xce\x73\x19\xd6\x90\x01\xce\x0d\xf0\xf3\x00\
\x8b\x63\xc7\x48\x92\x54\xaa\x1c\x1b\x24\x49\x2a\x71\x01\x6a\x43\
\xe1\xa9\x86\x83\xf8\xfa\xf0\xc2\x0e\xc0\xad\x09\x7c\x98\xc0\xd9\
\xf1\xea\x24\x49\x52\x4c\x47\xcd\xa8\x63\x72\x45\x9a\x31\x83\xaa\
\xe9\xb8\xc4\x73\x19\xbe\xc3\x54\xa0\x5b\x80\xfb\x62\x87\x48\x92\
\x54\xea\x1c\x1b\x24\x49\x6a\x23\x02\xbc\x1a\xa0\x3b\x30\x6e\xb5\
\x8f\xbb\x00\xf7\x27\xf0\x76\x02\xa7\x46\x4a\x93\x24\x49\xad\xac\
\xf7\x53\x2b\xb8\xf7\xc0\x0c\xd7\xf6\xad\xa6\xeb\x82\x86\xd8\x39\
\xc5\x68\x29\x70\x52\x80\x5f\x06\xf8\x2a\x76\x8c\x24\x49\x6d\x81\
\x63\x83\x24\x49\x6d\x4c\x80\xdf\x00\x3d\x80\x37\x56\xfb\xb8\x07\
\x30\x2b\x81\x97\x13\x38\x3a\x4e\x99\x24\x49\x6a\x69\x15\xf3\xea\
\x99\xd4\x3b\xc3\x4d\x27\x54\xb1\xd7\x6b\x1e\xfe\xbc\x16\x13\x81\
\x3d\x03\x3c\x11\x3b\x44\x92\xa4\xb6\xc4\xb1\x41\x92\xa4\x36\x28\
\xc0\x3b\x01\x0e\x00\x2e\x03\x6a\x57\xbb\x74\x30\xf0\x97\x04\xe6\
\x26\x70\x60\x9c\x3a\x49\x92\xb4\xb1\x75\x7f\xbd\x9e\x5b\x8e\x5d\
\xce\xa4\xde\x19\x2a\xe6\x39\x32\xac\xc5\x07\x40\xef\x00\x95\x01\
\xaa\x63\xc7\x48\x92\xd4\xd6\x38\x36\x48\x92\xd4\x86\x05\x18\x0f\
\xf4\xa4\x70\x90\xf4\xea\x0e\x03\x5e\x49\x60\x4e\x02\xfb\xb4\x7e\
\x99\x24\x49\xda\x18\xba\x2e\x68\xe0\xba\xd3\xab\xb8\xbf\x57\x86\
\x83\x9f\x59\x19\x3b\xa7\x98\x5d\x1f\x60\x8f\x00\xf3\x62\x87\x48\
\x92\xd4\x56\x39\x36\x48\x92\xd4\xc6\x05\x78\x3f\xc0\x11\xc0\x20\
\xe0\xcb\x35\x2e\x9f\x04\xcc\x7f\x6c\xe7\xd4\xd5\x9d\x17\xf9\x3e\
\x67\x49\x92\x4a\xc5\xce\xef\x37\x30\xf6\xac\x6a\x26\x57\xa4\x39\
\x72\xd6\x8a\xd8\x39\xc5\x6c\x3e\xd0\x33\xc0\xe5\xb1\x43\x24\x49\
\x6a\xeb\x1c\x1b\x24\x49\x6a\x27\x02\x3c\x40\xe1\x00\xe9\x49\x6b\
\x5e\xeb\xb8\xa4\xf1\xd8\xe9\xbb\xa7\x19\x55\x99\xa5\xc3\xd2\xc6\
\xd6\x8f\x93\x24\x49\x4d\xb2\xfd\xc7\x8d\x5c\x79\x6e\x96\xa9\xdd\
\xd2\x1c\xf3\x70\x5d\xec\x9c\x62\x96\x01\x2e\x0e\x85\xa1\x61\x7e\
\xec\x18\x49\x92\xda\x03\xc7\x06\x49\x92\xda\x91\x00\x99\x00\x43\
\x80\x43\x80\xb7\xd6\xbc\x7e\xca\xc4\x3c\x73\x3a\xa7\x18\x79\x51\
\x96\x6d\xbe\x74\x74\x50\xab\x0a\xb1\x03\x24\xa9\x98\x75\x5c\xd2\
\xc8\xe8\xf3\xb3\xcc\xea\x92\xe2\xc4\xfb\xf2\xb1\x73\x8a\xdd\xfd\
\x40\xb7\x00\xb7\xc5\x0e\x91\x24\xa9\x3d\x71\x6c\x90\x24\xa9\x1d\
\x0a\xf0\x72\x80\x7d\x81\x4b\x81\xec\x9a\xd7\xcf\xb8\x23\xcf\xcc\
\xdd\xd2\x5c\x74\x59\x8d\xa3\x83\x5a\x4b\x12\x3b\x40\x92\x8a\xd1\
\x8f\xbe\x68\x64\xf8\xf0\x1a\xa6\x95\xa7\x39\xf9\x6e\x47\x86\xf5\
\x78\x0d\xd8\x3f\xc0\x39\x01\xbe\x8a\x1d\x23\x49\x52\x7b\xe3\xd8\
\x20\x49\x52\x3b\x16\xe0\x26\x60\x4f\x60\xd6\x9a\xd7\xca\x72\x09\
\x67\x8e\xaf\x65\xe6\x6e\x69\x86\x5d\xe2\xe8\x20\x49\x52\x6b\xda\
\x2a\x95\x70\xe1\xa8\x1a\x66\x74\x4d\xd3\xff\xd6\x5a\x36\xc9\xbb\
\xc9\xae\xc3\x17\xc0\x79\x01\x0e\x0c\xf0\x66\xec\x18\x49\x92\xda\
\x2b\xc7\x06\x49\x92\xda\xb9\x00\x9f\x06\x38\x1d\x38\x11\x58\xbc\
\xe6\xf5\xb2\x5c\xc2\x80\x3f\xd4\xf2\x64\xa7\x14\xc3\x87\xd7\xb0\
\xed\xe7\x8e\x0e\x92\x24\xb5\x94\x2d\x33\x09\x43\xae\xca\x31\x6b\
\xd7\x14\x03\x6f\xa8\xa5\x2c\xe7\xc8\xb0\x1e\xb7\x00\xe5\x01\xee\
\x89\x1d\x22\x49\x52\x7b\xe7\xd8\x20\x49\x92\x00\x08\xf0\x24\xd0\
\x0d\xb8\x66\x6d\xf7\xf4\xbf\xb5\x96\xc7\x77\x48\x31\x62\x98\xa3\
\x83\x24\x49\x1b\xd3\x36\x5f\x36\x72\xd1\x65\x35\xfc\x69\xa7\x14\
\x83\x7e\x97\x63\xb3\x1a\x47\x86\xf5\x78\x0e\xa8\x08\x30\x22\x40\
\x75\xec\x18\x49\x92\xe4\xd8\x20\x49\x92\x56\x13\x20\x1f\x60\x0c\
\x50\x0e\xfc\x75\x6d\xf7\xf5\x9b\x50\x18\x1d\x46\x5e\x94\xa5\xc3\
\x52\x47\x07\x49\x92\x36\x54\x87\xa5\x85\x33\x19\x9e\xec\x94\xe2\
\xcc\xf1\x3e\xc9\xd0\x04\x4b\x80\x81\x01\x7e\x16\x60\x41\xec\x18\
\x49\x92\xf4\x35\xc7\x06\x49\x92\xf4\x2d\x01\x16\x06\xe8\x03\x0c\
\x00\x3e\x5f\xdb\x7d\x67\xdc\x91\x67\x4e\xe7\x14\xa3\x2a\xb3\x74\
\x5e\xd4\xd0\x7a\x81\x92\x24\x95\xb8\x4e\x8b\x1b\xb9\xec\x82\x2c\
\x73\x3a\xa7\xe8\x7f\x6b\x6d\xec\x9c\x52\x71\x35\x85\x57\x26\x4d\
\x8e\x1d\x22\x49\x92\xbe\xcd\xb1\x41\x92\x24\xad\x55\x80\x29\x14\
\x9e\x72\xb8\x79\x5d\xf7\x9d\x32\x31\xcf\xf4\xdd\xd3\x8c\x1b\x50\
\xcd\x1e\xf3\xeb\x5b\x27\x4e\x92\xa4\x12\xd4\x79\x51\x03\x57\x9e\
\x9b\x65\xf6\x2e\x29\x4e\xbb\x2b\x1f\x3b\xa7\x54\xcc\x00\x76\x09\
\x30\x36\x80\x7f\x68\x92\x24\x15\x29\xc7\x06\x49\x92\xb4\x4e\x01\
\xb2\x01\x46\x02\xfb\x00\x2f\xae\xeb\xde\x3e\x53\xea\x78\xa8\x67\
\x86\x9b\x8f\xaf\xe2\xc7\x7f\x5b\xd9\x3a\x81\x92\x24\x95\x80\xdd\
\xde\x69\x60\xdc\x80\x6a\xa6\xef\x9e\xe6\xc4\xfb\xfc\x7d\x79\x13\
\x2d\xa0\xf0\xba\xa4\xbe\x01\x16\xc7\x8e\x91\x24\x49\xeb\xe6\xd8\
\x20\x49\x92\x9a\x24\xc0\xdb\x01\x0e\x03\xce\x06\xbe\x58\xd7\xbd\
\x87\x3c\xbd\x82\x09\x47\x2f\x67\x52\xef\x0c\x87\x3f\xb6\xa2\x75\
\x02\x25\x49\x2a\x42\xfb\x3f\xbf\x92\x1b\x7f\x51\xc5\xc3\x3d\xd2\
\xf4\x99\x52\x17\x3b\xa7\x54\xa4\x81\x61\xa1\x70\x00\xf4\x73\xb1\
\x63\x24\x49\x52\xd3\x38\x36\x48\x92\xa4\x66\x09\xf0\x20\xb0\x27\
\x30\x71\x7d\xf7\x56\xcc\xab\xe7\xf7\xa7\x56\xf1\xc8\xde\x69\x4e\
\x78\xc0\x5f\xb0\x68\x9d\x42\xec\x00\x49\xda\x98\x8e\x9a\x51\xc7\
\x3d\x07\x67\xf8\xe3\x91\xcb\x39\xf4\x71\x87\xf7\x66\xb8\x1b\xe8\
\x16\x60\x42\xec\x10\x49\x92\xd4\x3c\x8e\x0d\x92\x24\xa9\xd9\x02\
\x64\x02\x54\x52\x18\x1d\x66\xaf\xef\xfe\x2e\xef\x36\x30\x66\x50\
\x35\x8f\xed\x9c\xe2\x57\x37\xd5\xb2\x45\x55\xd2\xf2\x91\x2a\x35\
\xfe\x50\x48\x2a\x79\x9b\xd6\x26\xf4\x9b\x50\xcb\xac\x2e\x29\xae\
\xed\x5b\xcd\xde\xaf\x78\x8e\x51\x33\x3c\x0f\xec\x13\xe0\xfc\x00\
\xcb\x62\xc7\x48\x92\xa4\xe6\x73\x6c\x90\x24\x49\x1b\x2c\xc0\x7f\
\x03\x9c\x46\xe1\xf5\x4a\x6f\xac\xef\xfe\x8e\x4b\x1a\x19\x7a\x69\
\x0d\x73\x76\x4c\x31\xaa\x32\x4b\xd7\x05\x0d\x2d\x1f\x29\x49\x52\
\x0b\xdb\x7a\x59\xc2\xe0\xb1\x39\x66\xed\x9a\x66\xc4\xb0\x1a\xb6\
\xff\xb8\x31\x76\x52\x29\x59\x08\xf4\x0b\x70\x64\x80\xb7\x63\xc7\
\x48\x92\xa4\x0d\xe7\xd8\x20\x49\x92\xbe\xb7\x00\x2f\x06\x38\x00\
\x18\x08\x7c\xb2\xbe\xfb\xcb\x72\x09\xa7\x4c\xcc\x33\xb9\x22\xcd\
\x9d\x47\x2c\xe7\x67\xd3\x7d\xc5\x92\x24\xa9\xf4\xec\xb4\xb0\x81\
\x51\x95\x59\x9e\xda\x6e\x19\x83\xaf\xce\xb1\xcd\x57\x8e\x0c\xcd\
\x90\x06\x86\x07\x28\x0f\x30\x3d\x76\x8c\x24\x49\xfa\xfe\x7e\x18\
\x3b\x40\x92\x24\xb5\x1d\x01\x26\x03\x93\x13\xf8\x35\x70\x05\xb0\
\xf5\xfa\xbe\xb3\xdf\xdc\x95\xec\x37\x77\x25\xcb\x76\xac\x61\x76\
\x65\x19\x33\x2f\x28\x23\xdd\xc9\xff\x0f\x21\x49\x2a\x5e\x87\x3c\
\xbd\x82\x7e\x13\xf2\xf4\x7e\xd2\xb3\x18\x36\xd0\x2d\xc0\xb8\x50\
\x18\x1c\x24\x49\x52\x1b\xe1\xbf\xe4\x25\x49\xd2\x46\x17\xe0\x06\
\xa0\x2b\x70\x5b\x53\xbf\xd3\x61\x69\x23\x83\xc7\xe6\x78\x62\xfb\
\x14\xe3\x06\x54\xb3\xdf\x0b\x2b\x5b\x2e\x50\x92\xa4\x66\xda\xac\
\x26\xa1\xef\xed\x79\x1e\xdd\x2b\xcd\xcd\xc7\x57\x39\x34\x6c\x98\
\x19\x40\xd7\x00\x23\x1c\x1a\x24\x49\x6a\x7b\x1c\x1b\x24\x49\x52\
\x8b\x08\x90\x0e\x70\x31\x50\x0e\xcc\x6c\xce\x77\xfb\x4c\xa9\xe3\
\xce\xc3\x97\xf3\x50\xcf\x0c\x27\x4f\xca\xb3\x69\xad\x67\x07\x4b\
\x92\xe2\xd8\x69\x61\x03\x97\x0c\xcd\xf2\xf8\x0e\x29\x2e\x19\x9a\
\x65\xd7\xff\x78\xde\xd0\x06\x78\x15\xf8\x69\x80\xbe\x01\x3e\x8c\
\x1d\x23\x49\x92\x5a\x86\x63\x83\x24\x49\x6a\x51\x01\x16\x06\x38\
\x03\xe8\x05\x3c\xdd\x9c\xef\xee\x31\xbf\x9e\xd1\x43\xb2\xcc\xd9\
\x31\xc5\xf0\xe1\x35\xec\xf2\x9e\xbf\xe0\x91\x24\xb5\x8e\x9f\xfc\
\x79\x05\xe3\x4f\xaa\x62\x5a\x79\x9a\xbe\xb7\xe7\xd9\x2c\xeb\xf0\
\xbd\x01\x3e\x02\xce\x0c\x70\x50\x80\x97\x62\xc7\x48\x92\xa4\x96\
\xf5\x3f\x00\x00\x00\xff\xff\xec\xdd\x7b\x90\x95\xf5\x7d\xc7\xf1\
\xf7\xc3\x9e\x73\x76\x97\x8b\x18\xb9\x88\x01\xa5\x60\x45\x01\x11\
\xd0\x18\x87\xc8\x58\x15\xc2\x25\x88\x20\xa2\xa2\xb5\xa9\x8d\x4e\
\x9a\xa6\xc9\x64\x32\xce\x24\x33\x99\x69\x67\x32\xd3\xe9\x74\x9a\
\x36\x46\x4d\x6c\x34\x9d\x29\xad\xad\xc4\x9a\x8c\x4d\xd4\x9a\x28\
\xe3\x6d\xc1\x15\x70\xf0\x12\x40\xe4\x22\x78\x01\x49\x40\x61\x2f\
\x5c\x96\xbd\x3c\xfd\xe3\xb7\x08\x24\x62\x17\x76\xcf\xf3\x3b\x97\
\xf7\x6b\xe6\x99\xe7\xec\x99\xdd\xe7\xf9\xfc\xb5\xf3\x9c\xfd\xec\
\xf7\xf7\xb3\x6c\x90\x24\x49\x99\x48\xe0\x95\x04\xe6\x02\xd3\x81\
\x86\x93\xf9\xd9\x81\x4d\x29\x37\xde\x7d\x90\x87\xc7\xed\xe5\x87\
\x57\x37\x31\xe3\xbf\xdd\x50\x5a\x92\xd4\xf7\xfa\xb7\xa4\xdc\x70\
\xcf\x41\x96\x8d\xdf\xcb\x5d\x73\x9a\xf9\xdc\x13\x2e\x95\x74\x8a\
\x3e\x00\xee\x4c\xe0\x8f\x12\x58\x16\x3b\x8c\x24\x49\xca\x86\x1b\
\x44\x4b\x92\xa4\x4c\x25\xb0\x12\xb8\x22\x85\x59\xc0\xdf\x03\x97\
\x9c\xcc\xcf\x5f\xfc\x6c\x3b\x17\x3f\xdb\xce\xd7\xef\x0c\x1b\x4a\
\xff\xe2\xcb\x6e\x28\x2d\x49\xea\x9d\x89\xab\x3a\x58\x78\xff\x21\
\x66\x3c\xdc\x46\xdd\x01\x27\x18\x7a\x61\x37\xf0\x3d\xe0\x47\x09\
\x1c\x88\x1d\x46\x92\x24\x65\x2b\x89\x1d\x40\x92\x24\x55\xb7\x14\
\xae\x03\xfe\x0e\x98\x70\xaa\xd7\x58\xbe\xa4\x96\x9f\xff\x75\x1d\
\xaf\x4d\xcf\xf7\x5d\x30\x65\xed\xb7\x8d\xc9\x9e\x11\xb1\x43\x14\
\xdb\xb4\x74\xe8\x25\x84\xb5\xcb\xa5\x58\xf6\x34\x26\x7b\x86\xc5\
\x0e\x51\x2c\xd3\xd2\xa1\xdb\x81\xd1\x3d\xf9\xde\xfa\xd6\x94\xb9\
\x0f\xb6\xb1\xe0\x81\x43\x9c\xf7\x6a\x47\x71\x83\x55\xbe\x3d\xc0\
\x3f\x01\xf7\x5a\x32\x48\x92\x54\xbd\x9c\x6c\x90\x24\x49\x51\x25\
\xf0\x28\xf0\x68\x0a\xb7\x02\xdf\x05\xc6\x9e\xec\x35\x66\xfe\xb4\
\x8d\x99\x3f\x6d\x63\xfb\xf8\x1a\x1e\xbb\xa3\x8e\x27\x6e\xab\xa3\
\xf9\x0c\xff\xa7\xa2\xcc\xf8\xaf\xc4\x92\x32\x71\xc1\xcb\x61\x8a\
\xe1\xf3\xcb\xda\xa8\xdf\xef\xaf\x9e\x5e\xfa\x00\xf8\x67\x42\xc9\
\xd0\x1a\x3b\x8c\x24\x49\x8a\xcb\x4f\xe1\x92\x24\xa9\xa4\xa4\xf0\
\x55\xe0\x3b\xc0\xc8\xde\x5c\x67\xf9\x92\x5a\x9e\xb8\xad\x96\x55\
\xb3\x0b\x7d\x13\x4c\xc5\xb6\xab\x31\xd9\x73\x56\xec\x10\xc5\xe6\
\x64\x83\x4a\x40\x55\x4e\x36\xd4\x1d\x48\x99\xf3\x60\x1b\x8b\x7f\
\x78\x90\xb1\xeb\x3a\xb3\x0f\x56\x79\x9a\x80\x7f\x04\xee\xb1\x64\
\x90\x24\x49\x47\x38\xd9\x20\x49\x92\x4a\x4a\x02\xf7\x01\xf7\xa5\
\x70\x07\xa1\x74\x18\x73\x2a\xd7\x39\x32\xed\xb0\x6b\x74\x3f\x1e\
\xff\x52\x1d\x8f\xdd\x5e\xc7\xee\x91\xee\xed\x20\x49\xd5\x64\xca\
\x0b\xed\xcc\x5b\xda\xc6\xd5\x8f\xb4\x51\xdf\xea\x14\x43\x1f\xd8\
\x07\x7c\x1f\xb8\x3b\x81\xe6\xd8\x61\x24\x49\x52\x69\x71\xb2\x41\
\x92\x24\x95\xb4\x14\x6e\x23\x94\x0e\xe7\xf5\xf6\x5a\x8d\x73\x0b\
\x3c\x76\x47\x1d\xcf\x2d\x72\xda\xa1\x04\x39\xd9\x20\x65\xa3\xe2\
\x27\x1b\xce\x7c\xb7\x6b\xf4\xdc\x7f\x3f\xc4\xbc\xa5\x6d\x8c\xdc\
\xea\x14\x43\x1f\xd9\x0b\xfc\x00\xb8\x2b\x81\x96\xd8\x61\x24\x49\
\x52\x69\x72\xb2\x41\x92\x24\x95\xb4\x04\x96\x02\x4b\x53\xf8\x22\
\xf0\xb7\xc0\xb9\xa7\x7a\xad\x69\x4f\x1e\x66\xda\x93\x87\x69\x1a\
\x92\xf0\xf8\x97\xea\x58\xbe\xa4\x96\x37\x2f\xf6\x71\x48\x92\xca\
\x5d\x0a\xf5\xc0\xf5\xaf\x5d\xd1\x74\xe6\xe4\x86\xf6\xd8\x71\x2a\
\x49\x33\x61\x4f\x06\x4b\x06\x49\x92\xf4\xff\x72\xb2\x41\x92\x24\
\x95\x95\x14\x6e\x04\xfe\x06\xb8\xb0\x2f\xae\xf7\xce\xf9\x35\x3c\
\xbd\xa4\x96\xa7\x6f\xa9\xe5\x9d\x71\x35\x7d\x71\x49\x9d\x1a\x27\
\x1b\xa4\x6c\x54\xd4\x64\x43\x0a\xd3\x08\x13\x70\x37\x01\x83\xe3\
\xa6\xa9\x28\x1f\x02\x77\x11\x96\x4b\xb2\x64\x90\x24\x49\x3d\x62\
\xd9\x20\x49\x92\xca\x52\x0a\x8b\x80\xef\xd2\x47\xa5\x03\xc0\xa6\
\xa9\x39\x96\xdf\x54\xcb\xf2\x25\xb5\xec\x1a\xed\xfe\x0e\x19\xb3\
\x6c\x90\xb2\x51\xf6\x65\x43\x1a\xf6\xf2\xf9\x53\xe0\xcf\x80\x71\
\x91\xe3\x54\x9a\x26\xe0\x1f\x80\x7b\x13\xd8\x1f\x3b\x8c\x24\x49\
\x2a\x2f\x96\x0d\x92\x24\xa9\xac\xa5\x30\x1b\xf8\x36\x70\x55\x5f\
\x5e\x77\xdd\xb4\x1c\x4f\x2f\xa9\xe5\x99\x1b\x6b\xf9\x60\x84\xc5\
\x43\x06\x2c\x1b\xa4\x6c\x94\x65\xd9\x90\xc2\x70\xe0\xe6\xee\xe3\
\xb2\xc8\x71\x2a\xd1\x07\x1c\xdd\xf8\xd9\x92\x41\x92\x24\x9d\x12\
\xcb\x06\x49\x92\x54\x11\x52\x98\x4a\xd8\x48\x7a\x71\x5f\x5f\x7b\
\xed\x55\x79\x9e\xba\xb9\x96\xe7\xae\xaf\xa5\xf9\x0c\x1f\x9f\x8a\
\xc4\xb2\x41\xca\x46\xd9\x94\x0d\x29\x0c\x02\xae\x07\x6e\x05\x66\
\x44\x8e\x53\xa9\x76\x03\x77\x03\x3f\xb0\x64\x90\x24\x49\xbd\xe5\
\xa7\x65\x49\x92\x54\x51\x52\x18\x0b\x7c\x0b\xf8\x73\xa0\xae\xaf\
\xaf\xdf\x38\xb7\xc0\xf2\x25\xb5\x3c\x7f\x5d\x81\x03\x83\x7c\x94\
\xea\x43\x96\x0d\x52\x36\x4a\xbe\x6c\x48\x43\xc1\x70\x0b\xf0\x05\
\x8a\xf0\x7b\x5c\x00\x6c\x24\x6c\xfa\xfc\x40\xec\x20\x92\x24\xa9\
\x72\xf8\x09\x59\x92\x24\x55\xa4\xee\x25\x37\xbe\x01\x7c\x0d\x38\
\xad\x18\xf7\x78\x61\x61\x81\x67\x6e\x08\xc5\x43\x5b\xbd\x8f\x55\
\xbd\x64\xd9\x20\x65\xa3\x24\xcb\x86\x14\x16\x10\xf6\xe2\x59\x04\
\x0c\x8c\x1c\xa7\x92\x3d\x0f\x7c\x3f\x81\x5f\xc6\x0e\x22\x49\x92\
\x2a\x8f\x9f\x8a\x25\x49\x52\x45\x4b\xa1\x3f\xf0\x15\xe0\x9b\xc0\
\xa8\x62\xdc\xe3\xe0\x80\x84\x95\xf3\x0b\x3c\xbd\xa4\x96\x86\x05\
\x85\x62\xdc\xa2\x1a\x58\x36\x48\xd9\x28\x89\xb2\x21\x0d\x13\x0b\
\xf3\x08\x53\x0c\xd7\x10\x96\x4c\x52\xf1\x2c\x03\xbe\x97\xc0\x2b\
\xb1\x83\x48\x92\xa4\xca\x65\xd9\x20\x49\x92\xaa\x46\x1a\x96\x56\
\xfa\x0e\x30\xae\x58\xf7\x38\x38\x30\xe1\xd9\xeb\x0b\x34\x2c\xa8\
\x65\xd5\xec\x3c\x87\xfa\xfb\xb8\xd5\x43\x96\x0d\x52\x36\xa2\x95\
\x0d\x29\x0c\x00\x16\x12\x0a\x86\x39\x40\x7d\x8c\x1c\x55\xa4\x85\
\xb0\x4c\xd2\xdd\x09\xbc\x1b\x3b\x8c\x24\x49\xaa\x7c\x7e\xfa\x95\
\x24\x49\x55\x27\x0d\x7f\xe4\xfa\x16\x70\x55\xb1\xef\xf5\xd2\x9c\
\x02\x2b\xe6\x17\x68\x58\x50\x60\xf7\xc8\x7e\xc5\xbe\x5d\x39\xb3\
\x6c\x90\xb2\x91\x69\xd9\x90\x86\x65\xec\x16\x00\x8b\x81\x59\xb8\
\x07\x43\x16\xde\x01\xee\x01\xee\x4f\xa0\x35\x76\x18\x49\x92\x54\
\x3d\x2c\x1b\x24\x49\x52\xd5\x4a\x61\x2a\xf0\x6d\xe0\xa6\x2c\xee\
\xb7\x75\x52\x8e\x15\xf3\x0b\xac\xbc\xa6\xc0\xba\x69\xb9\x2c\x6e\
\x59\x4e\x2c\x1b\xa4\x6c\x14\xbd\x6c\x48\xe1\x6c\xe0\x3a\xe0\x5a\
\x60\x46\x31\xef\xa5\xe3\x3c\x0f\xdc\x9b\xc0\xcf\x63\x07\x91\x24\
\x49\xd5\xc9\xb2\x41\x92\x24\x55\xbd\x14\x46\x03\x77\x02\xb7\x13\
\xf6\x78\x28\xba\x7d\xc3\xfa\xf1\xe2\x17\xf2\xac\xbc\xa6\xc0\x4b\
\x73\x0a\x1c\x1c\x58\xf5\x8f\x65\x96\x0d\x52\x36\x8a\x52\x36\xa4\
\x30\x0d\x98\xdf\x7d\x5c\xd8\xd7\xd7\xd7\x09\x1d\x00\xfe\x93\xb0\
\x54\xd2\x86\xd8\x61\x24\x49\x52\x75\xab\xfa\x4f\xb5\x92\x24\x49\
\x47\xa4\xf0\x29\xe0\x6b\xc0\xd7\x81\x4c\xd7\x34\x7f\xf5\x8a\x3c\
\xab\x66\xe7\x59\x35\xbb\xc0\xc6\x4b\xaa\x72\xea\xc1\xb2\x41\xca\
\x46\x9f\x94\x0d\x69\x28\x66\x67\x13\xca\x85\x79\xc0\xf0\xde\x5e\
\x53\x27\x65\x2b\x70\x1f\xf0\xaf\x09\x34\xc7\x0e\x23\x49\x92\x04\
\x96\x0d\x92\x24\x49\x1f\x2b\x85\xaf\x12\x8a\x87\xf1\x59\xdf\xbb\
\x69\x48\xc2\x9a\xcf\x17\x78\x79\x46\x9e\x86\x6b\x0b\xec\x1d\x5e\
\x15\x7b\x3d\x58\x36\x48\xd9\x38\xe5\xb2\x21\x85\x89\x84\xbd\x6e\
\xe6\x11\xf6\xbe\x51\xf6\x7e\x0d\xfc\x38\x81\xff\x89\x1d\x44\x92\
\x24\xe9\xf7\x59\x36\x48\x92\x24\x7d\x82\x14\xa6\x03\x7f\x05\xdc\
\x12\x2b\xc3\x5b\x17\xd6\xb0\x6a\x76\x81\x55\xb3\x0a\xac\x9e\x95\
\x8f\x15\xa3\xd8\x2c\x1b\xa4\x6c\xf4\xb8\x6c\x48\xe1\x5c\x42\xb9\
\x70\x75\xf7\x79\x44\x31\x83\xe9\x84\x9a\x80\xa5\xc0\x3d\x09\xbc\
\x15\x39\x8b\x24\x49\xd2\x09\x59\x36\x48\x92\x24\xf5\x40\x1a\x96\
\x55\xba\x9d\x50\x3c\x9c\x13\x33\xcb\xea\x59\xf9\x8f\x8a\x87\xad\
\x93\x2a\x66\xc9\x25\xcb\x06\x29\x1b\x27\x2c\x1b\x52\xf8\x34\x30\
\x13\xb8\x92\x50\x30\x8c\xce\x30\x97\xfe\xd0\x1a\xe0\x01\xe0\xa1\
\x24\xec\xcd\x20\x49\x92\x54\xd2\x2c\x1b\x24\x49\x92\x4e\x52\x0a\
\x73\x81\xbf\x04\x16\xc4\xce\xb2\x6f\x58\x3f\x1a\xae\x2d\xb0\xf6\
\xaa\x3c\x2f\xcd\x29\xd0\x34\xa4\x6c\x1f\xef\x2c\x1b\xa4\x6c\x7c\
\x54\x36\x74\x97\x0b\x57\x12\x26\xb8\x66\x02\xe7\x45\xcc\xa5\xa0\
\x95\x30\xc5\xf0\x2f\x6e\xf8\x2c\x49\x92\xca\x4d\xd9\x7e\x1a\x95\
\x24\x49\x8a\x2d\x85\xb3\x81\x2f\x03\x77\x50\x22\xcb\x8b\x6c\x9a\
\x9a\x0b\x1b\x4d\xcf\x0a\x05\x44\x19\xb1\x6c\x90\x8a\xec\x8f\x5f\
\xef\x60\xea\x73\xed\xad\xdf\xfc\xc6\xfe\x5f\x12\x0a\x86\xa8\x53\
\x5a\x3a\xce\x2a\xc2\x14\xc3\xb2\x04\x0e\xc6\x0e\x23\x49\x92\x74\
\x2a\x2c\x1b\x24\x49\x92\xfa\x40\x0a\x8b\x09\xcb\x2c\x95\xcc\xa6\
\xa9\x87\xeb\x12\xd6\x5e\x99\x67\xcd\xcc\x3c\xaf\x4f\xcf\xb3\xfe\
\xb2\x92\x5e\x72\xc9\xb2\x41\xea\x63\x53\x9f\x6f\x67\xd2\x8b\x1d\
\x4c\x6e\x68\x67\xf2\x8a\x76\xfa\xb7\xa4\xb1\x23\xe9\x78\x47\xa6\
\x18\xee\x4f\x60\x5d\xe4\x2c\x92\x24\x49\xbd\x66\xd9\x20\x49\x92\
\xd4\x87\x52\x18\x09\xfc\x45\xf7\x31\x36\x72\x9c\x3f\xf0\xea\x15\
\x79\x5e\xbf\x3c\xc7\x6b\xd3\xf3\xfc\xe6\xf2\x3c\xad\x83\x4b\xe6\
\x71\xd0\xb2\x41\xea\x85\xd3\x3e\x4c\xb9\x68\x65\x3b\x53\x5e\x08\
\x05\xc3\xa4\x17\xdb\x63\x47\xd2\x89\x35\x02\x3f\x06\x1e\x71\x8a\
\x41\x92\x24\x55\x92\x92\xf9\x74\x29\x49\x92\x54\x69\x52\xf8\x13\
\xc2\xb4\xc3\x62\xa0\x3e\x72\x9c\x8f\xb5\x6d\x62\x0d\xaf\x5f\x9e\
\xef\x3e\x72\xec\x38\xb7\x26\x56\x14\xcb\x06\xe9\x24\x8c\xda\xd2\
\xc9\xe4\x15\xed\x4c\x5a\xd9\xc1\xe4\x15\xed\x8c\xde\xd8\x19\x3b\
\x92\x3e\xd9\x7b\xc0\x83\xc0\x4f\x12\xd8\x16\x3b\x8c\x24\x49\x52\
\x31\x58\x36\x48\x92\x24\x15\x59\x0a\x83\x80\x5b\x08\xc5\xc3\xa5\
\x91\xe3\x7c\xa2\x7d\x43\xfb\xf1\x9b\xcf\xe5\xd8\x70\x59\x8e\x37\
\x2e\x0d\x4b\x2f\xed\x3f\x2d\x93\x47\x46\xcb\x06\xe9\x13\x4c\x58\
\xdd\xc1\x45\x2b\xdb\xc3\x92\x48\x0d\x1d\x9c\xbe\xa7\x2b\x76\x24\
\xf5\xcc\x7f\x00\xff\x95\xc0\x53\xb1\x83\x48\x92\x24\x15\x9b\x65\
\x83\x24\x49\x52\x86\x52\x98\x08\x7c\x05\xb8\x19\x18\x12\x39\x4e\
\x8f\x6c\x1f\x5f\xc3\xe6\x29\x39\xde\xb8\x34\xc7\x86\xcf\xe6\xd8\
\x78\x49\x8e\xc3\x75\x7d\xfe\x18\x69\xd9\x20\x75\x1b\xb9\xb5\x93\
\xf3\xd7\x76\x30\xe9\xc5\x0e\x2e\x78\x39\x4c\x2e\xa8\xac\x34\x02\
\x3f\x01\x7e\x96\x40\x4b\xec\x30\x92\x24\x49\x59\xb1\x6c\x90\x24\
\x49\x8a\x24\x85\xb9\x84\xbd\x1d\xe6\x03\x75\x91\xe3\x9c\x94\x4d\
\x53\x73\xbc\x79\x71\x28\x20\x36\x7e\x26\x14\x10\xbd\x64\xd9\xa0\
\xaa\x34\x68\x6f\xca\x85\x8d\xed\x4c\x5c\xd5\xc1\xf8\x35\x1d\x4c\
\x6a\x6c\x67\xe0\x3e\x37\x72\x2e\x43\x3b\x08\xcb\x24\xfd\x5b\x02\
\x9b\x62\x87\x91\x24\x49\x8a\xc1\xb2\x41\x92\x24\x29\xb2\x14\x06\
\x00\x8b\x80\x2f\x02\x33\x23\xc7\x39\x65\x5b\x27\xe5\xd8\x72\x51\
\x0d\x9b\xa6\xe6\xd8\x32\x39\x94\x11\xcd\x67\xf4\xf8\x71\xd3\xb2\
\x41\x15\x6f\xc4\xdb\x5d\x8c\x59\xdf\xc1\xd8\xf5\x9d\x4c\x58\x1d\
\xa6\x16\xce\xda\xee\x5e\x0b\x65\xac\x15\xf8\x19\xb0\xcc\x65\x92\
\x24\x49\x92\x2c\x1b\x24\x49\x92\x4a\x4a\x0a\xc3\x81\x5b\xbb\x8f\
\xa9\x91\xe3\xf4\xda\xef\x46\xf5\x63\xf3\x94\x1c\x9b\xa7\xe4\xd8\
\x34\x25\x2c\xc7\x74\x82\x4d\xa8\x7f\xdb\x98\xec\x19\x91\x75\xbe\
\xac\x59\x36\x54\x87\x61\x3b\xba\x18\xbb\x2e\x94\x0a\x63\xd6\x77\
\x32\x66\x7d\x07\x63\x36\x74\xd2\xbf\xc5\x89\x85\x0a\xf1\x28\xf0\
\x50\x12\x8a\x06\x49\x92\x24\x75\xb3\x6c\x90\x24\x49\x2a\x51\x29\
\x8c\x03\x6e\xeb\x3e\x2a\xe6\xbf\xfe\x0f\x0e\x48\x78\x7b\x7c\x0d\
\xdb\x26\xd4\xb0\x6d\x62\x8e\x6d\x13\x6a\x78\xfb\x82\x9a\xdd\x8f\
\x9c\xb7\x77\x78\xec\x6c\xc5\x66\xd9\x50\x59\x46\x6f\xec\xe4\xec\
\xcd\xe1\x18\xfd\x46\x27\x63\xd7\x77\x30\x66\x7d\x27\x03\x9a\x2d\
\x15\x2a\xd0\x33\xc0\x32\xe0\x61\xf7\x61\x90\x24\x49\xfa\x78\x96\
\x0d\x92\x24\x49\x65\x20\x85\xcf\x02\xd7\x75\x1f\xe7\x47\x8e\x53\
\x2c\xfb\x81\x8d\xc0\x7a\x60\xc3\x91\x73\x02\x6f\x45\x4d\xd5\x87\
\x2c\x1b\xca\xcf\xa7\xdf\x3a\x52\x28\x74\x71\xf6\xa6\xa3\xe5\xc2\
\xc8\xad\x2e\x7f\x54\x05\x56\x13\x0a\x86\x87\x12\xf8\x5d\xec\x30\
\x92\x24\x49\xa5\xce\xb2\x41\x92\x24\xa9\xcc\xa4\x30\x9e\x50\x3a\
\x2c\x04\x2e\x8d\x1c\x27\x2b\xeb\x09\xa5\xc3\x06\x60\x2b\xb0\x19\
\xd8\x9c\x84\x4d\x59\xcb\x86\x65\x43\x69\x3a\xf3\x9d\xae\xe3\x4a\
\x84\x31\x1b\xc2\xf9\x9c\x37\x2d\x14\xaa\xd0\x5a\xc2\x32\x49\xcb\
\x92\xf0\xbb\x46\x92\x24\x49\x3d\x64\xd9\x20\x49\x92\x54\xc6\x52\
\x18\x49\x28\x1d\x16\x52\xc6\x9b\x4b\xf7\xc2\x21\xe0\x0d\x42\x11\
\xb1\xb9\xfb\xd8\x02\xec\x28\xc5\x3f\x14\x5a\x36\xc4\x33\xe4\xfd\
\x50\x28\x9c\xb3\xa9\x93\x51\x9b\x8f\x4e\x28\x8c\xda\xd2\x45\xe1\
\x90\xcb\x1e\x55\xb9\x5f\x03\x8f\x01\xbf\x48\xe0\xbd\xd8\x61\x24\
\x49\x92\xca\x95\x65\x83\x24\x49\x52\x85\x48\x61\x30\x30\x1f\x58\
\x04\xcc\x01\xea\xe3\x26\x2a\x09\xfb\x08\xd3\x0f\x3b\x80\xf7\xbb\
\xcf\x3b\x8f\x39\xef\xcc\xf2\x8f\x8b\x96\x0d\xc5\x31\x72\x6b\x27\
\x43\x77\x76\x31\x6c\x47\x38\x8e\xbc\x1e\xfa\x7e\x17\xc3\xdf\x0b\
\x5f\x5b\x28\xe8\x18\x2d\xc0\x93\xc0\x23\xc0\xaf\x12\x68\x8d\x9c\
\x47\x92\x24\xa9\x22\x58\x36\x48\x92\x24\x55\xa8\x14\xae\x21\x94\
\x0f\x37\x00\x9f\x8a\x1c\xa7\xd4\xed\x02\xde\xed\x3e\xef\x24\x14\
\x10\xef\x73\x4c\x31\x91\xc0\x9e\xde\xde\xc4\xb2\xe1\xe4\x0c\xdd\
\x79\xb4\x38\x18\x76\xcc\xeb\x70\xee\x64\xd8\x8e\x2e\x06\xed\xb5\
\x44\x50\x8f\xec\x24\x94\x0b\x8f\x27\xb0\x3c\x76\x18\x49\x92\xa4\
\x4a\x64\xd9\x20\x49\x92\x54\x05\x52\x98\x4e\x58\x6a\xe9\x06\xe0\
\x9c\xc8\x71\xca\xd9\x76\xc2\x1f\x2d\x3f\x04\x9a\x08\x93\x13\x1f\
\x02\xcd\xdd\xaf\x8f\xbc\xf7\xd1\x91\xc0\xee\x23\x3f\x3c\x2d\x1d\
\xfa\x19\x60\x4d\xb6\x91\xe3\xaa\xdf\x9f\xd2\xbf\x25\x1c\xf5\xad\
\x47\x5f\xf7\x6f\x3d\xfe\xfd\x21\xbb\x42\x91\x70\xc6\xae\x2e\xce\
\x7c\x37\x14\x0a\x52\x2f\xad\x20\x4c\x30\x3c\x99\xc0\x2b\xb1\xc3\
\x48\x92\x24\x55\x3a\xcb\x06\x49\x92\xa4\x2a\x93\xc2\x24\xe0\x5a\
\x60\x01\xd5\xb3\xc1\x74\x6c\x07\x81\x7d\x6d\xf5\xc9\xa1\xcd\x53\
\x6a\xc6\xb4\x0e\xee\x47\xeb\xe9\x09\x2d\xa7\x27\x34\x0d\xed\xc7\
\x81\x81\x09\xfb\x07\x87\xaf\xf7\x0d\xeb\x47\x47\x1e\x3a\xf2\x09\
\x1d\x05\x8e\xbe\xce\x43\x7b\x21\x9c\x3b\xbb\xdf\x6b\x2f\x40\x5b\
\x7d\xcf\x1f\xe9\x07\x34\xa7\xe4\x0f\xa7\xe4\x0e\x43\xa1\x2d\x9c\
\xf3\x87\x53\xf2\x6d\xdd\xe7\xc3\x90\x6f\x0b\xe7\xdc\xe1\x94\x42\
\xf7\xfb\xc7\x7e\x7f\xa1\x2d\x25\xd7\xce\xc7\x17\x08\xbf\x57\x22\
\xf4\x6f\x71\xea\x40\x99\xda\x05\xfc\x2f\xf0\x2b\xe0\xa9\x24\x94\
\x7f\x92\x24\x49\xca\x88\x65\x83\x24\x49\x52\x15\x4b\xe1\x2c\xe0\
\x26\xc2\x1e\x0f\xb3\x23\xc7\x91\xa4\x93\xd5\x40\x77\xc1\x90\xc0\
\xab\xb1\xc3\x48\x92\x24\x55\xb3\xff\x03\x00\x00\xff\xff\xec\xdd\
\xdd\x8b\x55\x55\x1c\xc7\xe1\xef\xa6\x2e\xca\xb1\x88\xc2\xb1\x32\
\x75\x2c\xa7\xc2\xe8\x05\x09\xb2\x88\x34\xea\xc6\xfa\x77\x83\x2e\
\xf2\xa2\x84\x54\xb0\x88\x8a\x7c\x01\x93\x94\x32\xbb\xe8\xcd\x19\
\x34\xe8\x62\x77\xb1\xf6\x74\xf4\xcc\x9b\xd3\x9a\x66\x9d\x39\xf3\
\x3c\xb0\x58\xe7\x1c\xe6\xe2\x77\x3b\x7c\xf8\xed\x2d\x36\x00\x00\
\x90\x24\xe9\xcb\x0b\xa5\xdf\x4d\xf2\x61\x92\x93\x49\x0e\xb5\x9d\
\x08\x60\x99\x9b\x29\x9b\x0b\x1f\x25\xf9\xa4\x2b\x8f\x30\x03\x00\
\x60\x02\x88\x0d\x00\x00\xac\xa8\x4f\x5e\x4c\xf2\xc1\x70\xde\x6b\
\x3c\x0e\xb0\x73\x7d\x9a\x12\x18\x3e\xee\x92\x6f\x1a\xcf\x02\x00\
\xc0\x2a\xc4\x06\x00\x00\xd6\xd5\x27\x33\x49\xde\x4f\x09\x0f\x27\
\x93\xec\x6f\x3b\x11\x30\xc5\xae\x67\x88\x0b\x49\x4e\x75\xc9\x62\
\xe3\x79\x00\x00\xb8\x0f\x62\x03\x00\x00\x1b\xd6\x27\xf3\x49\x4e\
\x24\x39\x3e\xdc\xfb\x5a\xce\x03\x6c\x7b\xa7\x32\xda\x5e\xb8\xd0\
\x7a\x18\x00\x00\x36\x4e\x6c\x00\x00\xa0\x5a\x9f\x1c\x49\xf2\x4e\
\x92\xb7\x23\x3e\x00\xeb\x3b\x97\xf2\x78\xa4\xd3\x49\x3e\xeb\x92\
\xdb\x6d\xc7\x01\x00\xa0\x96\xd8\x00\x00\xc0\xa6\xeb\x93\x67\x33\
\xda\x7a\x38\x91\xe4\x40\xcb\x79\x80\xa6\xee\xa4\xc4\x85\xd3\xc3\
\x39\xd3\x25\x7f\xb5\x1d\x09\x00\x80\xcd\x26\x36\x00\x00\xf0\xbf\
\xeb\x93\xb9\x8c\xc2\xc3\xf1\x94\xef\xc0\x74\xba\x95\xe4\xf3\x0c\
\x71\xa1\x4b\xce\x34\x9e\x07\x00\x80\x2d\x20\x36\x00\x00\xb0\xe5\
\xfa\xe4\xe9\x94\x47\x2e\xbd\x39\xdc\xaf\xb7\x9d\x08\xa8\x70\x35\
\x65\x73\xe1\x5c\xca\xd6\xc2\x97\x8d\xe7\x01\x00\xa0\x01\xb1\x01\
\x00\x80\x89\xd0\x97\xf0\x70\x2c\xc9\x1b\xc3\x7d\xb0\xed\x44\xc0\
\x0a\x16\x93\x9c\x4f\x09\x0b\x67\x53\xe2\xc2\xaf\x6d\x47\x02\x00\
\x60\x12\x88\x0d\x00\x00\x4c\xa4\x3e\xd9\x93\xe4\xad\x94\xf0\x70\
\x2c\x65\xfb\x61\x77\xd3\xa1\x60\xe7\xb9\x9c\xd1\xd6\xc2\xd9\x2e\
\xf9\xba\xf1\x3c\x00\x00\x4c\x28\xb1\x01\x00\x80\x6d\xa3\x4f\x5e\
\xc9\xbd\xdb\x0f\x47\xda\x4e\x04\x53\xe5\x4a\xca\x23\x90\x96\xce\
\x17\x5d\x79\xff\x02\x00\x00\xac\x4b\x6c\x00\x00\x60\xdb\xea\x93\
\x5d\x49\x5e\x1b\x3b\x2f\x27\x79\xa8\xe5\x5c\xb0\x0d\x08\x0b\x00\
\x00\x6c\x2a\xb1\x01\x00\x80\xa9\xd3\x27\x2f\x65\x14\x1e\x8e\x0e\
\x9f\xf7\x34\x1d\x0a\xda\x58\x48\x72\x31\xc9\xa5\x24\xdf\x26\xf9\
\x2a\xc9\x79\x61\x01\x00\x80\xcd\x26\x36\x00\x00\xb0\x23\xf4\xc9\
\x53\xb9\x77\x03\xe2\xd5\x24\x2f\x34\x1d\x0a\x36\xcf\xcf\x29\x51\
\x61\xe9\x5c\x4a\x72\xb1\x4b\x6e\x34\x9d\x0a\x00\x80\x1d\x43\x6c\
\x00\x00\x60\xc7\xea\xcb\xe3\x96\x8e\x26\x79\x3e\xc9\x73\xc3\x7d\
\x38\xc9\x7c\x92\x47\x1a\x8e\x06\xab\xb9\x92\xb1\xa0\x90\xe4\x82\
\x4d\x05\x00\x00\x5a\x13\x1b\x00\x00\x60\x05\x7d\x79\xec\xd2\xfc\
\x70\x0e\x8f\xdd\x8f\x36\x1c\x8d\xe9\x77\x3b\xc9\xe5\x2c\xdf\x52\
\xf8\xae\xe9\x54\x00\x00\xb0\x06\xb1\x01\x00\x00\x36\xa8\x4f\x66\
\x33\x0a\x11\x4b\x1b\x11\x07\x93\xcc\x25\xd9\xdb\x6e\x32\xb6\x91\
\x3f\x93\x5c\x1b\xce\xf5\x24\xdf\x67\x14\x15\x7e\x68\x38\x17\x00\
\x00\xfc\x27\x62\x03\x00\x00\x6c\xb2\x3e\x39\x94\x64\xff\x0a\xe7\
\xc0\x70\x3f\xde\x6e\x3a\xb6\xc8\x4f\x19\x85\x84\x6b\x63\x9f\xaf\
\x76\x65\x7b\x01\x00\x00\xa6\x86\xd8\x00\x00\x00\x5b\x6c\x78\x57\
\xc4\x5c\x92\x7d\x29\x1b\x11\x4b\x31\xe2\x99\x94\x17\x59\xcf\x26\
\x79\xb2\xd5\x7c\xac\xe9\x66\xca\xcb\x98\x6f\x0c\xf7\xb2\xcf\x5d\
\xf2\x63\xbb\xf1\x00\x00\xa0\x0d\xb1\x01\x00\x00\x26\x54\x5f\x36\
\x20\x66\x87\xb3\xe7\xae\x7b\xef\x5d\xdf\x97\xce\x13\x8d\xc6\xdc\
\xce\xee\x24\xf9\x7d\x95\xf3\x5b\x4a\x58\xf8\x37\x24\x74\xe5\x33\
\x00\x00\xb0\x02\xb1\x01\x00\x00\xa6\x44\x5f\x22\xc4\x52\x78\xd8\
\x9d\x64\x66\xec\x3c\xbc\xca\xef\x33\x49\x76\x8d\x7d\x7f\x6c\x8b\
\xc7\xdf\xa8\x3f\x92\x2c\x26\x59\x18\xce\xe2\xd8\xbd\x90\xe4\xd6\
\xf0\x77\xcb\x62\x42\x97\xfc\xd2\x60\x66\x00\x00\x98\x5a\x62\x03\
\x00\x00\xb0\xa6\xbe\x44\x8a\x07\x93\x3c\x30\x76\xdf\xef\x6f\x35\
\xff\x77\xfc\x9d\xb1\xa8\xd0\x95\x8d\x04\x00\x00\x60\x82\x88\x0d\
\x00\x00\x00\x00\x00\x40\x15\xb1\x01\x00\x00\x00\x00\x00\xa8\x22\
\x36\x00\x00\x00\x00\x00\x00\x55\xc4\x06\x00\x00\x00\x00\x00\xa0\
\x8a\xd8\x00\x00\x00\x00\x00\x00\x54\x11\x1b\x00\x00\x00\x00\x00\
\x80\x2a\x62\x03\x00\x00\x00\x00\x00\x50\x45\x6c\x00\x00\x00\x00\
\x00\x00\xaa\x88\x0d\x00\x00\x00\x00\x00\x40\x15\xb1\x01\x00\x00\
\x00\x00\x00\xa8\x22\x36\x00\x00\x00\x00\x00\x00\x55\xc4\x06\x00\
\x00\x00\x00\x00\xa0\x8a\xd8\x00\x00\x00\x00\x00\x00\x54\x11\x1b\
\x00\x00\x00\x00\x00\x80\x2a\x62\x03\x00\x00\x00\x00\x00\x50\x45\
\x6c\x00\x00\x00\x00\x00\x00\xaa\x88\x0d\x00\x00\x00\x00\x00\x40\
\x15\xb1\x01\x00\x00\x00\x00\x00\xa8\x22\x36\x00\x00\x00\x00\x00\
\x00\x55\xc4\x06\x00\x00\x00\x00\x00\xa0\xca\x3f\x00\x00\x00\xff\
\xff\xec\xd9\xb1\x00\x00\x00\x00\xc0\x20\x7f\xeb\x41\xec\x2d\x8d\
\x64\x03\x00\x00\x00\x00\x00\xb0\xc8\x06\x00\x00\x00\x00\x00\x60\
\x91\x0d\x00\x00\x00\x00\x00\xc0\x22\x1b\x00\x00\x00\x00\x00\x80\
\x45\x36\x00\x00\x00\x00\x00\x00\x8b\x6c\x00\x00\x00\x00\x00\x00\
\x16\xd9\x00\x00\x00\x00\x00\x00\x2c\xb2\x01\x00\x00\x00\x00\x00\
\x58\x64\x03\x00\x00\x00\x00\x00\xb0\xc8\x06\x00\x00\x00\x00\x00\
\x60\x91\x0d\x00\x00\x00\x00\x00\xc0\x22\x1b\x00\x00\x00\x00\x00\
\x80\x45\x36\x00\x00\x00\x00\x00\x00\x8b\x6c\x00\x00\x00\x00\x00\
\x00\x16\xd9\x00\x00\x00\x00\x00\x00\x2c\xb2\x01\x00\x00\x00\x00\
\x00\x58\x64\x03\x00\x00\x00\x00\x00\xb0\xc8\x06\x00\x00\x00\x00\
\x00\x60\x91\x0d\x00\x00\x00\x00\x00\xc0\x22\x1b\x00\x00\x00\x00\
\x00\x80\x45\x36\x00\x00\x00\x00\x00\x00\x8b\x6c\x00\x00\x00\x00\
\x00\x00\x16\xd9\x00\x00\x00\x00\x00\x00\x2c\xb2\x01\x00\x00\x00\
\x00\x00\x58\x64\x03\x00\x00\x00\x00\x00\xb0\xc8\x06\x00\x00\x00\
\x00\x00\x60\x91\x0d\x00\x00\x00\x00\x00\xc0\x22\x1b\x00\x00\x00\
\x00\x00\x80\x45\x36\x00\x00\x00\x00\x00\x00\x8b\x6c\x00\x00\x00\
\x00\x00\x00\x16\xd9\x00\x00\x00\x00\x00\x00\x2c\xb2\x01\x00\x00\
\x00\x00\x00\x58\x64\x03\x00\x00\x00\x00\x00\xb0\xc8\x06\x00\x00\
\x00\x00\x00\x60\x91\x0d\x00\x00\x00\x00\x00\xc0\x22\x1b\x00\x00\
\x00\x00\x00\x80\x45\x36\x00\x00\x00\x00\x00\x00\x8b\x6c\x00\x00\
\x00\x00\x00\x00\x16\xd9\x00\x00\x00\x00\x00\x00\x2c\xb2\x01\x00\
\x00\x00\x00\x00\x58\x64\x03\x00\x00\x00\x00\x00\xb0\xc8\x06\x00\
\x00\x00\x00\x00\x60\x91\x0d\x00\x00\x00\x00\x00\xc0\x12\x00\x00\
\x00\xff\xff\xec\xd9\xb1\x00\x00\x00\x00\xc0\x20\x7f\xeb\x41\xec\
\x2d\x8d\x64\x03\x00\x00\x00\x00\x00\xb0\xc8\x06\x00\x00\x00\x00\
\x00\x60\x91\x0d\x00\x00\x00\x00\x00\xc0\x22\x1b\x00\x00\x00\x00\
\x00\x80\x45\x36\x00\x00\x00\x00\x00\x00\x8b\x6c\x00\x00\x00\x00\
\x00\x00\x16\xd9\x00\x00\x00\x00\x00\x00\x2c\xb2\x01\x00\x00\x00\
\x00\x00\x58\x64\x03\x00\x00\x00\x00\x00\xb0\xc8\x06\x00\x00\x00\
\x00\x00\x60\x91\x0d\x00\x00\x00\x00\x00\xc0\x22\x1b\x00\x00\x00\
\x00\x00\x80\x45\x36\x00\x00\x00\x00\x00\x00\x8b\x6c\x00\x00\x00\
\x00\x00\x00\x16\xd9\x00\x00\x00\x00\x00\x00\x2c\xb2\x01\x00\x00\
\x00\x00\x00\x58\x64\x03\x00\x00\x00\x00\x00\xb0\xc8\x06\x00\x00\
\x00\x00\x00\x60\x91\x0d\x00\x00\x00\x00\x00\xc0\x22\x1b\x00\x00\
\x00\x00\x00\x80\x45\x36\x00\x00\x00\x00\x00\x00\x8b\x6c\x00\x00\
\x00\x00\x00\x00\x16\xd9\x00\x00\x00\x00\x00\x00\x2c\xb2\x01\x00\
\x00\x00\x00\x00\x58\x64\x03\x00\x00\x00\x00\x00\xb0\xc8\x06\x00\
\x00\x00\x00\x00\x60\x91\x0d\x00\x00\x00\x00\x00\xc0\x22\x1b\x00\
\x00\x00\x00\x00\x80\x45\x36\x00\x00\x00\x00\x00\x00\x8b\x6c\x00\
\x00\x00\x00\x00\x00\x16\xd9\x00\x00\x00\x00\x00\x00\x2c\xb2\x01\
\x00\x00\x00\x00\x00\x58\x64\x03\x00\x00\x00\x00\x00\xb0\xc8\x06\
\x00\x00\x00\x00\x00\x60\x91\x0d\x00\x00\x00\x00\x00\xc0\x22\x1b\
\x00\x00\x00\x00\x00\x80\x45\x36\x00\x00\x00\x00\x00\x00\x8b\x6c\
\x00\x00\x00\x00\x00\x00\x16\xd9\x00\x00\x00\x00\x00\x00\x2c\xb2\
\x01\x00\x00\x00\x00\x00\x58\x64\x03\x00\x00\x00\x00\x00\xb0\xc8\
\x06\x00\x00\x00\x00\x00\x60\x09\x00\x00\xff\xff\xec\xd9\xb1\x00\
\x00\x00\x00\xc0\x20\x7f\xeb\x41\xec\x2d\x8d\x64\x03\x00\x00\x00\
\x00\x00\xb0\xc8\x06\x00\x00\x00\x00\x00\x60\x91\x0d\x00\x00\x00\
\x00\x00\xc0\x22\x1b\x00\x00\x00\x00\x00\x80\x45\x36\x00\x00\x00\
\x00\x00\x00\x8b\x6c\x00\x00\x00\x00\x00\x00\x16\xd9\x00\x00\x00\
\x00\x00\x00\x2c\xb2\x01\x00\x00\x00\x00\x00\x58\x64\x03\x00\x00\
\x00\x00\x00\xb0\xc8\x06\x00\x00\x00\x00\x00\x60\x91\x0d\x00\x00\
\x00\x00\x00\xc0\x22\x1b\x00\x00\x00\x00\x00\x80\x45\x36\x00\x00\
\x00\x00\x00\x00\x8b\x6c\x00\x00\x00\x00\x00\x00\x16\xd9\x00\x00\
\x00\x00\x00\x00\x2c\xb2\x01\x00\x00\x00\x00\x00\x58\x64\x03\x00\
\x00\x00\x00\x00\xb0\xc8\x06\x00\x00\x00\x00\x00\x60\x91\x0d\x00\
\x00\x00\x00\x00\xc0\x22\x1b\x00\x00\x00\x00\x00\x80\x45\x36\x00\
\x00\x00\x00\x00\x00\x8b\x6c\x00\x00\x00\x00\x00\x00\x16\xd9\x00\
\x00\x00\x00\x00\x00\x2c\xb2\x01\x00\x00\x00\x00\x00\x58\x64\x03\
\x00\x00\x00\x00\x00\xb0\xc8\x06\x00\x00\x00\x00\x00\x60\x91\x0d\
\x00\x00\x00\x00\x00\xc0\x22\x1b\x00\x00\x00\x00\x00\x80\x45\x36\
\x00\x00\x00\x00\x00\x00\x8b\x6c\x00\x00\x00\x00\x00\x00\x16\xd9\
\x00\x00\x00\x00\x00\x00\x2c\xb2\x01\x00\x00\x00\x00\x00\x58\x64\
\x03\x00\x00\x00\x00\x00\xb0\xc8\x06\x00\x00\x00\x00\x00\x60\x91\
\x0d\x00\x00\x00\x00\x00\xc0\x22\x1b\x00\x00\x00\x00\x00\x80\x45\
\x36\x00\x00\x00\x00\x00\x00\x8b\x6c\x00\x00\x00\x00\x00\x00\x16\
\xd9\x00\x00\x00\x00\x00\x00\x2c\xb2\x01\x00\x00\x00\x00\x00\x58\
\x64\x03\x00\x00\x00\x00\x00\xb0\xc8\x06\x00\x00\x00\x00\x00\x60\
\x09\x00\x00\xff\xff\xec\xd9\xb1\x00\x00\x00\x00\xc0\x20\x7f\xeb\
\x41\xec\x2d\x8d\x64\x03\x00\x00\x00\x00\x00\xb0\xc8\x06\x00\x00\
\x00\x00\x00\x60\x91\x0d\x00\x00\x00\x00\x00\xc0\x22\x1b\x00\x00\
\x00\x00\x00\x80\x45\x36\x00\x00\x00\x00\x00\x00\x8b\x6c\x00\x00\
\x00\x00\x00\x00\x16\xd9\x00\x00\x00\x00\x00\x00\x2c\xb2\x01\x00\
\x00\x00\x00\x00\x58\x64\x03\x00\x00\x00\x00\x00\xb0\xc8\x06\x00\
\x00\x00\x00\x00\x60\x91\x0d\x00\x00\x00\x00\x00\xc0\x22\x1b\x00\
\x00\x00\x00\x00\x80\x45\x36\x00\x00\x00\x00\x00\x00\x8b\x6c\x00\
\x00\x00\x00\x00\x00\x16\xd9\x00\x00\x00\x00\x00\x00\x2c\xb2\x01\
\x00\x00\x00\x00\x00\x58\x64\x03\x00\x00\x00\x00\x00\xb0\xc8\x06\
\x00\x00\x00\x00\x00\x60\x91\x0d\x00\x00\x00\x00\x00\xc0\x22\x1b\
\x00\x00\x00\x00\x00\x80\x45\x36\x00\x00\x00\x00\x00\x00\x8b\x6c\
\x00\x00\x00\x00\x00\x00\x16\xd9\x00\x00\x00\x00\x00\x00\x2c\xb2\
\x01\x00\x00\x00\x00\x00\x58\x64\x03\x00\x00\x00\x00\x00\xb0\xc8\
\x06\x00\x00\x00\x00\x00\x60\x91\x0d\x00\x00\x00\x00\x00\xc0\x22\
\x1b\x00\x00\x00\x00\x00\x80\x45\x36\x00\x00\x00\x00\x00\x00\x8b\
\x6c\x00\x00\x00\x00\x00\x00\x16\xd9\x00\x00\x00\x00\x00\x00\x2c\
\xb2\x01\x00\x00\x00\x00\x00\x58\x64\x03\x00\x00\x00\x00\x00\xb0\
\xc8\x06\x00\x00\x00\x00\x00\x60\x91\x0d\x00\x00\x00\x00\x00\xc0\
\x22\x1b\x00\x00\x00\x00\x00\x80\x45\x36\x00\x00\x00\x00\x00\x00\
\x8b\x6c\x00\x00\x00\x00\x00\x00\x16\xd9\x00\x00\x00\x00\x00\x00\
\x2c\xb2\x01\x00\x00\x00\x00\x00\x58\x64\x03\x00\x00\x00\x00\x00\
\xb0\xc8\x06\x00\x00\x00\x00\x00\x60\x09\x00\x00\xff\xff\xed\xd9\
\xad\x8a\x56\x51\x18\x86\xe1\xc7\x3f\x44\x44\x44\x2c\xc2\x32\x18\
\xec\xfb\xc8\xfc\x97\x61\x18\x86\x01\xc1\x60\x30\x18\x2c\x06\x83\
\xc1\x20\x88\x88\x88\x88\x88\x20\x22\x22\x22\xb2\xf1\x18\xd6\x79\
\x18\xac\x13\x5c\xfb\x75\xf3\x7d\x03\xd7\xd5\x5f\x78\x56\x5d\xb7\
\xd8\x00\x00\x00\x00\x00\x00\x94\x88\x0d\x00\x00\x00\x00\x00\x40\
\x89\xd8\x00\x00\x00\x00\x00\x00\x94\x88\x0d\x00\x00\x00\x00\x00\
\x40\x89\xd8\x00\x00\x00\x00\x00\x00\x94\x88\x0d\x00\x00\x00\x00\
\x00\x40\x89\xd8\x00\x00\x00\x00\x00\x00\x94\x88\x0d\x00\x00\x00\
\x00\x00\x40\x89\xd8\x00\x00\x00\x00\x00\x00\x94\x88\x0d\x00\x00\
\x00\x00\x00\x40\x89\xd8\x00\x00\x00\x00\x00\x00\x94\x88\x0d\x00\
\x00\x00\x00\x00\x40\x89\xd8\x00\x00\x00\x00\x00\x00\x94\x88\x0d\
\x00\x00\x00\x00\x00\x40\x89\xd8\x00\x00\x00\x00\x00\x00\x94\x88\
\x0d\x00\x00\x00\x00\x00\x40\x89\xd8\x00\x00\x00\x00\x00\x00\x94\
\x88\x0d\x00\x00\x00\x00\x00\x40\x89\xd8\x00\x00\x00\x00\x00\x00\
\x94\x88\x0d\x00\x00\x00\x00\x00\x40\x89\xd8\x00\x00\x00\x00\x00\
\x00\x94\x88\x0d\x00\x00\x00\x00\x00\x40\x89\xd8\x00\x00\x00\x00\
\x00\x00\x94\x88\x0d\x00\x00\x00\x00\x00\x40\x89\xd8\x00\x00\x00\
\x00\x00\x00\x94\x88\x0d\x00\x00\x00\x00\x00\x40\x89\xd8\x00\x00\
\x00\x00\x00\x00\x94\x88\x0d\x00\x00\x00\x00\x00\x40\x89\xd8\x00\
\x00\x00\x00\x00\x00\x94\x88\x0d\x00\x00\x00\x00\x00\x40\xc9\xb1\
\xd6\xa6\x7b\x9b\x1e\x71\x88\xcf\xbd\xcf\x9f\x46\x0e\x5a\x9b\x0e\
\x92\x9c\x58\x69\xcf\x52\x5f\x7a\x9f\x3f\x8e\x1c\xb4\x36\xed\x27\
\x39\xb5\xd2\x9e\xa5\xbe\xf6\x3e\x7f\x18\x39\x68\x6d\xda\x4b\x72\
\x7a\xa5\x3d\x4b\x7d\xeb\x7d\x7e\x3f\x72\xd0\xda\xb4\x9b\xe4\xcc\
\x4a\x7b\x96\xfa\xde\xfb\xfc\x6e\xe4\xa0\xb5\x69\x27\xc9\xd9\x95\
\xf6\x2c\xf5\xa3\xf7\xf9\xed\xc8\x41\x6b\xd3\xdd\x24\xe7\x56\xda\
\xb3\xd4\xcf\xde\xe7\x37\x23\x07\xad\x4d\xb7\x93\x9c\x5f\x69\xcf\
\x52\xbf\x7a\x9f\x5f\x8f\x1c\xb4\x36\xdd\x4c\x72\x61\xa5\x3d\x4b\
\xcd\xbd\xcf\xaf\x46\x0e\x5a\x9b\xae\x27\xb9\xb8\xd2\x9e\xa5\x7e\
\xf7\x3e\xbf\xdc\xf4\x08\x00\x00\x00\x80\x7f\x75\x32\xc9\xc1\xa6\
\x47\x1c\xe2\x7e\x92\xa1\xd8\x90\xbf\xef\xd8\xb6\xd8\xf0\x20\xc9\
\x50\x6c\x48\xb2\x9f\xed\xfb\xa4\x7f\x98\x64\x28\x36\x24\xd9\xcb\
\xf6\x7d\x6e\x3f\x4a\x32\x14\x1b\x92\xec\x66\xfb\x3e\x85\x1f\x27\
\x19\x8a\x0d\x49\x76\xb2\x7d\x9f\xa9\x4f\x92\x0c\xc5\x86\x24\x77\
\x92\x5c\x5a\x61\x4b\xc5\xd3\x24\x43\xb1\x21\xc9\xad\x24\x97\x57\
\xd8\x52\xf1\x2c\xc9\x50\x6c\x48\x72\x23\xc9\x95\xff\x3f\xa5\xe4\
\x79\x92\xa1\xd8\x90\xe4\x5a\x92\xab\x2b\x6c\xa9\x78\x91\x44\x6c\
\x00\x00\x00\x00\x8e\x8c\xe3\x9b\x1e\x00\x00\x00\x00\x00\x00\x1c\
\x6d\x62\x03\x00\x00\x00\x00\x00\x50\x22\x36\x00\x00\x00\x00\x00\
\x00\x25\x62\x03\x00\x00\x00\x00\x00\x50\x22\x36\x00\x00\x00\x00\
\x00\x00\x25\x62\x03\x00\x00\x00\x00\x00\x50\x22\x36\x00\x00\x00\
\x00\x00\x00\x25\x62\x03\x00\x00\x00\x00\x00\x50\x22\x36\x00\x00\
\x00\x00\x00\x00\x25\x62\x03\x00\x00\x00\x00\x00\x50\x22\x36\x00\
\x00\x00\x00\x00\x00\x25\x7f\x00\xb9\x48\x92\xa4\x68\xc8\x1a\x21\
\x00\x00\x00\x00\x49\x45\x4e\x44\xae\x42\x60\x82\
"

qt_resource_name = b"\
\x00\x04\
\x00\x07\x35\xdf\
\x00\x6c\
\x00\x6f\x00\x67\x00\x6f\
\x00\x0d\
\x06\x8a\xf7\xe7\
\x00\x70\
\x00\x72\x00\x6f\x00\x66\x00\x69\x00\x74\x00\x72\x00\x6f\x00\x6e\x00\x2e\x00\x70\x00\x6e\x00\x67\
"

qt_resource_struct_v1 = b"\
\x00\x00\x00\x00\x00\x02\x00\x00\x00\x01\x00\x00\x00\x01\
\x00\x00\x00\x00\x00\x02\x00\x00\x00\x01\x00\x00\x00\x02\
\x00\x00\x00\x0e\x00\x00\x00\x00\x00\x01\x00\x00\x00\x00\
"

qt_resource_struct_v2 = b"\
\x00\x00\x00\x00\x00\x02\x00\x00\x00\x01\x00\x00\x00\x01\
\x00\x00\x00\x00\x00\x00\x00\x00\
\x00\x00\x00\x00\x00\x02\x00\x00\x00\x01\x00\x00\x00\x02\
\x00\x00\x00\x00\x00\x00\x00\x00\
\x00\x00\x00\x0e\x00\x00\x00\x00\x00\x01\x00\x00\x00\x00\
\x00\x00\x01\x96\x26\xcb\xb2\xb4\
"

qt_version = [int(v) for v in QtCore.qVersion().split('.')]
if qt_version < [5, 8, 0]:
    rcc_version = 1
    qt_resource_struct = qt_resource_struct_v1
else:
    rcc_version = 2
    qt_resource_struct = qt_resource_struct_v2

def qInitResources():
    QtCore.qRegisterResourceData(rcc_version, qt_resource_struct, qt_resource_name, qt_resource_data)

def qCleanupResources():
    QtCore.qUnregisterResourceData(rcc_version, qt_resource_struct, qt_resource_name, qt_resource_data)

qInitResources()
